;ACC04;MGLU3;1;9377;9377;9377;17.68;165785.36;165785.36;165785.36;
;ACC06;MGLU3;1;6336;6336;6336;10.83;68618.88;68618.88;68618.88;
;ACC01;ITUB4;2;9073;9073;9073;18.52;168031.96;168031.96;168031.96;
;ACC08;ITUB4;1;7662;7662;7662;19.89;152397.18;152397.18;152397.18;
;ACC02;WEGE3;1;8170;8170;8170;15.96;130393.20;130393.20;130393.20;
;ACC07;MGLU3;1;3593;3593;3593;15.79;56733.47;56733.47;56733.47;
;ACC08;MGLU3;2;1507;1507;1507;12.85;19364.95;19364.95;19364.95;
;ACC10;B3SA3;2;2403;2403;2403;19.20;46137.60;46137.60;46137.60;
;ACC02;WEGE3;2;5241;5241;5241;10.01;52462.41;52462.41;52462.41;
;ACC09;WEGE3;2;6394;6394;6394;16.37;104669.78;104669.78;104669.78;
;ACC10;ITUB4;1;5970;5970;5970;18.51;110504.70;110504.70;110504.70;
;ACC07;WEGE3;2;1181;1181;1181;18.95;22379.95;22379.95;22379.95;
;ACC08;WEGE3;1;2606;2606;2606;19.03;49592.18;49592.18;49592.18;
;ACC10;PETR4;1;5111;5111;5111;17.90;91486.90;91486.90;91486.90;
;ACC03;ABEV3;2;8077;8077;8077;17.51;141428.27;141428.27;141428.27;
;ACC05;WEGE3;2;5907;5907;5907;12.44;73483.08;73483.08;73483.08;
;ACC07;BBDC4;1;5923;5923;5923;19.82;117393.86;117393.86;117393.86;
;ACC01;BBAS3;1;5210;5210;5210;13.71;71429.10;71429.10;71429.10;
;ACC05;VALE3;1;8714;8714;8714;12.95;112846.30;112846.30;112846.30;
;ACC06;BBAS3;2;5029;5029;5029;16.88;84889.52;84889.52;84889.52;
;ACC07;WEGE3;2;6228;6228;6228;17.17;106934.76;106934.76;106934.76;
;ACC05;WEGE3;2;8489;8489;8489;13.80;117148.20;117148.20;117148.20;
;ACC07;VALE3;1;9317;9317;9317;17.78;165656.26;165656.26;165656.26;
;ACC03;MGLU3;2;6613;6613;6613;12.87;85109.31;85109.31;85109.31;
;ACC06;PETR4;2;9442;9442;9442;15.54;146728.68;146728.68;146728.68;
;ACC03;ABEV3;2;1070;1070;1070;11.31;12101.70;12101.70;12101.70;
;ACC10;VALE3;1;7378;7378;7378;14.77;108973.06;108973.06;108973.06;
;ACC05;BBAS3;1;8301;8301;8301;18.86;156556.86;156556.86;156556.86;
;ACC01;PETR4;2;6146;6146;6146;18.22;111980.12;111980.12;111980.12;
;ACC05;VALE3;1;7282;7282;7282;14.49;105516.18;105516.18;105516.18;
;ACC08;ITUB4;2;6592;6592;6592;12.27;80883.84;80883.84;80883.84;
;ACC08;MGLU3;1;5880;5880;5880;17.24;101371.20;101371.20;101371.20;
;ACC10;WEGE3;2;5685;5685;5685;15.63;88856.55;88856.55;88856.55;
;ACC10;BBAS3;1;5178;5178;5178;10.49;54317.22;54317.22;54317.22;
;ACC01;PETR4;2;3427;3427;3427;16.14;55311.78;55311.78;55311.78;
;ACC10;BBDC4;2;1038;1038;1038;15.67;16265.46;16265.46;16265.46;
;ACC10;ABEV3;2;8660;8660;8660;18.00;155880.00;155880.00;155880.00;
;ACC02;WEGE3;2;4195;4195;4195;16.51;69259.45;69259.45;69259.45;
;ACC08;BBDC4;1;3860;3860;3860;18.66;72027.60;72027.60;72027.60;
;ACC10;PETR4;2;3855;3855;3855;10.04;38704.20;38704.20;38704.20;
;ACC07;BBAS3;1;2403;2403;2403;11.99;28811.97;28811.97;28811.97;
;ACC09;LREN3;1;9169;9169;9169;17.35;159082.15;159082.15;159082.15;
;ACC03;B3SA3;2;9504;9504;9504;14.29;135812.16;135812.16;135812.16;
;ACC05;ABEV3;2;1018;1018;1018;14.47;14730.46;14730.46;14730.46;
;ACC03;VALE3;1;8670;8670;8670;10.79;93549.30;93549.30;93549.30;
;ACC05;VALE3;2;9898;9898;9898;11.50;113827.00;113827.00;113827.00;
;ACC08;BBDC4;2;8091;8091;8091;16.22;131236.02;131236.02;131236.02;
;ACC05;WEGE3;2;8949;8949;8949;15.28;136740.72;136740.72;136740.72;
;ACC09;WEGE3;2;7956;7956;7956;18.26;145276.56;145276.56;145276.56;
;ACC03;ABEV3;1;4473;4473;4473;11.80;52781.40;52781.40;52781.40;
;ACC09;B3SA3;1;5008;5008;5008;17.06;85436.48;85436.48;85436.48;
;ACC08;VALE3;1;1676;1676;1676;10.67;17882.92;17882.92;17882.92;
;ACC06;BBDC4;1;3294;3294;3294;12.47;41076.18;41076.18;41076.18;
;ACC04;VALE3;1;7470;7470;7470;18.36;137149.20;137149.20;137149.20;
;ACC10;LREN3;1;4750;4750;4750;18.08;85880.00;85880.00;85880.00;
;ACC07;BBAS3;2;1551;1551;1551;16.72;25932.72;25932.72;25932.72;
;ACC01;LREN3;2;7227;7227;7227;12.55;90698.85;90698.85;90698.85;
;ACC10;PETR4;1;4914;4914;4914;19.37;95184.18;95184.18;95184.18;
;ACC03;MGLU3;2;4345;4345;4345;11.79;51227.55;51227.55;51227.55;
;ACC03;BBDC4;1;7949;7949;7949;13.02;103495.98;103495.98;103495.98;
;ACC07;WEGE3;2;7939;7939;7939;15.39;122181.21;122181.21;122181.21;
;ACC07;MGLU3;2;9239;9239;9239;19.70;182008.30;182008.30;182008.30;
;ACC02;LREN3;2;4188;4188;4188;18.25;76431.00;76431.00;76431.00;
;ACC01;PETR4;2;9445;9445;9445;14.63;138180.35;138180.35;138180.35;
;ACC05;VALE3;2;4534;4534;4534;19.03;86282.02;86282.02;86282.02;
;ACC07;LREN3;1;1158;1158;1158;12.04;13942.32;13942.32;13942.32;
;ACC03;ITUB4;1;9607;9607;9607;10.62;102026.34;102026.34;102026.34;
;ACC10;PETR4;2;2859;2859;2859;18.84;53863.56;53863.56;53863.56;
;ACC06;MGLU3;2;6233;6233;6233;16.72;104215.76;104215.76;104215.76;
;ACC05;MGLU3;2;7553;7553;7553;13.79;104155.87;104155.87;104155.87;
;ACC05;BBDC4;2;3641;3641;3641;17.35;63171.35;63171.35;63171.35;
;ACC05;LREN3;2;4264;4264;4264;18.64;79480.96;79480.96;79480.96;
;ACC02;BBAS3;1;5285;5285;5285;15.85;83767.25;83767.25;83767.25;
;ACC08;B3SA3;2;4248;4248;4248;16.86;71621.28;71621.28;71621.28;
;ACC03;MGLU3;1;8300;8300;8300;15.84;131472.00;131472.00;131472.00;
;ACC07;PETR4;1;7738;7738;7738;16.17;125123.46;125123.46;125123.46;
;ACC05;ITUB4;1;2275;2275;2275;17.90;40722.50;40722.50;40722.50;
;ACC08;PETR4;1;2425;2425;2425;11.22;27208.50;27208.50;27208.50;
;ACC04;VALE3;1;2344;2344;2344;15.56;36472.64;36472.64;36472.64;
;ACC04;BBDC4;2;9076;9076;9076;16.71;151659.96;151659.96;151659.96;
;ACC10;BBDC4;2;2855;2855;2855;17.94;51218.70;51218.70;51218.70;
;ACC06;WEGE3;2;4375;4375;4375;15.83;69256.25;69256.25;69256.25;
;ACC03;WEGE3;1;2430;2430;2430;10.27;24956.10;24956.10;24956.10;
;ACC10;BBDC4;2;4383;4383;4383;13.86;60748.38;60748.38;60748.38;
;ACC10;BBAS3;1;2384;2384;2384;12.26;29227.84;29227.84;29227.84;
;ACC04;ABEV3;1;1165;1165;1165;19.85;23125.25;23125.25;23125.25;
;ACC08;VALE3;2;5434;5434;5434;11.85;64392.90;64392.90;64392.90;
;ACC06;PETR4;2;7877;7877;7877;10.96;86331.92;86331.92;86331.92;
;ACC05;LREN3;2;1905;1905;1905;13.78;26250.90;26250.90;26250.90;
;ACC03;BBDC4;2;7443;7443;7443;17.57;130773.51;130773.51;130773.51;
;ACC09;BBAS3;2;1068;1068;1068;19.82;21167.76;21167.76;21167.76;
;ACC05;LREN3;2;2638;2638;2638;19.78;52179.64;52179.64;52179.64;
;ACC10;BBAS3;1;3904;3904;3904;10.74;41928.96;41928.96;41928.96;
;ACC07;MGLU3;1;3214;3214;3214;13.47;43292.58;43292.58;43292.58;
;ACC02;ITUB4;2;4261;4261;4261;15.21;64809.81;64809.81;64809.81;
;ACC08;B3SA3;2;7732;7732;7732;11.23;86830.36;86830.36;86830.36;
;ACC01;B3SA3;1;7656;7656;7656;12.75;97614.00;97614.00;97614.00;
;ACC09;ITUB4;1;5086;5086;5086;10.52;53504.72;53504.72;53504.72;
;ACC05;WEGE3;1;5826;5826;5826;18.84;109761.84;109761.84;109761.84;
;ACC07;VALE3;1;6114;6114;6114;11.07;67681.98;67681.98;67681.98;
;ACC05;VALE3;1;8988;8988;8988;10.04;90239.52;90239.52;90239.52;
;ACC09;BBAS3;1;3239;3239;3239;15.62;50593.18;50593.18;50593.18;
;ACC08;BBAS3;1;6371;6371;6371;19.00;121049.00;121049.00;121049.00;
;ACC01;PETR4;1;7289;7289;7289;10.85;79085.65;79085.65;79085.65;
;ACC05;MGLU3;2;2367;2367;2367;14.39;34061.13;34061.13;34061.13;
;ACC08;VALE3;2;4521;4521;4521;12.19;55110.99;55110.99;55110.99;
;ACC10;WEGE3;1;7835;7835;7835;14.39;112745.65;112745.65;112745.65;
;ACC10;WEGE3;1;6275;6275;6275;11.56;72539.00;72539.00;72539.00;
;ACC01;VALE3;1;7180;7180;7180;10.62;76251.60;76251.60;76251.60;
;ACC06;BBAS3;1;2137;2137;2137;11.44;24447.28;24447.28;24447.28;
;ACC03;WEGE3;1;3884;3884;3884;18.65;72436.60;72436.60;72436.60;
;ACC06;BBDC4;1;2529;2529;2529;10.38;26251.02;26251.02;26251.02;
;ACC08;MGLU3;2;3190;3190;3190;13.28;42363.20;42363.20;42363.20;
;ACC10;BBAS3;1;7860;7860;7860;15.40;121044.00;121044.00;121044.00;
;ACC02;PETR4;2;5806;5806;5806;15.57;90399.42;90399.42;90399.42;
;ACC04;BBAS3;2;2704;2704;2704;13.07;35341.28;35341.28;35341.28;
;ACC06;ITUB4;1;1398;1398;1398;13.41;18747.18;18747.18;18747.18;
;ACC01;WEGE3;1;2103;2103;2103;16.75;35225.25;35225.25;35225.25;
;ACC09;ABEV3;1;9797;9797;9797;16.71;163707.87;163707.87;163707.87;
;ACC04;BBDC4;2;5715;5715;5715;10.38;59321.70;59321.70;59321.70;
;ACC10;ITUB4;1;8108;8108;8108;19.88;161187.04;161187.04;161187.04;
;ACC06;ABEV3;2;6722;6722;6722;18.42;123819.24;123819.24;123819.24;
;ACC04;VALE3;2;7948;7948;7948;16.44;130665.12;130665.12;130665.12;
;ACC07;B3SA3;2;8905;8905;8905;14.20;126451.00;126451.00;126451.00;
;ACC05;BBDC4;1;3104;3104;3104;10.87;33740.48;33740.48;33740.48;
;ACC10;MGLU3;2;8922;8922;8922;14.11;125889.42;125889.42;125889.42;
;ACC10;BBDC4;2;1175;1175;1175;12.55;14746.25;14746.25;14746.25;
;ACC10;MGLU3;2;8905;8905;8905;15.34;136602.70;136602.70;136602.70;
;ACC09;ABEV3;2;4665;4665;4665;10.21;47629.65;47629.65;47629.65;
;ACC01;B3SA3;1;3480;3480;3480;15.23;53000.40;53000.40;53000.40;
;ACC01;ITUB4;1;1229;1229;1229;12.22;15018.38;15018.38;15018.38;
;ACC04;LREN3;1;9736;9736;9736;14.91;145163.76;145163.76;145163.76;
;ACC09;MGLU3;2;6169;6169;6169;19.73;121714.37;121714.37;121714.37;
;ACC08;ITUB4;1;4975;4975;4975;19.81;98554.75;98554.75;98554.75;
;ACC02;B3SA3;2;2927;2927;2927;14.25;41709.75;41709.75;41709.75;
;ACC10;B3SA3;2;7387;7387;7387;18.08;133556.96;133556.96;133556.96;
;ACC09;MGLU3;2;2627;2627;2627;16.46;43240.42;43240.42;43240.42;
;ACC06;ABEV3;2;2315;2315;2315;19.81;45860.15;45860.15;45860.15;
;ACC04;LREN3;2;8672;8672;8672;17.06;147944.32;147944.32;147944.32;
;ACC07;B3SA3;1;7504;7504;7504;10.75;80668.00;80668.00;80668.00;
;ACC07;B3SA3;1;2954;2954;2954;11.22;33143.88;33143.88;33143.88;
;ACC09;PETR4;1;8396;8396;8396;17.03;142983.88;142983.88;142983.88;
;ACC04;VALE3;2;9409;9409;9409;10.60;99735.40;99735.40;99735.40;
;ACC08;ITUB4;1;4360;4360;4360;18.25;79570.00;79570.00;79570.00;
;ACC09;B3SA3;2;1167;1167;1167;17.63;20574.21;20574.21;20574.21;
;ACC07;VALE3;2;2792;2792;2792;15.73;43918.16;43918.16;43918.16;
;ACC08;B3SA3;2;1569;1569;1569;18.12;28430.28;28430.28;28430.28;
;ACC02;PETR4;1;4159;4159;4159;14.89;61927.51;61927.51;61927.51;
;ACC05;ITUB4;1;3430;3430;3430;10.42;35740.60;35740.60;35740.60;
;ACC09;MGLU3;1;3376;3376;3376;11.73;39600.48;39600.48;39600.48;
;ACC04;LREN3;1;1334;1334;1334;10.51;14020.34;14020.34;14020.34;
;ACC01;BBDC4;1;1892;1892;1892;15.90;30082.80;30082.80;30082.80;
;ACC04;ITUB4;1;7109;7109;7109;11.69;83104.21;83104.21;83104.21;
;ACC01;WEGE3;2;3794;3794;3794;16.03;60817.82;60817.82;60817.82;
;ACC09;ABEV3;1;8419;8419;8419;10.43;87810.17;87810.17;87810.17;
;ACC02;PETR4;1;9277;9277;9277;18.11;168006.47;168006.47;168006.47;
;ACC01;ABEV3;1;9738;9738;9738;10.30;100301.40;100301.40;100301.40;
;ACC04;B3SA3;1;6893;6893;6893;13.35;92021.55;92021.55;92021.55;
;ACC10;LREN3;2;9431;9431;9431;12.26;115624.06;115624.06;115624.06;
;ACC08;PETR4;2;1681;1681;1681;13.96;23466.76;23466.76;23466.76;
;ACC07;MGLU3;1;8257;8257;8257;13.57;112047.49;112047.49;112047.49;
;ACC10;BBDC4;1;7067;7067;7067;17.23;121764.41;121764.41;121764.41;
;ACC08;ITUB4;2;8175;8175;8175;16.77;137094.75;137094.75;137094.75;
;ACC06;WEGE3;2;4474;4474;4474;18.77;83976.98;83976.98;83976.98;
;ACC05;WEGE3;2;7494;7494;7494;11.39;85356.66;85356.66;85356.66;
;ACC08;BBAS3;2;7880;7880;7880;17.44;137427.20;137427.20;137427.20;
;ACC03;BBDC4;2;4832;4832;4832;17.80;86009.60;86009.60;86009.60;
;ACC02;ABEV3;2;9466;9466;9466;15.06;142557.96;142557.96;142557.96;
;ACC05;WEGE3;1;9829;9829;9829;11.46;112640.34;112640.34;112640.34;
;ACC10;PETR4;2;3312;3312;3312;11.02;36498.24;36498.24;36498.24;
;ACC06;B3SA3;2;9252;9252;9252;14.33;132581.16;132581.16;132581.16;
;ACC08;LREN3;2;8450;8450;8450;18.20;153790.00;153790.00;153790.00;
;ACC01;VALE3;2;1435;1435;1435;12.15;17435.25;17435.25;17435.25;
;ACC04;ITUB4;2;9933;9933;9933;14.55;144525.15;144525.15;144525.15;
;ACC05;VALE3;1;1359;1359;1359;11.64;15818.76;15818.76;15818.76;
;ACC06;BBAS3;1;7962;7962;7962;15.48;123251.76;123251.76;123251.76;
;ACC09;B3SA3;2;4248;4248;4248;15.94;67713.12;67713.12;67713.12;
;ACC07;B3SA3;1;1967;1967;1967;14.33;28187.11;28187.11;28187.11;
;ACC04;BBAS3;2;1861;1861;1861;12.60;23448.60;23448.60;23448.60;
;ACC07;BBAS3;1;4954;4954;4954;10.02;49639.08;49639.08;49639.08;
;ACC08;ABEV3;1;9684;9684;9684;17.43;168792.12;168792.12;168792.12;
;ACC06;WEGE3;2;9982;9982;9982;19.37;193351.34;193351.34;193351.34;
;ACC10;LREN3;1;5347;5347;5347;18.06;96566.82;96566.82;96566.82;
;ACC05;PETR4;2;1167;1167;1167;10.14;11833.38;11833.38;11833.38;
;ACC01;MGLU3;2;2018;2018;2018;11.80;23812.40;23812.40;23812.40;
;ACC10;WEGE3;2;9971;9971;9971;12.82;127828.22;127828.22;127828.22;
;ACC03;PETR4;1;7175;7175;7175;16.36;117383.00;117383.00;117383.00;
;ACC08;MGLU3;1;7410;7410;7410;14.27;105740.70;105740.70;105740.70;
;ACC09;VALE3;2;2038;2038;2038;13.12;26738.56;26738.56;26738.56;
;ACC01;BBAS3;2;1428;1428;1428;15.46;22076.88;22076.88;22076.88;
;ACC06;WEGE3;1;9966;9966;9966;16.74;166830.84;166830.84;166830.84;
;ACC09;ABEV3;1;6212;6212;6212;19.29;119829.48;119829.48;119829.48;
;ACC07;PETR4;1;7398;7398;7398;11.21;82931.58;82931.58;82931.58;
;ACC05;VALE3;1;2125;2125;2125;14.44;30685.00;30685.00;30685.00;
;ACC05;WEGE3;1;1457;1457;1457;12.37;18023.09;18023.09;18023.09;
;ACC01;BBAS3;1;1484;1484;1484;19.90;29531.60;29531.60;29531.60;
;ACC02;MGLU3;2;4912;4912;4912;14.61;71764.32;71764.32;71764.32;
;ACC07;LREN3;2;8019;8019;8019;15.12;121247.28;121247.28;121247.28;
;ACC01;B3SA3;2;5668;5668;5668;13.13;74420.84;74420.84;74420.84;
;ACC01;VALE3;2;9881;9881;9881;18.03;178154.43;178154.43;178154.43;
;ACC10;B3SA3;2;6916;6916;6916;12.04;83268.64;83268.64;83268.64;
;ACC01;VALE3;2;9295;9295;9295;18.51;172050.45;172050.45;172050.45;
;ACC09;BBDC4;2;6478;6478;6478;15.90;103000.20;103000.20;103000.20;
;ACC01;VALE3;2;7546;7546;7546;16.96;127980.16;127980.16;127980.16;
;ACC08;BBAS3;1;4659;4659;4659;17.20;80134.80;80134.80;80134.80;
;ACC03;BBAS3;1;8555;8555;8555;18.46;157925.30;157925.30;157925.30;
;ACC08;MGLU3;1;6417;6417;6417;13.00;83421.00;83421.00;83421.00;
;ACC08;BBAS3;1;6036;6036;6036;18.88;113959.68;113959.68;113959.68;
;ACC03;ABEV3;2;7058;7058;7058;13.08;92318.64;92318.64;92318.64;
;ACC02;BBAS3;2;5430;5430;5430;19.62;106536.60;106536.60;106536.60;
;ACC09;VALE3;1;7272;7272;7272;13.41;97517.52;97517.52;97517.52;
;ACC08;MGLU3;1;3410;3410;3410;17.70;60357.00;60357.00;60357.00;
;ACC05;ABEV3;1;2602;2602;2602;18.16;47252.32;47252.32;47252.32;
;ACC02;PETR4;1;5288;5288;5288;13.12;69378.56;69378.56;69378.56;
;ACC03;MGLU3;2;7120;7120;7120;19.41;138199.20;138199.20;138199.20;
;ACC03;B3SA3;1;1440;1440;1440;12.95;18648.00;18648.00;18648.00;
;ACC04;WEGE3;1;2583;2583;2583;18.96;48973.68;48973.68;48973.68;
;ACC03;LREN3;2;3961;3961;3961;17.80;70505.80;70505.80;70505.80;
;ACC09;ITUB4;1;2796;2796;2796;11.88;33216.48;33216.48;33216.48;
;ACC09;VALE3;2;5018;5018;5018;11.65;58459.70;58459.70;58459.70;
;ACC05;ITUB4;1;3122;3122;3122;17.19;53667.18;53667.18;53667.18;
;ACC08;ABEV3;2;9126;9126;9126;13.82;126121.32;126121.32;126121.32;
;ACC10;BBDC4;1;4375;4375;4375;10.02;43837.50;43837.50;43837.50;
;ACC04;B3SA3;2;3318;3318;3318;19.44;64501.92;64501.92;64501.92;
;ACC01;BBAS3;1;7092;7092;7092;18.26;129499.92;129499.92;129499.92;
;ACC06;MGLU3;2;5777;5777;5777;15.82;91392.14;91392.14;91392.14;
;ACC06;MGLU3;1;7271;7271;7271;14.12;102666.52;102666.52;102666.52;
;ACC03;ITUB4;1;8953;8953;8953;10.60;94901.80;94901.80;94901.80;
;ACC03;VALE3;2;7415;7415;7415;19.40;143851.00;143851.00;143851.00;
;ACC01;MGLU3;1;4318;4318;4318;12.56;54234.08;54234.08;54234.08;
;ACC04;VALE3;2;9911;9911;9911;11.03;109318.33;109318.33;109318.33;
;ACC02;PETR4;2;2374;2374;2374;17.88;42447.12;42447.12;42447.12;
;ACC05;VALE3;2;8906;8906;8906;19.30;171885.80;171885.80;171885.80;
;ACC09;PETR4;2;5322;5322;5322;13.23;70410.06;70410.06;70410.06;
;ACC10;BBAS3;1;6248;6248;6248;11.72;73226.56;73226.56;73226.56;
;ACC05;WEGE3;2;3824;3824;3824;18.27;69864.48;69864.48;69864.48;
;ACC01;BBAS3;1;6504;6504;6504;12.56;81690.24;81690.24;81690.24;
;ACC05;PETR4;2;3956;3956;3956;12.54;49608.24;49608.24;49608.24;
;ACC02;LREN3;2;2636;2636;2636;19.38;51085.68;51085.68;51085.68;
;ACC01;ITUB4;1;4457;4457;4457;10.21;45505.97;45505.97;45505.97;
;ACC03;BBDC4;1;9886;9886;9886;16.93;167369.98;167369.98;167369.98;
;ACC04;WEGE3;1;6951;6951;6951;17.88;124283.88;124283.88;124283.88;
;ACC05;MGLU3;2;5839;5839;5839;10.71;62535.69;62535.69;62535.69;
;ACC10;BBDC4;1;8860;8860;8860;17.31;153366.60;153366.60;153366.60;
;ACC04;BBAS3;2;6768;6768;6768;16.80;113702.40;113702.40;113702.40;
;ACC09;B3SA3;2;9463;9463;9463;10.71;101348.73;101348.73;101348.73;
;ACC08;MGLU3;1;6012;6012;6012;15.86;95350.32;95350.32;95350.32;
;ACC07;BBDC4;2;4373;4373;4373;16.83;73597.59;73597.59;73597.59;
;ACC08;ITUB4;2;5846;5846;5846;15.78;92249.88;92249.88;92249.88;
;ACC08;ITUB4;2;4160;4160;4160;13.67;56867.20;56867.20;56867.20;
;ACC05;WEGE3;2;2856;2856;2856;10.41;29730.96;29730.96;29730.96;
;ACC09;PETR4;2;6537;6537;6537;18.17;118777.29;118777.29;118777.29;
;ACC03;MGLU3;1;3024;3024;3024;16.33;49381.92;49381.92;49381.92;
;ACC01;MGLU3;1;6030;6030;6030;19.34;116620.20;116620.20;116620.20;
;ACC06;ABEV3;2;1733;1733;1733;14.35;24868.55;24868.55;24868.55;
;ACC01;BBDC4;2;1544;1544;1544;11.22;17323.68;17323.68;17323.68;
;ACC06;PETR4;1;9235;9235;9235;16.84;155517.40;155517.40;155517.40;
;ACC02;VALE3;2;1622;1622;1622;12.81;20777.82;20777.82;20777.82;
;ACC06;ITUB4;1;9670;9670;9670;17.13;165647.10;165647.10;165647.10;
;ACC10;PETR4;2;3639;3639;3639;10.80;39301.20;39301.20;39301.20;
;ACC04;ITUB4;1;4398;4398;4398;10.59;46574.82;46574.82;46574.82;
;ACC09;BBAS3;2;4955;4955;4955;18.05;89437.75;89437.75;89437.75;
;ACC01;PETR4;2;4827;4827;4827;17.67;85293.09;85293.09;85293.09;
;ACC10;WEGE3;1;6819;6819;6819;15.73;107262.87;107262.87;107262.87;
;ACC02;WEGE3;2;8742;8742;8742;17.54;153334.68;153334.68;153334.68;
;ACC07;BBDC4;1;7196;7196;7196;17.98;129384.08;129384.08;129384.08;
;ACC06;ABEV3;1;6425;6425;6425;14.43;92712.75;92712.75;92712.75;
;ACC01;B3SA3;1;3639;3639;3639;17.36;63173.04;63173.04;63173.04;
;ACC03;LREN3;2;8042;8042;8042;16.75;134703.50;134703.50;134703.50;
;ACC07;LREN3;1;1130;1130;1130;16.95;19153.50;19153.50;19153.50;
;ACC06;BBDC4;1;9721;9721;9721;11.83;114999.43;114999.43;114999.43;
;ACC10;BBAS3;1;5263;5263;5263;17.45;91839.35;91839.35;91839.35;
;ACC07;B3SA3;2;7004;7004;7004;13.02;91192.08;91192.08;91192.08;
;ACC05;BBDC4;2;1686;1686;1686;12.97;21867.42;21867.42;21867.42;
;ACC01;BBAS3;1;7986;7986;7986;17.38;138796.68;138796.68;138796.68;
;ACC05;PETR4;2;8822;8822;8822;11.33;99953.26;99953.26;99953.26;
;ACC05;VALE3;1;2396;2396;2396;17.59;42145.64;42145.64;42145.64;
;ACC01;BBDC4;1;2689;2689;2689;12.26;32967.14;32967.14;32967.14;
;ACC02;BBDC4;1;3099;3099;3099;13.33;41309.67;41309.67;41309.67;
;ACC05;BBDC4;2;9385;9385;9385;13.26;124445.10;124445.10;124445.10;
;ACC05;LREN3;1;2306;2306;2306;16.96;39109.76;39109.76;39109.76;
;ACC04;LREN3;2;3157;3157;3157;11.65;36779.05;36779.05;36779.05;
;ACC08;PETR4;2;6154;6154;6154;10.21;62832.34;62832.34;62832.34;
;ACC09;BBDC4;2;2087;2087;2087;15.05;31409.35;31409.35;31409.35;
;ACC03;PETR4;2;9288;9288;9288;10.72;99567.36;99567.36;99567.36;
;ACC09;BBDC4;1;2472;2472;2472;18.99;46943.28;46943.28;46943.28;
;ACC10;VALE3;2;3963;3963;3963;17.69;70105.47;70105.47;70105.47;
;ACC03;BBDC4;2;4209;4209;4209;18.91;79592.19;79592.19;79592.19;
;ACC02;VALE3;2;8218;8218;8218;14.24;117024.32;117024.32;117024.32;
;ACC03;ABEV3;2;1640;1640;1640;12.95;21238.00;21238.00;21238.00;
;ACC06;BBDC4;1;2343;2343;2343;14.71;34465.53;34465.53;34465.53;
;ACC03;B3SA3;2;3651;3651;3651;14.00;51114.00;51114.00;51114.00;
;ACC10;LREN3;2;4531;4531;4531;13.94;63162.14;63162.14;63162.14;
;ACC04;BBDC4;1;8680;8680;8680;10.94;94959.20;94959.20;94959.20;
;ACC09;PETR4;1;4290;4290;4290;11.94;51222.60;51222.60;51222.60;
;ACC02;LREN3;1;4413;4413;4413;16.64;73432.32;73432.32;73432.32;
;ACC09;LREN3;2;3996;3996;3996;15.48;61858.08;61858.08;61858.08;
;ACC01;BBAS3;2;5202;5202;5202;14.75;76729.50;76729.50;76729.50;
;ACC07;WEGE3;1;7959;7959;7959;19.99;159100.41;159100.41;159100.41;
;ACC01;MGLU3;1;1595;1595;1595;12.59;20081.05;20081.05;20081.05;
;ACC04;BBAS3;1;2824;2824;2824;19.26;54390.24;54390.24;54390.24;
;ACC10;ABEV3;1;4707;4707;4707;18.06;85008.42;85008.42;85008.42;
;ACC08;PETR4;1;7067;7067;7067;19.30;136393.10;136393.10;136393.10;
;ACC08;BBAS3;2;3794;3794;3794;11.04;41885.76;41885.76;41885.76;
;ACC07;VALE3;2;2387;2387;2387;14.14;33752.18;33752.18;33752.18;
;ACC01;BBDC4;1;9801;9801;9801;19.56;191707.56;191707.56;191707.56;
;ACC05;ITUB4;2;7162;7162;7162;17.78;127340.36;127340.36;127340.36;
;ACC03;BBDC4;1;7811;7811;7811;15.81;123491.91;123491.91;123491.91;
;ACC05;VALE3;2;1357;1357;1357;18.19;24683.83;24683.83;24683.83;
;ACC05;ABEV3;2;7908;7908;7908;18.42;145665.36;145665.36;145665.36;
;ACC07;ITUB4;2;8968;8968;8968;17.43;156312.24;156312.24;156312.24;
;ACC07;B3SA3;2;1123;1123;1123;14.23;15980.29;15980.29;15980.29;
;ACC01;BBAS3;1;7764;7764;7764;18.43;143090.52;143090.52;143090.52;
;ACC01;WEGE3;2;3838;3838;3838;13.10;50277.80;50277.80;50277.80;
;ACC02;ABEV3;1;1240;1240;1240;17.27;21414.80;21414.80;21414.80;
;ACC06;ABEV3;1;7073;7073;7073;13.07;92444.11;92444.11;92444.11;
;ACC09;MGLU3;2;1783;1783;1783;16.26;28991.58;28991.58;28991.58;
;ACC02;ITUB4;1;1249;1249;1249;11.52;14388.48;14388.48;14388.48;
;ACC03;B3SA3;1;5844;5844;5844;17.18;100399.92;100399.92;100399.92;
;ACC02;WEGE3;1;5757;5757;5757;15.24;87736.68;87736.68;87736.68;
;ACC08;MGLU3;2;6454;6454;6454;12.46;80416.84;80416.84;80416.84;
;ACC09;BBAS3;2;1340;1340;1340;15.39;20622.60;20622.60;20622.60;
;ACC05;BBAS3;1;2743;2743;2743;19.05;52254.15;52254.15;52254.15;
;ACC07;LREN3;2;8467;8467;8467;17.54;148511.18;148511.18;148511.18;
;ACC03;LREN3;1;4030;4030;4030;19.37;78061.10;78061.10;78061.10;
;ACC10;B3SA3;2;1380;1380;1380;14.74;20341.20;20341.20;20341.20;
;ACC10;BBAS3;2;9839;9839;9839;14.53;142960.67;142960.67;142960.67;
;ACC09;BBDC4;2;4971;4971;4971;15.14;75260.94;75260.94;75260.94;
;ACC07;LREN3;2;7497;7497;7497;18.35;137569.95;137569.95;137569.95;
;ACC05;BBAS3;1;3134;3134;3134;18.07;56631.38;56631.38;56631.38;
;ACC05;ITUB4;1;2885;2885;2885;12.64;36466.40;36466.40;36466.40;
;ACC05;LREN3;2;7356;7356;7356;11.94;87830.64;87830.64;87830.64;
;ACC08;PETR4;1;1624;1624;1624;19.64;31895.36;31895.36;31895.36;
;ACC09;BBAS3;1;8074;8074;8074;13.57;109564.18;109564.18;109564.18;
;ACC09;B3SA3;1;3705;3705;3705;15.84;58687.20;58687.20;58687.20;
;ACC03;WEGE3;2;5039;5039;5039;16.18;81531.02;81531.02;81531.02;
;ACC04;BBDC4;1;9918;9918;9918;19.66;194987.88;194987.88;194987.88;
;ACC10;ABEV3;2;4179;4179;4179;17.46;72965.34;72965.34;72965.34;
;ACC02;BBDC4;1;5797;5797;5797;11.38;65969.86;65969.86;65969.86;
;ACC02;PETR4;1;5656;5656;5656;19.81;112045.36;112045.36;112045.36;
;ACC03;LREN3;2;1979;1979;1979;14.61;28913.19;28913.19;28913.19;
;ACC04;BBAS3;2;9147;9147;9147;11.41;104367.27;104367.27;104367.27;
;ACC07;BBAS3;2;3845;3845;3845;15.25;58636.25;58636.25;58636.25;
;ACC01;LREN3;1;3927;3927;3927;18.37;72138.99;72138.99;72138.99;
;ACC02;ABEV3;1;8561;8561;8561;11.48;98280.28;98280.28;98280.28;
;ACC02;B3SA3;2;8227;8227;8227;11.35;93376.45;93376.45;93376.45;
;ACC09;BBDC4;1;5504;5504;5504;11.01;60599.04;60599.04;60599.04;
;ACC03;B3SA3;2;5421;5421;5421;14.62;79255.02;79255.02;79255.02;
;ACC10;LREN3;2;6734;6734;6734;13.67;92053.78;92053.78;92053.78;
;ACC03;VALE3;1;2615;2615;2615;10.59;27692.85;27692.85;27692.85;
;ACC04;PETR4;1;8239;8239;8239;14.39;118559.21;118559.21;118559.21;
;ACC02;B3SA3;2;4987;4987;4987;18.00;89766.00;89766.00;89766.00;
;ACC04;WEGE3;1;4623;4623;4623;14.85;68651.55;68651.55;68651.55;
;ACC06;ABEV3;2;8400;8400;8400;17.57;147588.00;147588.00;147588.00;
;ACC02;WEGE3;2;2559;2559;2559;14.58;37310.22;37310.22;37310.22;
;ACC04;MGLU3;1;2860;2860;2860;11.64;33290.40;33290.40;33290.40;
;ACC08;VALE3;1;9525;9525;9525;14.32;136398.00;136398.00;136398.00;
;ACC05;MGLU3;2;9682;9682;9682;11.93;115506.26;115506.26;115506.26;
;ACC06;VALE3;1;4254;4254;4254;16.62;70701.48;70701.48;70701.48;
;ACC09;PETR4;2;9731;9731;9731;19.03;185180.93;185180.93;185180.93;
;ACC10;PETR4;1;2830;2830;2830;10.88;30790.40;30790.40;30790.40;
;ACC03;PETR4;2;6013;6013;6013;12.92;77687.96;77687.96;77687.96;
;ACC09;LREN3;2;4463;4463;4463;17.54;78281.02;78281.02;78281.02;
;ACC03;ABEV3;2;7791;7791;7791;10.11;78767.01;78767.01;78767.01;
;ACC04;ITUB4;1;4010;4010;4010;11.02;44190.20;44190.20;44190.20;
;ACC02;VALE3;1;5872;5872;5872;16.26;95478.72;95478.72;95478.72;
;ACC03;LREN3;1;4402;4402;4402;16.34;71928.68;71928.68;71928.68;
;ACC09;BBDC4;2;7731;7731;7731;17.92;138539.52;138539.52;138539.52;
;ACC02;VALE3;2;7912;7912;7912;15.13;119708.56;119708.56;119708.56;
;ACC01;BBAS3;1;6992;6992;6992;15.00;104880.00;104880.00;104880.00;
;ACC05;BBAS3;1;3613;3613;3613;11.97;43247.61;43247.61;43247.61;
;ACC07;WEGE3;1;5587;5587;5587;16.59;92688.33;92688.33;92688.33;
;ACC01;B3SA3;1;6949;6949;6949;12.19;84708.31;84708.31;84708.31;
;ACC03;ITUB4;1;2408;2408;2408;14.52;34964.16;34964.16;34964.16;
;ACC08;LREN3;2;5696;5696;5696;18.26;104008.96;104008.96;104008.96;
;ACC01;WEGE3;2;2058;2058;2058;11.63;23934.54;23934.54;23934.54;
;ACC04;MGLU3;1;1097;1097;1097;16.54;18144.38;18144.38;18144.38;
;ACC06;ITUB4;2;1786;1786;1786;14.84;26504.24;26504.24;26504.24;
;ACC02;BBAS3;2;4424;4424;4424;14.69;64988.56;64988.56;64988.56;
;ACC08;ABEV3;1;1695;1695;1695;18.08;30645.60;30645.60;30645.60;
;ACC03;ITUB4;1;5926;5926;5926;17.73;105067.98;105067.98;105067.98;
;ACC02;MGLU3;1;3931;3931;3931;14.07;55309.17;55309.17;55309.17;
;ACC02;WEGE3;1;9242;9242;9242;11.99;110811.58;110811.58;110811.58;
;ACC04;WEGE3;1;6341;6341;6341;17.52;111094.32;111094.32;111094.32;
;ACC05;ABEV3;1;7669;7669;7669;17.11;131216.59;131216.59;131216.59;
;ACC07;ITUB4;1;8541;8541;8541;16.31;139303.71;139303.71;139303.71;
;ACC10;VALE3;2;9730;9730;9730;11.47;111603.10;111603.10;111603.10;
;ACC08;MGLU3;1;5938;5938;5938;16.14;95839.32;95839.32;95839.32;
;ACC09;VALE3;2;1630;1630;1630;19.53;31833.90;31833.90;31833.90;
;ACC07;PETR4;2;2892;2892;2892;15.99;46243.08;46243.08;46243.08;
;ACC05;ABEV3;1;5552;5552;5552;13.29;73786.08;73786.08;73786.08;
;ACC01;MGLU3;2;9935;9935;9935;12.37;122895.95;122895.95;122895.95;
;ACC05;ABEV3;1;1779;1779;1779;19.23;34210.17;34210.17;34210.17;
;ACC03;WEGE3;2;1107;1107;1107;18.35;20313.45;20313.45;20313.45;
;ACC10;B3SA3;2;9031;9031;9031;17.10;154430.10;154430.10;154430.10;
;ACC08;MGLU3;2;3303;3303;3303;10.20;33690.60;33690.60;33690.60;
;ACC01;WEGE3;1;2426;2426;2426;10.68;25909.68;25909.68;25909.68;
;ACC08;VALE3;2;7353;7353;7353;13.63;100221.39;100221.39;100221.39;
;ACC07;BBDC4;2;5395;5395;5395;15.61;84215.95;84215.95;84215.95;
;ACC01;PETR4;2;3668;3668;3668;16.17;59311.56;59311.56;59311.56;
;ACC01;ITUB4;2;9842;9842;9842;15.47;152255.74;152255.74;152255.74;
;ACC10;BBAS3;1;3984;3984;3984;18.63;74221.92;74221.92;74221.92;
;ACC08;MGLU3;2;7577;7577;7577;13.68;103653.36;103653.36;103653.36;
;ACC09;ABEV3;1;3505;3505;3505;12.92;45284.60;45284.60;45284.60;
;ACC02;BBAS3;2;7138;7138;7138;14.78;105499.64;105499.64;105499.64;
;ACC05;LREN3;1;3165;3165;3165;16.05;50798.25;50798.25;50798.25;
;ACC01;PETR4;1;9420;9420;9420;14.84;139792.80;139792.80;139792.80;
;ACC04;VALE3;1;9742;9742;9742;16.07;156553.94;156553.94;156553.94;
;ACC01;B3SA3;1;6772;6772;6772;19.48;131918.56;131918.56;131918.56;
;ACC05;PETR4;2;4309;4309;4309;16.89;72779.01;72779.01;72779.01;
;ACC10;WEGE3;1;1507;1507;1507;10.90;16426.30;16426.30;16426.30;
;ACC01;ABEV3;2;6970;6970;6970;17.44;121556.80;121556.80;121556.80;
;ACC05;WEGE3;2;7797;7797;7797;19.63;153055.11;153055.11;153055.11;
;ACC02;VALE3;2;9661;9661;9661;13.57;131099.77;131099.77;131099.77;
;ACC03;LREN3;2;3096;3096;3096;11.33;35077.68;35077.68;35077.68;
;ACC05;ABEV3;1;3855;3855;3855;19.30;74401.50;74401.50;74401.50;
;ACC08;B3SA3;1;3137;3137;3137;11.57;36295.09;36295.09;36295.09;
;ACC04;MGLU3;2;1711;1711;1711;11.79;20172.69;20172.69;20172.69;
;ACC05;ABEV3;2;3652;3652;3652;17.44;63690.88;63690.88;63690.88;
;ACC03;B3SA3;1;5330;5330;5330;17.39;92688.70;92688.70;92688.70;
;ACC02;LREN3;2;3846;3846;3846;13.68;52613.28;52613.28;52613.28;
;ACC10;LREN3;2;4959;4959;4959;15.51;76914.09;76914.09;76914.09;
;ACC08;B3SA3;2;6929;6929;6929;18.45;127840.05;127840.05;127840.05;
;ACC06;ITUB4;2;6169;6169;6169;16.36;100924.84;100924.84;100924.84;
;ACC08;PETR4;1;4565;4565;4565;17.05;77833.25;77833.25;77833.25;
;ACC06;VALE3;1;7898;7898;7898;15.27;120602.46;120602.46;120602.46;
;ACC09;LREN3;2;8445;8445;8445;13.62;115020.90;115020.90;115020.90;
;ACC09;BBAS3;2;4122;4122;4122;18.88;77823.36;77823.36;77823.36;
;ACC09;ITUB4;1;5446;5446;5446;19.78;107721.88;107721.88;107721.88;
;ACC03;BBDC4;2;8139;8139;8139;17.68;143897.52;143897.52;143897.52;
;ACC08;BBDC4;2;9806;9806;9806;11.48;112572.88;112572.88;112572.88;
;ACC08;B3SA3;2;5800;5800;5800;11.53;66874.00;66874.00;66874.00;
;ACC09;WEGE3;1;3982;3982;3982;13.66;54394.12;54394.12;54394.12;
;ACC09;PETR4;2;7903;7903;7903;10.48;82823.44;82823.44;82823.44;
;ACC04;PETR4;2;1503;1503;1503;13.38;20110.14;20110.14;20110.14;
;ACC01;MGLU3;1;6025;6025;6025;13.61;82000.25;82000.25;82000.25;
;ACC05;WEGE3;2;1575;1575;1575;14.46;22774.50;22774.50;22774.50;
;ACC10;ITUB4;1;9040;9040;9040;14.48;130899.20;130899.20;130899.20;
;ACC03;ABEV3;2;4358;4358;4358;18.34;79925.72;79925.72;79925.72;
;ACC04;ITUB4;2;9691;9691;9691;14.87;144105.17;144105.17;144105.17;
;ACC07;LREN3;2;8356;8356;8356;19.03;159014.68;159014.68;159014.68;
;ACC06;BBAS3;2;4686;4686;4686;13.11;61433.46;61433.46;61433.46;
;ACC08;VALE3;1;3049;3049;3049;12.71;38752.79;38752.79;38752.79;
;ACC10;B3SA3;1;5062;5062;5062;12.78;64692.36;64692.36;64692.36;
;ACC04;PETR4;1;2920;2920;2920;13.49;39390.80;39390.80;39390.80;
;ACC08;PETR4;1;4280;4280;4280;18.18;77810.40;77810.40;77810.40;
;ACC08;LREN3;1;7451;7451;7451;10.55;78608.05;78608.05;78608.05;
;ACC07;LREN3;2;8083;8083;8083;18.95;153172.85;153172.85;153172.85;
;ACC02;MGLU3;1;7130;7130;7130;12.70;90551.00;90551.00;90551.00;
;ACC07;ITUB4;2;9929;9929;9929;10.50;104254.50;104254.50;104254.50;
;ACC05;ABEV3;1;2456;2456;2456;13.75;33770.00;33770.00;33770.00;
;ACC08;B3SA3;1;1858;1858;1858;11.32;21032.56;21032.56;21032.56;
;ACC10;BBDC4;2;8471;8471;8471;13.61;115290.31;115290.31;115290.31;
;ACC01;B3SA3;2;2599;2599;2599;18.74;48705.26;48705.26;48705.26;
;ACC10;WEGE3;2;7737;7737;7737;19.01;147080.37;147080.37;147080.37;
;ACC06;VALE3;2;4954;4954;4954;11.89;58903.06;58903.06;58903.06;
;ACC07;BBAS3;2;6356;6356;6356;19.98;126992.88;126992.88;126992.88;
;ACC06;ABEV3;1;2702;2702;2702;16.79;45366.58;45366.58;45366.58;
;ACC07;VALE3;1;1725;1725;1725;18.02;31084.50;31084.50;31084.50;
;ACC02;BBAS3;1;5881;5881;5881;18.28;107504.68;107504.68;107504.68;
;ACC01;PETR4;2;3053;3053;3053;17.55;53580.15;53580.15;53580.15;
;ACC06;B3SA3;2;7147;7147;7147;17.44;124643.68;124643.68;124643.68;
;ACC04;BBAS3;1;3710;3710;3710;18.09;67113.90;67113.90;67113.90;
;ACC03;ABEV3;2;8348;8348;8348;19.09;159363.32;159363.32;159363.32;
;ACC05;PETR4;1;6991;6991;6991;10.89;76131.99;76131.99;76131.99;
;ACC06;B3SA3;2;8964;8964;8964;17.65;158214.60;158214.60;158214.60;
;ACC07;LREN3;1;9083;9083;9083;19.48;176936.84;176936.84;176936.84;
;ACC09;BBAS3;1;8537;8537;8537;10.76;91858.12;91858.12;91858.12;
;ACC02;BBAS3;1;9934;9934;9934;14.91;148115.94;148115.94;148115.94;
;ACC07;BBAS3;1;6740;6740;6740;15.64;105413.60;105413.60;105413.60;
;ACC01;PETR4;2;3720;3720;3720;19.59;72874.80;72874.80;72874.80;
;ACC08;BBAS3;2;9399;9399;9399;16.26;152827.74;152827.74;152827.74;
;ACC01;MGLU3;2;3076;3076;3076;16.34;50261.84;50261.84;50261.84;
;ACC06;ITUB4;1;2700;2700;2700;11.88;32076.00;32076.00;32076.00;
;ACC03;WEGE3;2;5935;5935;5935;10.55;62614.25;62614.25;62614.25;
;ACC07;LREN3;2;4312;4312;4312;10.45;45060.40;45060.40;45060.40;
;ACC05;WEGE3;1;9711;9711;9711;16.55;160717.05;160717.05;160717.05;
;ACC05;BBDC4;2;1284;1284;1284;10.52;13507.68;13507.68;13507.68;
;ACC06;B3SA3;1;4218;4218;4218;17.92;75586.56;75586.56;75586.56;
;ACC07;ABEV3;2;8029;8029;8029;11.25;90326.25;90326.25;90326.25;
;ACC09;ABEV3;1;6301;6301;6301;16.48;103840.48;103840.48;103840.48;
;ACC01;ITUB4;1;2176;2176;2176;16.87;36709.12;36709.12;36709.12;
;ACC03;ABEV3;2;2367;2367;2367;13.09;30984.03;30984.03;30984.03;
;ACC07;ITUB4;1;2448;2448;2448;12.67;31016.16;31016.16;31016.16;
;ACC03;BBAS3;1;3207;3207;3207;12.91;41402.37;41402.37;41402.37;
;ACC02;WEGE3;2;2246;2246;2246;12.05;27064.30;27064.30;27064.30;
;ACC04;BBAS3;1;5152;5152;5152;18.21;93817.92;93817.92;93817.92;
;ACC09;B3SA3;2;2735;2735;2735;12.24;33476.40;33476.40;33476.40;
;ACC04;BBDC4;2;2775;2775;2775;11.87;32939.25;32939.25;32939.25;
;ACC06;B3SA3;1;2885;2885;2885;12.61;36379.85;36379.85;36379.85;
;ACC07;PETR4;2;1484;1484;1484;11.08;16442.72;16442.72;16442.72;
;ACC03;MGLU3;1;5964;5964;5964;18.78;112003.92;112003.92;112003.92;
;ACC06;PETR4;1;1024;1024;1024;18.21;18647.04;18647.04;18647.04;
;ACC02;ABEV3;2;7658;7658;7658;10.62;81327.96;81327.96;81327.96;
;ACC02;ABEV3;2;2150;2150;2150;10.37;22295.50;22295.50;22295.50;
;ACC03;WEGE3;2;2578;2578;2578;13.80;35576.40;35576.40;35576.40;
;ACC09;BBAS3;1;8984;8984;8984;17.75;159466.00;159466.00;159466.00;
;ACC03;MGLU3;2;7771;7771;7771;13.47;104675.37;104675.37;104675.37;
;ACC10;WEGE3;2;2505;2505;2505;12.14;30410.70;30410.70;30410.70;
;ACC09;VALE3;2;1115;1115;1115;13.23;14751.45;14751.45;14751.45;
;ACC06;WEGE3;2;8941;8941;8941;16.38;146453.58;146453.58;146453.58;
;ACC02;MGLU3;1;2532;2532;2532;18.34;46436.88;46436.88;46436.88;
;ACC04;BBDC4;2;7493;7493;7493;10.10;75679.30;75679.30;75679.30;
;ACC06;ABEV3;1;9427;9427;9427;10.53;99266.31;99266.31;99266.31;
;ACC04;VALE3;1;2496;2496;2496;16.24;40535.04;40535.04;40535.04;
;ACC07;MGLU3;2;8263;8263;8263;14.37;118739.31;118739.31;118739.31;
;ACC03;BBDC4;1;2509;2509;2509;13.54;33971.86;33971.86;33971.86;
;ACC09;ITUB4;2;7079;7079;7079;14.17;100309.43;100309.43;100309.43;
;ACC08;WEGE3;2;4798;4798;4798;10.37;49755.26;49755.26;49755.26;
;ACC06;VALE3;1;8927;8927;8927;19.25;171844.75;171844.75;171844.75;
;ACC02;ABEV3;2;1331;1331;1331;10.74;14294.94;14294.94;14294.94;
;ACC06;LREN3;2;6467;6467;6467;17.36;112267.12;112267.12;112267.12;
;ACC07;MGLU3;2;6320;6320;6320;18.79;118752.80;118752.80;118752.80;
;ACC01;ITUB4;2;5456;5456;5456;16.18;88278.08;88278.08;88278.08;
;ACC10;MGLU3;2;4603;4603;4603;14.11;64948.33;64948.33;64948.33;
;ACC03;BBDC4;1;7354;7354;7354;18.50;136049.00;136049.00;136049.00;
;ACC04;LREN3;2;5740;5740;5740;14.12;81048.80;81048.80;81048.80;
;ACC07;ITUB4;2;1982;1982;1982;10.21;20236.22;20236.22;20236.22;
;ACC05;LREN3;2;3348;3348;3348;11.63;38937.24;38937.24;38937.24;
;ACC08;ITUB4;2;8705;8705;8705;14.53;126483.65;126483.65;126483.65;
;ACC06;ITUB4;2;9749;9749;9749;15.53;151401.97;151401.97;151401.97;
;ACC10;VALE3;2;7431;7431;7431;16.78;124692.18;124692.18;124692.18;
;ACC02;B3SA3;1;1011;1011;1011;11.33;11454.63;11454.63;11454.63;
;ACC05;PETR4;2;9885;9885;9885;17.76;175557.60;175557.60;175557.60;
;ACC06;LREN3;1;3644;3644;3644;13.25;48283.00;48283.00;48283.00;
;ACC09;MGLU3;2;6901;6901;6901;18.55;128013.55;128013.55;128013.55;
;ACC06;ABEV3;2;1273;1273;1273;11.98;15250.54;15250.54;15250.54;
;ACC04;BBAS3;1;6503;6503;6503;11.45;74459.35;74459.35;74459.35;
;ACC05;WEGE3;2;9186;9186;9186;11.30;103801.80;103801.80;103801.80;
;ACC08;WEGE3;1;5385;5385;5385;17.10;92083.50;92083.50;92083.50;
;ACC07;BBAS3;1;8815;8815;8815;15.87;139894.05;139894.05;139894.05;
;ACC09;BBDC4;1;5788;5788;5788;10.42;60310.96;60310.96;60310.96;
;ACC08;ABEV3;1;8313;8313;8313;12.41;103164.33;103164.33;103164.33;
;ACC10;B3SA3;2;5042;5042;5042;12.69;63982.98;63982.98;63982.98;
;ACC10;WEGE3;2;8682;8682;8682;19.16;166347.12;166347.12;166347.12;
;ACC10;BBDC4;1;7649;7649;7649;18.08;138293.92;138293.92;138293.92;
;ACC07;PETR4;2;6663;6663;6663;12.28;81821.64;81821.64;81821.64;
;ACC01;BBDC4;2;5588;5588;5588;11.56;64597.28;64597.28;64597.28;
;ACC04;ITUB4;2;2416;2416;2416;13.16;31794.56;31794.56;31794.56;
;ACC08;VALE3;2;8444;8444;8444;14.19;119820.36;119820.36;119820.36;
;ACC04;BBAS3;2;4286;4286;4286;13.49;57818.14;57818.14;57818.14;
;ACC06;MGLU3;1;5117;5117;5117;18.31;93692.27;93692.27;93692.27;
;ACC06;MGLU3;2;7407;7407;7407;14.80;109623.60;109623.60;109623.60;
;ACC08;LREN3;1;4846;4846;4846;12.98;62901.08;62901.08;62901.08;
;ACC05;BBAS3;1;7018;7018;7018;19.31;135517.58;135517.58;135517.58;
;ACC09;MGLU3;1;4034;4034;4034;15.58;62849.72;62849.72;62849.72;
;ACC07;ITUB4;2;4692;4692;4692;11.15;52315.80;52315.80;52315.80;
;ACC03;BBDC4;1;3636;3636;3636;10.22;37159.92;37159.92;37159.92;
;ACC07;VALE3;2;5583;5583;5583;12.45;69508.35;69508.35;69508.35;
;ACC06;B3SA3;1;2927;2927;2927;15.86;46422.22;46422.22;46422.22;
;ACC05;MGLU3;1;6856;6856;6856;17.18;117786.08;117786.08;117786.08;
;ACC09;WEGE3;1;8406;8406;8406;14.26;119869.56;119869.56;119869.56;
;ACC06;BBAS3;2;5103;5103;5103;17.43;88945.29;88945.29;88945.29;
;ACC05;MGLU3;2;2549;2549;2549;16.24;41395.76;41395.76;41395.76;
;ACC03;MGLU3;1;3634;3634;3634;12.84;46660.56;46660.56;46660.56;
;ACC04;ITUB4;1;2311;2311;2311;16.96;39194.56;39194.56;39194.56;
;ACC08;WEGE3;1;2357;2357;2357;19.28;45442.96;45442.96;45442.96;
;ACC01;LREN3;2;9518;9518;9518;14.57;138677.26;138677.26;138677.26;
;ACC02;LREN3;2;2841;2841;2841;17.02;48353.82;48353.82;48353.82;
;ACC02;PETR4;1;6603;6603;6603;18.19;120108.57;120108.57;120108.57;
;ACC05;B3SA3;1;6865;6865;6865;19.09;131052.85;131052.85;131052.85;
;ACC04;BBDC4;1;8596;8596;8596;14.29;122836.84;122836.84;122836.84;
;ACC03;BBAS3;2;3682;3682;3682;17.95;66091.90;66091.90;66091.90;
;ACC01;MGLU3;1;1575;1575;1575;14.34;22585.50;22585.50;22585.50;
;ACC02;B3SA3;2;1544;1544;1544;12.53;19346.32;19346.32;19346.32;
;ACC01;VALE3;2;2366;2366;2366;18.58;43960.28;43960.28;43960.28;
;ACC04;ITUB4;1;2664;2664;2664;10.23;27252.72;27252.72;27252.72;
;ACC01;WEGE3;1;1331;1331;1331;19.59;26074.29;26074.29;26074.29;
;ACC04;BBAS3;2;8222;8222;8222;12.99;106803.78;106803.78;106803.78;
;ACC09;BBDC4;2;7195;7195;7195;15.25;109723.75;109723.75;109723.75;
;ACC10;LREN3;2;6310;6310;6310;14.19;89538.90;89538.90;89538.90;
;ACC02;VALE3;1;2219;2219;2219;14.39;31931.41;31931.41;31931.41;
;ACC10;B3SA3;1;7523;7523;7523;14.22;106977.06;106977.06;106977.06;
;ACC08;PETR4;2;7064;7064;7064;12.16;85898.24;85898.24;85898.24;
;ACC09;ITUB4;2;1437;1437;1437;18.63;26771.31;26771.31;26771.31;
;ACC02;BBDC4;2;5779;5779;5779;11.89;68712.31;68712.31;68712.31;
;ACC01;VALE3;2;1647;1647;1647;18.26;30074.22;30074.22;30074.22;
;ACC03;PETR4;1;2517;2517;2517;14.38;36194.46;36194.46;36194.46;
;ACC03;PETR4;2;3523;3523;3523;19.68;69332.64;69332.64;69332.64;
;ACC06;WEGE3;1;2024;2024;2024;19.60;39670.40;39670.40;39670.40;
;ACC06;PETR4;2;6340;6340;6340;14.67;93007.80;93007.80;93007.80;
;ACC07;ABEV3;1;7246;7246;7246;15.44;111878.24;111878.24;111878.24;
;ACC07;PETR4;2;1490;1490;1490;17.42;25955.80;25955.80;25955.80;
;ACC08;PETR4;2;5412;5412;5412;14.11;76363.32;76363.32;76363.32;
;ACC04;ITUB4;1;3407;3407;3407;15.19;51752.33;51752.33;51752.33;
;ACC05;VALE3;1;9036;9036;9036;14.05;126955.80;126955.80;126955.80;
;ACC01;VALE3;2;4377;4377;4377;15.89;69550.53;69550.53;69550.53;
;ACC02;MGLU3;2;9002;9002;9002;15.19;136740.38;136740.38;136740.38;
;ACC02;VALE3;2;3026;3026;3026;18.29;55345.54;55345.54;55345.54;
;ACC09;PETR4;2;6859;6859;6859;18.50;126891.50;126891.50;126891.50;
;ACC09;MGLU3;2;9386;9386;9386;18.11;169980.46;169980.46;169980.46;
;ACC05;B3SA3;1;5112;5112;5112;14.72;75248.64;75248.64;75248.64;
;ACC06;LREN3;2;8096;8096;8096;18.28;147994.88;147994.88;147994.88;
;ACC01;B3SA3;1;3325;3325;3325;13.45;44721.25;44721.25;44721.25;
;ACC09;WEGE3;1;9904;9904;9904;13.54;134100.16;134100.16;134100.16;
;ACC03;ABEV3;1;4379;4379;4379;16.02;70151.58;70151.58;70151.58;
;ACC07;MGLU3;2;7021;7021;7021;11.80;82847.80;82847.80;82847.80;
;ACC07;LREN3;1;9205;9205;9205;19.78;182074.90;182074.90;182074.90;
;ACC01;ABEV3;1;3811;3811;3811;14.98;57088.78;57088.78;57088.78;
;ACC01;ITUB4;1;4284;4284;4284;11.15;47766.60;47766.60;47766.60;
;ACC06;PETR4;2;8516;8516;8516;13.85;117946.60;117946.60;117946.60;
;ACC09;BBAS3;2;6174;6174;6174;15.97;98598.78;98598.78;98598.78;
;ACC06;B3SA3;2;9348;9348;9348;18.69;174714.12;174714.12;174714.12;
;ACC05;B3SA3;1;9768;9768;9768;11.75;114774.00;114774.00;114774.00;
;ACC09;BBDC4;2;1326;1326;1326;15.69;20804.94;20804.94;20804.94;
;ACC09;LREN3;2;5905;5905;5905;12.38;73103.90;73103.90;73103.90;
;ACC06;MGLU3;2;8927;8927;8927;15.17;135422.59;135422.59;135422.59;
;ACC06;LREN3;2;7944;7944;7944;14.38;114234.72;114234.72;114234.72;
;ACC07;BBAS3;1;2043;2043;2043;19.61;40063.23;40063.23;40063.23;
;ACC02;MGLU3;1;4451;4451;4451;11.64;51809.64;51809.64;51809.64;
;ACC05;PETR4;2;7063;7063;7063;10.72;75715.36;75715.36;75715.36;
;ACC01;ITUB4;2;7765;7765;7765;15.56;120823.40;120823.40;120823.40;
;ACC01;B3SA3;2;7968;7968;7968;14.35;114340.80;114340.80;114340.80;
;ACC05;MGLU3;1;8927;8927;8927;11.18;99803.86;99803.86;99803.86;
;ACC09;ABEV3;1;3737;3737;3737;14.05;52504.85;52504.85;52504.85;
;ACC09;ITUB4;1;3775;3775;3775;10.29;38844.75;38844.75;38844.75;
;ACC03;VALE3;2;1981;1981;1981;19.16;37955.96;37955.96;37955.96;
;ACC06;LREN3;2;1112;1112;1112;18.39;20449.68;20449.68;20449.68;
;ACC10;PETR4;2;8450;8450;8450;18.87;159451.50;159451.50;159451.50;
;ACC07;LREN3;1;4742;4742;4742;15.85;75160.70;75160.70;75160.70;
;ACC01;WEGE3;2;1598;1598;1598;10.60;16938.80;16938.80;16938.80;
;ACC07;BBDC4;1;3421;3421;3421;17.62;60278.02;60278.02;60278.02;
;ACC04;ABEV3;1;5015;5015;5015;16.24;81443.60;81443.60;81443.60;
;ACC03;BBAS3;2;5159;5159;5159;12.92;66654.28;66654.28;66654.28;
;ACC06;LREN3;1;9984;9984;9984;19.31;192791.04;192791.04;192791.04;
;ACC07;WEGE3;2;6380;6380;6380;14.02;89447.60;89447.60;89447.60;
;ACC08;PETR4;2;6663;6663;6663;16.22;108073.86;108073.86;108073.86;
;ACC04;WEGE3;1;2880;2880;2880;16.24;46771.20;46771.20;46771.20;
;ACC04;PETR4;1;3538;3538;3538;14.75;52185.50;52185.50;52185.50;
;ACC06;LREN3;1;2323;2323;2323;18.77;43602.71;43602.71;43602.71;
;ACC04;ABEV3;2;4496;4496;4496;18.60;83625.60;83625.60;83625.60;
;ACC01;ITUB4;2;8692;8692;8692;13.34;115951.28;115951.28;115951.28;
;ACC01;MGLU3;2;1397;1397;1397;16.43;22952.71;22952.71;22952.71;
;ACC02;VALE3;1;4977;4977;4977;19.92;99141.84;99141.84;99141.84;
;ACC06;LREN3;1;1596;1596;1596;19.23;30691.08;30691.08;30691.08;
;ACC03;LREN3;1;4650;4650;4650;12.77;59380.50;59380.50;59380.50;
;ACC08;MGLU3;1;2874;2874;2874;18.52;53226.48;53226.48;53226.48;
;ACC05;LREN3;1;5011;5011;5011;14.62;73260.82;73260.82;73260.82;
;ACC06;VALE3;2;9591;9591;9591;15.81;151633.71;151633.71;151633.71;
;ACC02;BBDC4;2;1353;1353;1353;14.44;19537.32;19537.32;19537.32;
;ACC01;BBDC4;1;3310;3310;3310;18.51;61268.10;61268.10;61268.10;
;ACC04;MGLU3;2;7610;7610;7610;17.04;129674.40;129674.40;129674.40;
;ACC01;ITUB4;1;3367;3367;3367;12.39;41717.13;41717.13;41717.13;
;ACC07;PETR4;2;2902;2902;2902;10.18;29542.36;29542.36;29542.36;
;ACC01;LREN3;1;5748;5748;5748;15.61;89726.28;89726.28;89726.28;
;ACC08;BBAS3;1;2264;2264;2264;18.84;42653.76;42653.76;42653.76;
;ACC02;ABEV3;2;7183;7183;7183;11.83;84974.89;84974.89;84974.89;
;ACC07;B3SA3;2;7030;7030;7030;14.39;101161.70;101161.70;101161.70;
;ACC08;VALE3;2;7319;7319;7319;16.67;122007.73;122007.73;122007.73;
;ACC02;ITUB4;1;9554;9554;9554;12.30;117514.20;117514.20;117514.20;
;ACC10;ABEV3;1;5401;5401;5401;19.56;105643.56;105643.56;105643.56;
;ACC03;VALE3;1;7808;7808;7808;12.64;98693.12;98693.12;98693.12;
;ACC08;ITUB4;2;7899;7899;7899;16.24;128279.76;128279.76;128279.76;
;ACC05;VALE3;2;4281;4281;4281;14.81;63401.61;63401.61;63401.61;
;ACC06;VALE3;1;9054;9054;9054;11.88;107561.52;107561.52;107561.52;
;ACC02;LREN3;2;6802;6802;6802;11.84;80535.68;80535.68;80535.68;
;ACC01;MGLU3;2;9567;9567;9567;16.66;159386.22;159386.22;159386.22;
;ACC10;VALE3;2;4914;4914;4914;16.52;81179.28;81179.28;81179.28;
;ACC04;LREN3;2;9820;9820;9820;17.71;173912.20;173912.20;173912.20;
;ACC04;VALE3;1;8772;8772;8772;14.16;124211.52;124211.52;124211.52;
;ACC08;WEGE3;2;3040;3040;3040;17.41;52926.40;52926.40;52926.40;
;ACC10;PETR4;1;5405;5405;5405;11.68;63130.40;63130.40;63130.40;
;ACC02;ITUB4;2;5372;5372;5372;13.34;71662.48;71662.48;71662.48;
;ACC09;WEGE3;2;4618;4618;4618;19.57;90374.26;90374.26;90374.26;
;ACC01;MGLU3;2;9685;9685;9685;12.58;121837.30;121837.30;121837.30;
;ACC08;B3SA3;1;7274;7274;7274;10.25;74558.50;74558.50;74558.50;
;ACC03;WEGE3;2;9630;9630;9630;14.64;140983.20;140983.20;140983.20;
;ACC01;ITUB4;1;4898;4898;4898;17.73;86841.54;86841.54;86841.54;
;ACC02;BBAS3;1;3795;3795;3795;17.25;65463.75;65463.75;65463.75;
;ACC03;BBDC4;1;1238;1238;1238;18.29;22643.02;22643.02;22643.02;
;ACC10;ITUB4;1;4202;4202;4202;16.27;68366.54;68366.54;68366.54;
;ACC02;BBDC4;2;3238;3238;3238;10.57;34225.66;34225.66;34225.66;
;ACC01;BBAS3;1;8652;8652;8652;19.96;172693.92;172693.92;172693.92;
;ACC02;VALE3;1;7476;7476;7476;17.10;127839.60;127839.60;127839.60;
;ACC07;ITUB4;1;3820;3820;3820;13.14;50194.80;50194.80;50194.80;
;ACC01;PETR4;2;3604;3604;3604;16.16;58240.64;58240.64;58240.64;
;ACC05;LREN3;2;4024;4024;4024;17.88;71949.12;71949.12;71949.12;
;ACC03;LREN3;2;9809;9809;9809;17.49;171559.41;171559.41;171559.41;
;ACC01;ABEV3;2;5251;5251;5251;16.88;88636.88;88636.88;88636.88;
;ACC06;B3SA3;1;6761;6761;6761;12.96;87622.56;87622.56;87622.56;
;ACC02;BBDC4;1;6568;6568;6568;13.98;91820.64;91820.64;91820.64;
;ACC08;ABEV3;2;8863;8863;8863;13.47;119384.61;119384.61;119384.61;
;ACC08;VALE3;1;8992;8992;8992;11.13;100080.96;100080.96;100080.96;
;ACC10;LREN3;2;3133;3133;3133;10.37;32489.21;32489.21;32489.21;
;ACC02;BBAS3;1;6490;6490;6490;14.76;95792.40;95792.40;95792.40;
;ACC09;BBAS3;2;1443;1443;1443;10.98;15844.14;15844.14;15844.14;
;ACC05;LREN3;1;7079;7079;7079;11.48;81266.92;81266.92;81266.92;
;ACC02;VALE3;1;6872;6872;6872;16.87;115930.64;115930.64;115930.64;
;ACC09;WEGE3;2;9782;9782;9782;10.36;101341.52;101341.52;101341.52;
;ACC09;B3SA3;2;7553;7553;7553;11.30;85348.90;85348.90;85348.90;
;ACC08;ABEV3;1;7475;7475;7475;10.86;81178.50;81178.50;81178.50;
;ACC02;BBAS3;2;4187;4187;4187;14.46;60544.02;60544.02;60544.02;
;ACC01;LREN3;2;9365;9365;9365;13.04;122119.60;122119.60;122119.60;
;ACC10;PETR4;1;4620;4620;4620;14.21;65650.20;65650.20;65650.20;
;ACC08;LREN3;2;6259;6259;6259;13.06;81742.54;81742.54;81742.54;
;ACC04;WEGE3;2;5561;5561;5561;18.15;100932.15;100932.15;100932.15;
;ACC06;VALE3;1;1913;1913;1913;12.11;23166.43;23166.43;23166.43;
;ACC02;VALE3;1;9619;9619;9619;14.40;138513.60;138513.60;138513.60;
;ACC10;BBDC4;1;8332;8332;8332;18.67;155558.44;155558.44;155558.44;
;ACC08;MGLU3;2;7460;7460;7460;18.99;141665.40;141665.40;141665.40;
;ACC05;BBAS3;2;5307;5307;5307;12.41;65859.87;65859.87;65859.87;
;ACC09;PETR4;1;1102;1102;1102;11.16;12298.32;12298.32;12298.32;
;ACC08;ABEV3;1;4038;4038;4038;14.51;58591.38;58591.38;58591.38;
;ACC10;WEGE3;2;1997;1997;1997;11.70;23364.90;23364.90;23364.90;
;ACC09;WEGE3;1;1079;1079;1079;14.51;15656.29;15656.29;15656.29;
;ACC03;VALE3;2;8803;8803;8803;18.86;166024.58;166024.58;166024.58;
;ACC04;ITUB4;2;6875;6875;6875;11.65;80093.75;80093.75;80093.75;
;ACC02;BBAS3;2;9107;9107;9107;16.77;152724.39;152724.39;152724.39;
;ACC08;BBAS3;2;2664;2664;2664;10.97;29224.08;29224.08;29224.08;
;ACC08;MGLU3;1;2596;2596;2596;19.23;49921.08;49921.08;49921.08;
;ACC02;PETR4;2;3911;3911;3911;16.45;64335.95;64335.95;64335.95;
;ACC05;BBDC4;1;9104;9104;9104;11.01;100235.04;100235.04;100235.04;
;ACC04;WEGE3;2;3295;3295;3295;13.56;44680.20;44680.20;44680.20;
;ACC03;ITUB4;2;3143;3143;3143;12.74;40041.82;40041.82;40041.82;
;ACC07;PETR4;2;1695;1695;1695;15.86;26882.70;26882.70;26882.70;
;ACC02;ABEV3;1;8270;8270;8270;16.95;140176.50;140176.50;140176.50;
;ACC02;MGLU3;1;6508;6508;6508;19.54;127166.32;127166.32;127166.32;
;ACC06;WEGE3;1;9769;9769;9769;15.60;152396.40;152396.40;152396.40;
;ACC03;ABEV3;1;8791;8791;8791;15.95;140216.45;140216.45;140216.45;
;ACC09;BBDC4;1;7805;7805;7805;10.46;81640.30;81640.30;81640.30;
;ACC06;VALE3;1;2957;2957;2957;18.00;53226.00;53226.00;53226.00;
;ACC06;ABEV3;1;8972;8972;8972;18.29;164097.88;164097.88;164097.88;
;ACC01;ABEV3;1;8175;8175;8175;18.50;151237.50;151237.50;151237.50;
;ACC10;BBAS3;1;7151;7151;7151;17.01;121638.51;121638.51;121638.51;
;ACC04;PETR4;1;9265;9265;9265;15.49;143514.85;143514.85;143514.85;
;ACC08;BBAS3;1;6499;6499;6499;19.48;126600.52;126600.52;126600.52;
;ACC03;WEGE3;2;4043;4043;4043;15.92;64364.56;64364.56;64364.56;
;ACC03;ITUB4;2;1416;1416;1416;19.21;27201.36;27201.36;27201.36;
;ACC08;MGLU3;2;6277;6277;6277;10.05;63083.85;63083.85;63083.85;
;ACC09;LREN3;1;3401;3401;3401;17.25;58667.25;58667.25;58667.25;
;ACC09;PETR4;2;3342;3342;3342;19.93;66606.06;66606.06;66606.06;
;ACC03;PETR4;1;8724;8724;8724;13.02;113586.48;113586.48;113586.48;
;ACC09;BBDC4;2;1674;1674;1674;12.26;20523.24;20523.24;20523.24;
;ACC04;B3SA3;2;2657;2657;2657;16.29;43282.53;43282.53;43282.53;
;ACC06;PETR4;2;9403;9403;9403;16.29;153174.87;153174.87;153174.87;
;ACC06;BBAS3;2;7201;7201;7201;19.96;143731.96;143731.96;143731.96;
;ACC04;BBDC4;2;1849;1849;1849;14.38;26588.62;26588.62;26588.62;
;ACC03;BBDC4;1;6351;6351;6351;14.12;89676.12;89676.12;89676.12;
;ACC06;WEGE3;2;1463;1463;1463;18.16;26568.08;26568.08;26568.08;
;ACC10;ABEV3;2;7044;7044;7044;18.43;129820.92;129820.92;129820.92;
;ACC08;ABEV3;1;3709;3709;3709;14.24;52816.16;52816.16;52816.16;
;ACC08;LREN3;1;3773;3773;3773;13.60;51312.80;51312.80;51312.80;
;ACC06;ABEV3;1;3271;3271;3271;13.83;45237.93;45237.93;45237.93;
;ACC08;BBAS3;1;4432;4432;4432;14.88;65948.16;65948.16;65948.16;
;ACC01;ITUB4;1;1419;1419;1419;16.08;22817.52;22817.52;22817.52;
;ACC10;ABEV3;2;6529;6529;6529;13.16;85921.64;85921.64;85921.64;
;ACC07;LREN3;1;2083;2083;2083;17.17;35765.11;35765.11;35765.11;
;ACC06;ITUB4;2;1009;1009;1009;13.44;13560.96;13560.96;13560.96;
;ACC01;BBDC4;1;3344;3344;3344;10.68;35713.92;35713.92;35713.92;
;ACC06;PETR4;2;8092;8092;8092;19.30;156175.60;156175.60;156175.60;
;ACC02;MGLU3;2;2413;2413;2413;16.82;40586.66;40586.66;40586.66;
;ACC09;BBDC4;2;4295;4295;4295;17.98;77224.10;77224.10;77224.10;
;ACC07;PETR4;2;6927;6927;6927;15.93;110347.11;110347.11;110347.11;
;ACC03;MGLU3;2;7981;7981;7981;10.98;87631.38;87631.38;87631.38;
;ACC06;ITUB4;1;3057;3057;3057;10.26;31364.82;31364.82;31364.82;
;ACC03;ABEV3;2;3733;3733;3733;15.30;57114.90;57114.90;57114.90;
;ACC07;VALE3;2;9789;9789;9789;15.85;155155.65;155155.65;155155.65;
;ACC04;ITUB4;1;1562;1562;1562;17.84;27866.08;27866.08;27866.08;
;ACC04;ABEV3;1;4497;4497;4497;12.33;55448.01;55448.01;55448.01;
;ACC07;PETR4;2;6682;6682;6682;19.55;130633.10;130633.10;130633.10;
;ACC05;LREN3;1;5195;5195;5195;12.00;62340.00;62340.00;62340.00;
;ACC06;BBDC4;1;5440;5440;5440;19.64;106841.60;106841.60;106841.60;
;ACC08;MGLU3;2;5108;5108;5108;14.18;72431.44;72431.44;72431.44;
;ACC04;PETR4;2;4144;4144;4144;13.21;54742.24;54742.24;54742.24;
;ACC02;BBAS3;1;8999;8999;8999;10.27;92419.73;92419.73;92419.73;
;ACC05;WEGE3;2;2745;2745;2745;15.37;42190.65;42190.65;42190.65;
;ACC02;WEGE3;2;5627;5627;5627;13.81;77708.87;77708.87;77708.87;
;ACC02;B3SA3;2;1504;1504;1504;14.62;21988.48;21988.48;21988.48;
;ACC04;VALE3;1;1391;1391;1391;17.63;24523.33;24523.33;24523.33;
;ACC08;PETR4;2;8884;8884;8884;14.55;129262.20;129262.20;129262.20;
;ACC09;BBDC4;1;9297;9297;9297;13.70;127368.90;127368.90;127368.90;
;ACC07;LREN3;1;1015;1015;1015;19.53;19822.95;19822.95;19822.95;
;ACC08;ITUB4;1;4979;4979;4979;13.49;67166.71;67166.71;67166.71;
;ACC07;WEGE3;2;6227;6227;6227;10.81;67313.87;67313.87;67313.87;
;ACC03;ABEV3;2;9182;9182;9182;17.51;160776.82;160776.82;160776.82;
;ACC05;MGLU3;2;4298;4298;4298;19.02;81747.96;81747.96;81747.96;
;ACC01;BBDC4;2;5454;5454;5454;19.09;104116.86;104116.86;104116.86;
;ACC08;ITUB4;2;1756;1756;1756;17.94;31502.64;31502.64;31502.64;
;ACC01;ABEV3;1;6503;6503;6503;16.63;108144.89;108144.89;108144.89;
;ACC03;MGLU3;1;2692;2692;2692;15.96;42964.32;42964.32;42964.32;
;ACC06;VALE3;2;4280;4280;4280;13.29;56881.20;56881.20;56881.20;
;ACC06;ABEV3;2;5898;5898;5898;19.11;112710.78;112710.78;112710.78;
;ACC02;MGLU3;2;2276;2276;2276;17.61;40080.36;40080.36;40080.36;
;ACC08;BBDC4;2;3233;3233;3233;12.20;39442.60;39442.60;39442.60;
;ACC07;PETR4;2;2459;2459;2459;13.64;33540.76;33540.76;33540.76;
;ACC04;WEGE3;1;3877;3877;3877;12.30;47687.10;47687.10;47687.10;
;ACC06;VALE3;1;8046;8046;8046;14.73;118517.58;118517.58;118517.58;
;ACC02;ABEV3;1;6772;6772;6772;10.89;73747.08;73747.08;73747.08;
;ACC03;ITUB4;1;6816;6816;6816;18.80;128140.80;128140.80;128140.80;
;ACC06;MGLU3;2;7021;7021;7021;13.56;95204.76;95204.76;95204.76;
;ACC02;LREN3;2;2947;2947;2947;13.03;38399.41;38399.41;38399.41;
;ACC08;B3SA3;2;9387;9387;9387;16.82;157889.34;157889.34;157889.34;
;ACC04;PETR4;2;5189;5189;5189;19.62;101808.18;101808.18;101808.18;
;ACC07;B3SA3;2;3493;3493;3493;19.06;66576.58;66576.58;66576.58;
;ACC08;ITUB4;2;7649;7649;7649;18.17;138982.33;138982.33;138982.33;
;ACC08;ITUB4;2;7346;7346;7346;10.35;76031.10;76031.10;76031.10;
;ACC02;WEGE3;1;3717;3717;3717;16.29;60549.93;60549.93;60549.93;
;ACC08;PETR4;1;4892;4892;4892;17.71;86637.32;86637.32;86637.32;
;ACC01;VALE3;1;9780;9780;9780;11.96;116968.80;116968.80;116968.80;
;ACC10;BBDC4;1;8693;8693;8693;10.41;90494.13;90494.13;90494.13;
;ACC07;PETR4;1;8427;8427;8427;18.99;160028.73;160028.73;160028.73;
;ACC07;ABEV3;1;2344;2344;2344;11.25;26370.00;26370.00;26370.00;
;ACC10;ITUB4;1;7831;7831;7831;19.72;154427.32;154427.32;154427.32;
;ACC05;ITUB4;2;3484;3484;3484;11.87;41355.08;41355.08;41355.08;
;ACC08;VALE3;1;2335;2335;2335;18.16;42403.60;42403.60;42403.60;
;ACC04;BBDC4;2;5670;5670;5670;12.36;70081.20;70081.20;70081.20;
;ACC05;PETR4;1;3060;3060;3060;18.93;57925.80;57925.80;57925.80;
;ACC01;ABEV3;2;2776;2776;2776;12.27;34061.52;34061.52;34061.52;
;ACC01;PETR4;1;4575;4575;4575;17.60;80520.00;80520.00;80520.00;
;ACC08;B3SA3;2;7290;7290;7290;15.26;111245.40;111245.40;111245.40;
;ACC04;VALE3;1;3849;3849;3849;16.51;63546.99;63546.99;63546.99;
;ACC03;BBDC4;1;7713;7713;7713;19.73;152177.49;152177.49;152177.49;
;ACC06;ITUB4;1;1639;1639;1639;16.77;27486.03;27486.03;27486.03;
;ACC04;LREN3;1;3971;3971;3971;13.27;52695.17;52695.17;52695.17;
;ACC02;BBDC4;2;3175;3175;3175;15.99;50768.25;50768.25;50768.25;
;ACC08;ABEV3;2;4539;4539;4539;16.67;75665.13;75665.13;75665.13;
;ACC06;BBAS3;1;5024;5024;5024;11.56;58077.44;58077.44;58077.44;
;ACC01;ITUB4;1;7595;7595;7595;19.59;148786.05;148786.05;148786.05;
;ACC09;BBAS3;2;2325;2325;2325;12.12;28179.00;28179.00;28179.00;
;ACC02;MGLU3;1;8946;8946;8946;10.11;90444.06;90444.06;90444.06;
;ACC01;PETR4;2;3577;3577;3577;16.12;57661.24;57661.24;57661.24;
;ACC03;VALE3;2;5758;5758;5758;12.47;71802.26;71802.26;71802.26;
;ACC08;VALE3;1;3558;3558;3558;10.88;38711.04;38711.04;38711.04;
;ACC03;MGLU3;1;5087;5087;5087;16.37;83274.19;83274.19;83274.19;
;ACC01;BBAS3;2;1752;1752;1752;10.76;18851.52;18851.52;18851.52;
;ACC07;BBAS3;1;9346;9346;9346;11.64;108787.44;108787.44;108787.44;
;ACC03;BBDC4;2;8890;8890;8890;10.26;91211.40;91211.40;91211.40;
;ACC04;MGLU3;2;5686;5686;5686;13.94;79262.84;79262.84;79262.84;
;ACC02;WEGE3;2;5244;5244;5244;17.12;89777.28;89777.28;89777.28;
;ACC04;B3SA3;2;7641;7641;7641;16.83;128598.03;128598.03;128598.03;
;ACC09;B3SA3;1;3098;3098;3098;16.38;50745.24;50745.24;50745.24;
;ACC03;MGLU3;2;1932;1932;1932;15.04;29057.28;29057.28;29057.28;
;ACC03;LREN3;1;8473;8473;8473;16.30;138109.90;138109.90;138109.90;
;ACC09;MGLU3;1;1979;1979;1979;10.43;20640.97;20640.97;20640.97;
;ACC07;WEGE3;2;7757;7757;7757;19.92;154519.44;154519.44;154519.44;
;ACC09;ABEV3;1;6926;6926;6926;13.01;90107.26;90107.26;90107.26;
;ACC09;ITUB4;1;6206;6206;6206;14.96;92841.76;92841.76;92841.76;
;ACC07;WEGE3;2;5976;5976;5976;17.10;102189.60;102189.60;102189.60;
;ACC03;BBDC4;1;3345;3345;3345;12.51;41845.95;41845.95;41845.95;
;ACC03;ITUB4;2;6221;6221;6221;15.19;94496.99;94496.99;94496.99;
;ACC03;BBDC4;2;1486;1486;1486;17.19;25544.34;25544.34;25544.34;
;ACC10;VALE3;1;7803;7803;7803;17.20;134211.60;134211.60;134211.60;
;ACC04;WEGE3;2;4415;4415;4415;13.49;59558.35;59558.35;59558.35;
;ACC05;LREN3;1;8278;8278;8278;10.91;90312.98;90312.98;90312.98;
;ACC04;WEGE3;1;7305;7305;7305;17.50;127837.50;127837.50;127837.50;
;ACC03;PETR4;1;8178;8178;8178;11.96;97808.88;97808.88;97808.88;
;ACC09;VALE3;1;1694;1694;1694;19.41;32880.54;32880.54;32880.54;
;ACC08;ABEV3;2;5222;5222;5222;17.09;89243.98;89243.98;89243.98;
;ACC10;BBAS3;1;9446;9446;9446;10.16;95971.36;95971.36;95971.36;
;ACC05;ITUB4;2;8904;8904;8904;19.73;175675.92;175675.92;175675.92;
;ACC09;PETR4;2;7307;7307;7307;13.47;98425.29;98425.29;98425.29;
;ACC05;MGLU3;2;6091;6091;6091;15.21;92644.11;92644.11;92644.11;
;ACC01;ABEV3;2;8543;8543;8543;16.92;144547.56;144547.56;144547.56;
;ACC01;WEGE3;1;6109;6109;6109;17.75;108434.75;108434.75;108434.75;
;ACC05;B3SA3;2;8611;8611;8611;11.41;98251.51;98251.51;98251.51;
;ACC09;VALE3;2;9014;9014;9014;18.76;169102.64;169102.64;169102.64;
;ACC03;ITUB4;2;5129;5129;5129;14.58;74780.82;74780.82;74780.82;
;ACC09;MGLU3;1;2436;2436;2436;16.73;40754.28;40754.28;40754.28;
;ACC04;ABEV3;1;8934;8934;8934;17.10;152771.40;152771.40;152771.40;
;ACC09;B3SA3;1;7117;7117;7117;10.49;74657.33;74657.33;74657.33;
;ACC01;BBDC4;1;9518;9518;9518;14.60;138962.80;138962.80;138962.80;
;ACC04;ITUB4;1;4908;4908;4908;17.27;84761.16;84761.16;84761.16;
;ACC02;ITUB4;2;3441;3441;3441;12.00;41292.00;41292.00;41292.00;
;ACC05;VALE3;2;6205;6205;6205;17.62;109332.10;109332.10;109332.10;
;ACC03;VALE3;2;5753;5753;5753;12.38;71222.14;71222.14;71222.14;
;ACC08;LREN3;2;9450;9450;9450;13.45;127102.50;127102.50;127102.50;
;ACC08;LREN3;2;1390;1390;1390;11.88;16513.20;16513.20;16513.20;
;ACC05;B3SA3;2;4269;4269;4269;17.49;74664.81;74664.81;74664.81;
;ACC03;ABEV3;1;3262;3262;3262;16.94;55258.28;55258.28;55258.28;
;ACC07;ABEV3;2;1426;1426;1426;18.99;27079.74;27079.74;27079.74;
;ACC07;LREN3;2;3643;3643;3643;15.27;55628.61;55628.61;55628.61;
;ACC02;B3SA3;2;6286;6286;6286;19.24;120942.64;120942.64;120942.64;
;ACC07;BBAS3;1;1595;1595;1595;13.21;21069.95;21069.95;21069.95;
;ACC05;ITUB4;1;6166;6166;6166;12.60;77691.60;77691.60;77691.60;
;ACC03;BBDC4;2;1372;1372;1372;14.82;20333.04;20333.04;20333.04;
;ACC06;BBDC4;1;5974;5974;5974;19.74;117926.76;117926.76;117926.76;
;ACC09;PETR4;1;8814;8814;8814;16.44;144902.16;144902.16;144902.16;
;ACC10;WEGE3;2;8527;8527;8527;17.23;146920.21;146920.21;146920.21;
;ACC05;LREN3;1;2783;2783;2783;15.14;42134.62;42134.62;42134.62;
;ACC08;VALE3;2;9972;9972;9972;17.68;176304.96;176304.96;176304.96;
;ACC07;ABEV3;2;5724;5724;5724;10.32;59071.68;59071.68;59071.68;
;ACC10;BBDC4;2;7728;7728;7728;13.92;107573.76;107573.76;107573.76;
;ACC10;LREN3;1;1475;1475;1475;13.80;20355.00;20355.00;20355.00;
;ACC03;MGLU3;2;8679;8679;8679;14.49;125758.71;125758.71;125758.71;
;ACC04;MGLU3;1;6995;6995;6995;17.25;120663.75;120663.75;120663.75;
;ACC01;PETR4;1;5185;5185;5185;16.53;85708.05;85708.05;85708.05;
;ACC07;BBDC4;1;1021;1021;1021;11.73;11976.33;11976.33;11976.33;
;ACC03;B3SA3;2;5135;5135;5135;16.31;83751.85;83751.85;83751.85;
;ACC10;BBAS3;1;3565;3565;3565;19.70;70230.50;70230.50;70230.50;
;ACC03;MGLU3;2;1928;1928;1928;12.66;24408.48;24408.48;24408.48;
;ACC03;MGLU3;2;3879;3879;3879;10.75;41699.25;41699.25;41699.25;
;ACC02;PETR4;1;4061;4061;4061;19.76;80245.36;80245.36;80245.36;
;ACC04;VALE3;1;7505;7505;7505;17.62;132238.10;132238.10;132238.10;
;ACC06;PETR4;1;7986;7986;7986;16.83;134404.38;134404.38;134404.38;
;ACC03;ITUB4;1;4926;4926;4926;11.81;58176.06;58176.06;58176.06;
;ACC06;VALE3;1;8855;8855;8855;16.55;146550.25;146550.25;146550.25;
;ACC08;B3SA3;1;5840;5840;5840;17.00;99280.00;99280.00;99280.00;
;ACC01;VALE3;2;7985;7985;7985;11.33;90470.05;90470.05;90470.05;
;ACC05;LREN3;2;9832;9832;9832;14.13;138926.16;138926.16;138926.16;
;ACC01;VALE3;2;5980;5980;5980;14.35;85813.00;85813.00;85813.00;
;ACC07;ABEV3;1;2076;2076;2076;12.24;25410.24;25410.24;25410.24;
;ACC03;PETR4;1;6926;6926;6926;12.31;85259.06;85259.06;85259.06;
;ACC09;WEGE3;2;1723;1723;1723;18.29;31513.67;31513.67;31513.67;
;ACC10;BBDC4;2;2045;2045;2045;19.88;40654.60;40654.60;40654.60;
;ACC08;ABEV3;1;4328;4328;4328;13.64;59033.92;59033.92;59033.92;
;ACC05;ITUB4;2;8335;8335;8335;10.41;86767.35;86767.35;86767.35;
;ACC10;LREN3;2;8241;8241;8241;12.40;102188.40;102188.40;102188.40;
;ACC07;WEGE3;1;3291;3291;3291;16.71;54992.61;54992.61;54992.61;
;ACC09;ABEV3;1;4040;4040;4040;19.98;80719.20;80719.20;80719.20;
;ACC02;MGLU3;1;8557;8557;8557;12.26;104908.82;104908.82;104908.82;
;ACC01;WEGE3;1;1737;1737;1737;19.87;34514.19;34514.19;34514.19;
;ACC09;ABEV3;1;5685;5685;5685;13.56;77088.60;77088.60;77088.60;
;ACC06;BBAS3;1;7313;7313;7313;16.51;120737.63;120737.63;120737.63;
;ACC05;LREN3;2;7844;7844;7844;19.51;153036.44;153036.44;153036.44;
;ACC07;PETR4;1;7049;7049;7049;13.94;98263.06;98263.06;98263.06;
;ACC04;LREN3;2;5467;5467;5467;16.67;91134.89;91134.89;91134.89;
;ACC01;B3SA3;2;5433;5433;5433;12.89;70031.37;70031.37;70031.37;
;ACC02;BBAS3;2;9991;9991;9991;11.99;119792.09;119792.09;119792.09;
;ACC09;B3SA3;1;5316;5316;5316;16.17;85959.72;85959.72;85959.72;
;ACC04;BBDC4;2;4094;4094;4094;17.84;73036.96;73036.96;73036.96;
;ACC10;MGLU3;2;6842;6842;6842;16.44;112482.48;112482.48;112482.48;
;ACC04;LREN3;2;2806;2806;2806;16.21;45485.26;45485.26;45485.26;
;ACC08;PETR4;2;5457;5457;5457;11.54;62973.78;62973.78;62973.78;
;ACC02;B3SA3;2;8080;8080;8080;14.62;118129.60;118129.60;118129.60;
;ACC06;ABEV3;1;2219;2219;2219;19.25;42715.75;42715.75;42715.75;
;ACC08;ABEV3;2;9412;9412;9412;15.95;150121.40;150121.40;150121.40;
;ACC05;B3SA3;2;7866;7866;7866;19.19;150948.54;150948.54;150948.54;
;ACC01;MGLU3;2;6647;6647;6647;12.48;82954.56;82954.56;82954.56;
;ACC03;VALE3;1;4851;4851;4851;10.30;49965.30;49965.30;49965.30;
;ACC05;ITUB4;2;1393;1393;1393;14.36;20003.48;20003.48;20003.48;
;ACC07;MGLU3;1;2708;2708;2708;19.23;52074.84;52074.84;52074.84;
;ACC10;LREN3;1;4940;4940;4940;18.94;93563.60;93563.60;93563.60;
;ACC03;MGLU3;2;3555;3555;3555;12.46;44295.30;44295.30;44295.30;
;ACC03;ITUB4;1;6550;6550;6550;16.52;108206.00;108206.00;108206.00;
;ACC06;BBDC4;1;8679;8679;8679;11.08;96163.32;96163.32;96163.32;
;ACC05;BBDC4;2;7329;7329;7329;10.59;77614.11;77614.11;77614.11;
;ACC03;LREN3;2;4599;4599;4599;14.61;67191.39;67191.39;67191.39;
;ACC08;LREN3;2;2486;2486;2486;15.07;37464.02;37464.02;37464.02;
;ACC01;PETR4;2;7833;7833;7833;19.39;151881.87;151881.87;151881.87;
;ACC02;BBAS3;2;8007;8007;8007;12.27;98245.89;98245.89;98245.89;
;ACC07;PETR4;2;8432;8432;8432;17.20;145030.40;145030.40;145030.40;
;ACC01;ITUB4;1;1064;1064;1064;13.57;14438.48;14438.48;14438.48;
;ACC02;BBDC4;2;8733;8733;8733;10.03;87591.99;87591.99;87591.99;
;ACC07;BBDC4;1;3884;3884;3884;11.82;45908.88;45908.88;45908.88;
;ACC03;ITUB4;1;2456;2456;2456;12.71;31215.76;31215.76;31215.76;
;ACC04;WEGE3;1;1299;1299;1299;15.21;19757.79;19757.79;19757.79;
;ACC01;ABEV3;1;2210;2210;2210;19.13;42277.30;42277.30;42277.30;
;ACC08;ITUB4;2;6060;6060;6060;10.26;62175.60;62175.60;62175.60;
;ACC07;B3SA3;1;2835;2835;2835;11.99;33991.65;33991.65;33991.65;
;ACC10;LREN3;2;5690;5690;5690;19.11;108735.90;108735.90;108735.90;
;ACC09;PETR4;1;6193;6193;6193;17.53;108563.29;108563.29;108563.29;
;ACC05;PETR4;1;6791;6791;6791;13.46;91406.86;91406.86;91406.86;
;ACC02;MGLU3;1;6255;6255;6255;17.56;109837.80;109837.80;109837.80;
;ACC09;WEGE3;1;2454;2454;2454;18.42;45202.68;45202.68;45202.68;
;ACC07;WEGE3;2;1864;1864;1864;11.88;22144.32;22144.32;22144.32;
;ACC04;B3SA3;2;3385;3385;3385;18.69;63265.65;63265.65;63265.65;
;ACC06;B3SA3;2;8271;8271;8271;11.38;94123.98;94123.98;94123.98;
;ACC09;ITUB4;2;1930;1930;1930;10.97;21172.10;21172.10;21172.10;
;ACC04;VALE3;1;1557;1557;1557;11.77;18325.89;18325.89;18325.89;
;ACC03;ABEV3;1;3408;3408;3408;15.56;53028.48;53028.48;53028.48;
;ACC03;LREN3;1;8578;8578;8578;19.63;168386.14;168386.14;168386.14;
;ACC08;WEGE3;2;2160;2160;2160;12.48;26956.80;26956.80;26956.80;
;ACC02;ABEV3;1;1089;1089;1089;11.92;12980.88;12980.88;12980.88;
;ACC03;WEGE3;2;9093;9093;9093;11.01;100113.93;100113.93;100113.93;
;ACC05;BBDC4;1;1770;1770;1770;19.64;34762.80;34762.80;34762.80;
;ACC07;LREN3;2;8730;8730;8730;18.62;162552.60;162552.60;162552.60;
;ACC02;ITUB4;1;3681;3681;3681;14.41;53043.21;53043.21;53043.21;
;ACC06;PETR4;2;7486;7486;7486;10.02;75009.72;75009.72;75009.72;
;ACC10;WEGE3;2;1476;1476;1476;15.95;23542.20;23542.20;23542.20;
;ACC07;ABEV3;2;1133;1133;1133;16.09;18229.97;18229.97;18229.97;
;ACC02;MGLU3;1;9890;9890;9890;12.26;121251.40;121251.40;121251.40;
;ACC04;BBAS3;1;6907;6907;6907;17.78;122806.46;122806.46;122806.46;
;ACC08;ITUB4;2;3179;3179;3179;14.29;45427.91;45427.91;45427.91;
;ACC04;PETR4;2;6792;6792;6792;15.57;105751.44;105751.44;105751.44;
;ACC01;VALE3;2;1866;1866;1866;13.15;24537.90;24537.90;24537.90;
;ACC04;ABEV3;1;3284;3284;3284;11.74;38554.16;38554.16;38554.16;
;ACC03;ITUB4;2;3633;3633;3633;15.91;57801.03;57801.03;57801.03;
;ACC02;BBAS3;2;3865;3865;3865;13.78;53259.70;53259.70;53259.70;
;ACC09;PETR4;1;5038;5038;5038;14.49;73000.62;73000.62;73000.62;
;ACC02;B3SA3;2;7325;7325;7325;19.19;140566.75;140566.75;140566.75;
;ACC01;LREN3;1;3507;3507;3507;13.34;46783.38;46783.38;46783.38;
;ACC05;B3SA3;2;8567;8567;8567;16.18;138614.06;138614.06;138614.06;
;ACC05;BBDC4;2;8908;8908;8908;16.65;148318.20;148318.20;148318.20;
;ACC05;VALE3;1;8568;8568;8568;13.59;116439.12;116439.12;116439.12;
;ACC07;VALE3;1;3079;3079;3079;12.64;38918.56;38918.56;38918.56;
;ACC06;PETR4;2;6755;6755;6755;11.68;78898.40;78898.40;78898.40;
;ACC07;ITUB4;2;7934;7934;7934;13.73;108933.82;108933.82;108933.82;
;ACC09;MGLU3;2;1584;1584;1584;11.13;17629.92;17629.92;17629.92;
;ACC10;BBDC4;2;3509;3509;3509;13.44;47160.96;47160.96;47160.96;
;ACC02;ABEV3;1;2625;2625;2625;10.74;28192.50;28192.50;28192.50;
;ACC06;ITUB4;2;8936;8936;8936;15.21;135916.56;135916.56;135916.56;
;ACC02;ITUB4;2;9782;9782;9782;14.11;138024.02;138024.02;138024.02;
;ACC10;B3SA3;1;8199;8199;8199;15.47;126838.53;126838.53;126838.53;
;ACC07;LREN3;1;9517;9517;9517;16.88;160646.96;160646.96;160646.96;
;ACC08;MGLU3;2;8719;8719;8719;12.03;104889.57;104889.57;104889.57;
;ACC05;ITUB4;2;7317;7317;7317;13.91;101779.47;101779.47;101779.47;
;ACC06;B3SA3;2;2975;2975;2975;18.41;54769.75;54769.75;54769.75;
;ACC01;WEGE3;2;7456;7456;7456;10.20;76051.20;76051.20;76051.20;
;ACC02;B3SA3;2;8646;8646;8646;17.15;148278.90;148278.90;148278.90;
;ACC09;VALE3;2;4816;4816;4816;10.02;48256.32;48256.32;48256.32;
;ACC04;B3SA3;1;7083;7083;7083;18.77;132947.91;132947.91;132947.91;
;ACC03;ABEV3;2;1858;1858;1858;18.19;33797.02;33797.02;33797.02;
;ACC03;BBAS3;2;8905;8905;8905;14.98;133396.90;133396.90;133396.90;
;ACC10;MGLU3;1;5549;5549;5549;19.71;109370.79;109370.79;109370.79;
;ACC07;MGLU3;1;7776;7776;7776;13.31;103498.56;103498.56;103498.56;
;ACC09;ITUB4;2;1932;1932;1932;13.98;27009.36;27009.36;27009.36;
;ACC09;VALE3;2;8359;8359;8359;17.04;142437.36;142437.36;142437.36;
;ACC02;BBDC4;1;3606;3606;3606;13.29;47923.74;47923.74;47923.74;
;ACC03;ABEV3;1;6223;6223;6223;11.79;73369.17;73369.17;73369.17;
;ACC04;BBDC4;1;6434;6434;6434;15.75;101335.50;101335.50;101335.50;
;ACC08;ABEV3;1;8425;8425;8425;16.89;142298.25;142298.25;142298.25;
;ACC01;BBDC4;2;9217;9217;9217;10.85;100004.45;100004.45;100004.45;
;ACC06;WEGE3;2;2813;2813;2813;15.59;43854.67;43854.67;43854.67;
;ACC02;ITUB4;1;2192;2192;2192;14.20;31126.40;31126.40;31126.40;
;ACC04;BBAS3;2;4655;4655;4655;19.03;88584.65;88584.65;88584.65;
;ACC10;LREN3;2;5652;5652;5652;12.33;69689.16;69689.16;69689.16;
;ACC01;BBAS3;1;3446;3446;3446;10.74;37010.04;37010.04;37010.04;
;ACC04;ITUB4;1;8392;8392;8392;19.97;167588.24;167588.24;167588.24;
;ACC01;PETR4;2;1065;1065;1065;19.15;20394.75;20394.75;20394.75;
;ACC09;VALE3;1;6650;6650;6650;16.84;111986.00;111986.00;111986.00;
;ACC04;ITUB4;2;9583;9583;9583;10.21;97842.43;97842.43;97842.43;
;ACC05;BBAS3;1;9611;9611;9611;10.53;101203.83;101203.83;101203.83;
;ACC02;PETR4;2;1109;1109;1109;14.19;15736.71;15736.71;15736.71;
;ACC03;B3SA3;1;4414;4414;4414;15.77;69608.78;69608.78;69608.78;
;ACC02;PETR4;2;3538;3538;3538;16.48;58306.24;58306.24;58306.24;
;ACC03;MGLU3;1;5798;5798;5798;18.63;108016.74;108016.74;108016.74;
;ACC05;ITUB4;2;4752;4752;4752;19.45;92426.40;92426.40;92426.40;
;ACC05;BBDC4;1;7962;7962;7962;10.92;86945.04;86945.04;86945.04;
;ACC04;BBDC4;2;2045;2045;2045;15.51;31717.95;31717.95;31717.95;
;ACC08;LREN3;1;9232;9232;9232;15.75;145404.00;145404.00;145404.00;
;ACC07;BBAS3;1;6566;6566;6566;10.75;70584.50;70584.50;70584.50;
;ACC09;BBDC4;1;6902;6902;6902;16.72;115401.44;115401.44;115401.44;
;ACC01;ITUB4;2;2887;2887;2887;18.91;54593.17;54593.17;54593.17;
;ACC06;VALE3;2;2041;2041;2041;19.45;39697.45;39697.45;39697.45;
;ACC06;B3SA3;2;9822;9822;9822;19.82;194672.04;194672.04;194672.04;
;ACC09;B3SA3;2;9468;9468;9468;10.76;101875.68;101875.68;101875.68;
;ACC01;MGLU3;2;2616;2616;2616;10.50;27468.00;27468.00;27468.00;
;ACC08;B3SA3;1;7574;7574;7574;10.75;81420.50;81420.50;81420.50;
;ACC03;LREN3;2;6206;6206;6206;17.16;106494.96;106494.96;106494.96;
;ACC10;WEGE3;1;6193;6193;6193;18.14;112341.02;112341.02;112341.02;
;ACC02;ABEV3;1;2571;2571;2571;15.69;40338.99;40338.99;40338.99;
;ACC04;BBAS3;2;2248;2248;2248;19.38;43566.24;43566.24;43566.24;
;ACC06;BBDC4;1;8208;8208;8208;13.33;109412.64;109412.64;109412.64;
;ACC09;BBDC4;1;5342;5342;5342;12.98;69339.16;69339.16;69339.16;
;ACC01;WEGE3;1;3746;3746;3746;15.31;57351.26;57351.26;57351.26;
;ACC07;MGLU3;2;6444;6444;6444;18.99;122371.56;122371.56;122371.56;
;ACC08;BBDC4;2;5070;5070;5070;10.43;52880.10;52880.10;52880.10;
;ACC06;MGLU3;2;7237;7237;7237;19.91;144088.67;144088.67;144088.67;
;ACC07;LREN3;2;9551;9551;9551;17.38;165996.38;165996.38;165996.38;
;ACC06;ITUB4;1;8772;8772;8772;16.33;143246.76;143246.76;143246.76;
;ACC05;VALE3;2;6424;6424;6424;15.79;101434.96;101434.96;101434.96;
;ACC03;WEGE3;2;4071;4071;4071;15.97;65013.87;65013.87;65013.87;
;ACC02;BBAS3;2;8515;8515;8515;11.81;100562.15;100562.15;100562.15;
;ACC06;B3SA3;2;7916;7916;7916;12.27;97129.32;97129.32;97129.32;
;ACC08;BBAS3;1;1368;1368;1368;19.97;27318.96;27318.96;27318.96;
;ACC01;ABEV3;2;1954;1954;1954;12.51;24444.54;24444.54;24444.54;
;ACC06;B3SA3;1;4397;4397;4397;10.82;47575.54;47575.54;47575.54;
;ACC09;BBDC4;2;6977;6977;6977;17.01;118678.77;118678.77;118678.77;
;ACC03;VALE3;1;9278;9278;9278;16.05;148911.90;148911.90;148911.90;
;ACC08;LREN3;1;9681;9681;9681;19.16;185487.96;185487.96;185487.96;
;ACC08;B3SA3;1;9616;9616;9616;15.93;153182.88;153182.88;153182.88;
;ACC09;B3SA3;1;3627;3627;3627;17.08;61949.16;61949.16;61949.16;
;ACC05;B3SA3;1;9334;9334;9334;14.24;132916.16;132916.16;132916.16;
;ACC06;PETR4;1;5452;5452;5452;11.50;62698.00;62698.00;62698.00;
;ACC06;ITUB4;2;7680;7680;7680;16.60;127488.00;127488.00;127488.00;
;ACC07;PETR4;1;9282;9282;9282;19.18;178028.76;178028.76;178028.76;
;ACC06;ITUB4;1;8491;8491;8491;10.83;91957.53;91957.53;91957.53;
;ACC03;B3SA3;2;7311;7311;7311;15.30;111858.30;111858.30;111858.30;
;ACC07;ABEV3;1;7962;7962;7962;12.15;96738.30;96738.30;96738.30;
;ACC08;BBAS3;2;1686;1686;1686;13.45;22676.70;22676.70;22676.70;
;ACC04;ITUB4;2;7383;7383;7383;15.90;117389.70;117389.70;117389.70;
;ACC02;VALE3;1;9159;9159;9159;19.05;174478.95;174478.95;174478.95;
;ACC02;WEGE3;1;1192;1192;1192;12.88;15352.96;15352.96;15352.96;
;ACC10;LREN3;1;8784;8784;8784;18.92;166193.28;166193.28;166193.28;
;ACC09;BBDC4;2;8032;8032;8032;17.75;142568.00;142568.00;142568.00;
;ACC03;ITUB4;1;7383;7383;7383;10.17;75085.11;75085.11;75085.11;
;ACC06;ABEV3;1;3694;3694;3694;17.90;66122.60;66122.60;66122.60;
;ACC06;BBAS3;2;6293;6293;6293;12.30;77403.90;77403.90;77403.90;
;ACC10;BBDC4;1;1906;1906;1906;11.61;22128.66;22128.66;22128.66;
;ACC02;ABEV3;2;4456;4456;4456;15.07;67151.92;67151.92;67151.92;
;ACC10;ITUB4;2;1427;1427;1427;18.42;26285.34;26285.34;26285.34;
;ACC05;PETR4;1;3802;3802;3802;12.97;49311.94;49311.94;49311.94;
;ACC02;MGLU3;2;3868;3868;3868;14.70;56859.60;56859.60;56859.60;
;ACC01;LREN3;2;2983;2983;2983;11.97;35706.51;35706.51;35706.51;
;ACC08;MGLU3;1;1695;1695;1695;11.76;19933.20;19933.20;19933.20;
;ACC08;VALE3;2;6906;6906;6906;14.39;99377.34;99377.34;99377.34;
;ACC05;VALE3;1;8097;8097;8097;12.60;102022.20;102022.20;102022.20;
;ACC02;BBAS3;1;3801;3801;3801;12.19;46334.19;46334.19;46334.19;
;ACC02;ABEV3;2;7326;7326;7326;11.54;84542.04;84542.04;84542.04;
;ACC10;B3SA3;2;5036;5036;5036;12.21;61489.56;61489.56;61489.56;
;ACC04;VALE3;2;5540;5540;5540;13.26;73460.40;73460.40;73460.40;
;ACC05;MGLU3;2;9225;9225;9225;19.87;183300.75;183300.75;183300.75;
;ACC01;ABEV3;1;5422;5422;5422;13.16;71353.52;71353.52;71353.52;
;ACC02;LREN3;1;6561;6561;6561;12.31;80765.91;80765.91;80765.91;
;ACC01;BBDC4;2;2951;2951;2951;14.65;43232.15;43232.15;43232.15;
;ACC03;ITUB4;1;8083;8083;8083;14.36;116071.88;116071.88;116071.88;
;ACC09;B3SA3;2;6131;6131;6131;18.86;115630.66;115630.66;115630.66;
;ACC05;BBAS3;1;8595;8595;8595;16.65;143106.75;143106.75;143106.75;
;ACC05;ITUB4;1;7314;7314;7314;10.06;73578.84;73578.84;73578.84;
;ACC10;MGLU3;2;1050;1050;1050;18.21;19120.50;19120.50;19120.50;
;ACC02;B3SA3;2;7785;7785;7785;13.67;106420.95;106420.95;106420.95;
;ACC02;BBAS3;1;2800;2800;2800;13.08;36624.00;36624.00;36624.00;
;ACC05;PETR4;1;4150;4150;4150;19.94;82751.00;82751.00;82751.00;
;ACC09;WEGE3;1;9215;9215;9215;15.63;144030.45;144030.45;144030.45;
;ACC01;WEGE3;1;2425;2425;2425;10.92;26481.00;26481.00;26481.00;
;ACC07;LREN3;2;7417;7417;7417;10.02;74318.34;74318.34;74318.34;
;ACC05;BBDC4;2;9437;9437;9437;11.43;107864.91;107864.91;107864.91;
;ACC02;BBAS3;2;9182;9182;9182;12.12;111285.84;111285.84;111285.84;
;ACC06;BBAS3;2;1130;1130;1130;18.74;21176.20;21176.20;21176.20;
;ACC07;MGLU3;2;6294;6294;6294;11.00;69234.00;69234.00;69234.00;
;ACC03;PETR4;1;8140;8140;8140;16.72;136100.80;136100.80;136100.80;
;ACC02;LREN3;2;9322;9322;9322;12.17;113448.74;113448.74;113448.74;
;ACC09;PETR4;1;3542;3542;3542;10.36;36695.12;36695.12;36695.12;
;ACC05;VALE3;1;3157;3157;3157;19.28;60866.96;60866.96;60866.96;
;ACC10;BBAS3;1;8369;8369;8369;11.72;98084.68;98084.68;98084.68;
;ACC03;WEGE3;1;5377;5377;5377;16.04;86247.08;86247.08;86247.08;
;ACC10;PETR4;2;7697;7697;7697;11.73;90285.81;90285.81;90285.81;
;ACC09;BBAS3;2;5398;5398;5398;11.56;62400.88;62400.88;62400.88;
;ACC01;VALE3;2;8982;8982;8982;11.96;107424.72;107424.72;107424.72;
;ACC04;ABEV3;2;3551;3551;3551;11.87;42150.37;42150.37;42150.37;
;ACC06;VALE3;1;2232;2232;2232;14.04;31337.28;31337.28;31337.28;
;ACC08;VALE3;1;4232;4232;4232;14.81;62675.92;62675.92;62675.92;
;ACC06;VALE3;2;3370;3370;3370;13.72;46236.40;46236.40;46236.40;
;ACC08;LREN3;2;6396;6396;6396;11.55;73873.80;73873.80;73873.80;
;ACC09;ITUB4;2;3106;3106;3106;14.30;44415.80;44415.80;44415.80;
;ACC03;B3SA3;2;7938;7938;7938;19.72;156537.36;156537.36;156537.36;
;ACC09;ABEV3;2;1222;1222;1222;12.13;14822.86;14822.86;14822.86;
;ACC02;BBDC4;1;5375;5375;5375;12.47;67026.25;67026.25;67026.25;
;ACC08;ITUB4;2;1057;1057;1057;16.30;17229.10;17229.10;17229.10;
;ACC05;B3SA3;1;6020;6020;6020;16.06;96681.20;96681.20;96681.20;
;ACC05;B3SA3;1;7517;7517;7517;15.85;119144.45;119144.45;119144.45;
;ACC01;WEGE3;1;9336;9336;9336;12.28;114646.08;114646.08;114646.08;
;ACC10;LREN3;1;4660;4660;4660;12.99;60533.40;60533.40;60533.40;
;ACC07;ABEV3;2;1156;1156;1156;17.91;20703.96;20703.96;20703.96;
;ACC02;BBAS3;2;7400;7400;7400;14.91;110334.00;110334.00;110334.00;
;ACC05;VALE3;1;1548;1548;1548;19.70;30495.60;30495.60;30495.60;
;ACC01;B3SA3;1;9540;9540;9540;11.40;108756.00;108756.00;108756.00;
;ACC06;ITUB4;1;1214;1214;1214;10.90;13232.60;13232.60;13232.60;
;ACC10;WEGE3;2;3044;3044;3044;12.27;37349.88;37349.88;37349.88;
;ACC03;ABEV3;1;3970;3970;3970;14.36;57009.20;57009.20;57009.20;
;ACC10;MGLU3;2;4129;4129;4129;15.65;64618.85;64618.85;64618.85;
;ACC04;PETR4;2;9796;9796;9796;12.15;119021.40;119021.40;119021.40;
;ACC02;VALE3;1;9433;9433;9433;17.04;160738.32;160738.32;160738.32;
;ACC10;LREN3;2;2443;2443;2443;12.71;31050.53;31050.53;31050.53;
;ACC10;B3SA3;1;9249;9249;9249;10.55;97576.95;97576.95;97576.95;
;ACC07;ITUB4;2;1909;1909;1909;15.46;29513.14;29513.14;29513.14;
;ACC05;B3SA3;1;7330;7330;7330;11.38;83415.40;83415.40;83415.40;
;ACC04;BBAS3;2;7654;7654;7654;18.89;144584.06;144584.06;144584.06;
;ACC03;MGLU3;1;1388;1388;1388;14.44;20042.72;20042.72;20042.72;
;ACC06;LREN3;2;3329;3329;3329;18.03;60021.87;60021.87;60021.87;
;ACC07;MGLU3;1;8514;8514;8514;16.93;144142.02;144142.02;144142.02;
;ACC06;BBAS3;2;3393;3393;3393;19.15;64975.95;64975.95;64975.95;
;ACC06;ABEV3;1;9687;9687;9687;11.12;107719.44;107719.44;107719.44;
;ACC10;PETR4;2;7546;7546;7546;12.57;94853.22;94853.22;94853.22;
;ACC05;B3SA3;2;9618;9618;9618;13.10;125995.80;125995.80;125995.80;
;ACC09;MGLU3;2;6548;6548;6548;14.32;93767.36;93767.36;93767.36;
;ACC06;ITUB4;2;6458;6458;6458;18.22;117664.76;117664.76;117664.76;
;ACC02;ITUB4;2;1109;1109;1109;15.65;17355.85;17355.85;17355.85;
;ACC10;MGLU3;2;9620;9620;9620;18.92;182010.40;182010.40;182010.40;
;ACC04;ITUB4;2;6464;6464;6464;16.04;103682.56;103682.56;103682.56;
;ACC07;ABEV3;2;9488;9488;9488;16.50;156552.00;156552.00;156552.00;
;ACC10;BBAS3;1;1319;1319;1319;13.88;18307.72;18307.72;18307.72;
;ACC10;ITUB4;1;8579;8579;8579;15.39;132030.81;132030.81;132030.81;
;ACC02;ITUB4;2;6637;6637;6637;13.33;88471.21;88471.21;88471.21;
;ACC07;BBAS3;2;7203;7203;7203;16.47;118633.41;118633.41;118633.41;
;ACC06;BBAS3;1;7693;7693;7693;16.07;123626.51;123626.51;123626.51;
;ACC09;MGLU3;1;4315;4315;4315;12.83;55361.45;55361.45;55361.45;
;ACC10;WEGE3;2;7546;7546;7546;14.01;105719.46;105719.46;105719.46;
;ACC07;LREN3;2;5417;5417;5417;17.10;92630.70;92630.70;92630.70;
;ACC10;MGLU3;2;5947;5947;5947;19.21;114241.87;114241.87;114241.87;
;ACC08;LREN3;2;1559;1559;1559;12.04;18770.36;18770.36;18770.36;
;ACC09;VALE3;1;6630;6630;6630;10.41;69018.30;69018.30;69018.30;
;ACC03;WEGE3;2;1343;1343;1343;14.71;19755.53;19755.53;19755.53;
;ACC07;PETR4;1;4749;4749;4749;18.28;86811.72;86811.72;86811.72;
;ACC03;VALE3;2;1948;1948;1948;10.30;20064.40;20064.40;20064.40;
;ACC05;B3SA3;1;2227;2227;2227;17.49;38950.23;38950.23;38950.23;
;ACC04;BBDC4;1;4824;4824;4824;18.84;90884.16;90884.16;90884.16;
;ACC09;WEGE3;1;7827;7827;7827;12.65;99011.55;99011.55;99011.55;
;ACC03;PETR4;2;5432;5432;5432;10.27;55786.64;55786.64;55786.64;
;ACC06;BBAS3;1;8090;8090;8090;18.36;148532.40;148532.40;148532.40;
;ACC07;MGLU3;2;5202;5202;5202;17.32;90098.64;90098.64;90098.64;
;ACC02;B3SA3;2;9070;9070;9070;13.68;124077.60;124077.60;124077.60;
;ACC10;MGLU3;1;7095;7095;7095;17.58;124730.10;124730.10;124730.10;
;ACC09;WEGE3;1;1305;1305;1305;14.46;18870.30;18870.30;18870.30;
;ACC01;PETR4;1;7645;7645;7645;14.43;110317.35;110317.35;110317.35;
;ACC04;ITUB4;1;9664;9664;9664;18.11;175015.04;175015.04;175015.04;
;ACC08;ABEV3;1;8307;8307;8307;19.43;161405.01;161405.01;161405.01;
;ACC01;WEGE3;1;2042;2042;2042;13.29;27138.18;27138.18;27138.18;
;ACC10;LREN3;1;6456;6456;6456;18.41;118854.96;118854.96;118854.96;
;ACC05;ABEV3;1;2850;2850;2850;15.39;43861.50;43861.50;43861.50;
;ACC05;MGLU3;1;4437;4437;4437;14.40;63892.80;63892.80;63892.80;
;ACC05;ABEV3;1;4022;4022;4022;13.67;54980.74;54980.74;54980.74;
;ACC04;PETR4;1;8330;8330;8330;15.39;128198.70;128198.70;128198.70;
;ACC09;BBDC4;2;2350;2350;2350;16.97;39879.50;39879.50;39879.50;
;ACC08;BBDC4;2;5893;5893;5893;11.06;65176.58;65176.58;65176.58;
;ACC08;B3SA3;2;8103;8103;8103;18.62;150877.86;150877.86;150877.86;
;ACC06;ITUB4;1;7826;7826;7826;14.42;112850.92;112850.92;112850.92;
;ACC10;ITUB4;2;7709;7709;7709;12.49;96285.41;96285.41;96285.41;
;ACC07;VALE3;2;6251;6251;6251;18.46;115393.46;115393.46;115393.46;
;ACC07;ITUB4;2;5436;5436;5436;17.62;95782.32;95782.32;95782.32;
;ACC01;BBDC4;1;5452;5452;5452;14.42;78617.84;78617.84;78617.84;
;ACC07;B3SA3;2;8529;8529;8529;18.46;157445.34;157445.34;157445.34;
;ACC03;MGLU3;2;3204;3204;3204;17.92;57415.68;57415.68;57415.68;
;ACC10;PETR4;1;2732;2732;2732;19.67;53738.44;53738.44;53738.44;
;ACC05;MGLU3;1;4840;4840;4840;18.26;88378.40;88378.40;88378.40;
;ACC07;LREN3;1;9254;9254;9254;12.56;116230.24;116230.24;116230.24;
;ACC01;ABEV3;2;8120;8120;8120;11.65;94598.00;94598.00;94598.00;
;ACC08;ITUB4;2;7438;7438;7438;19.67;146305.46;146305.46;146305.46;
;ACC07;LREN3;2;8411;8411;8411;16.83;141557.13;141557.13;141557.13;
;ACC05;VALE3;2;7624;7624;7624;14.69;111996.56;111996.56;111996.56;
;ACC02;BBAS3;1;5645;5645;5645;11.43;64522.35;64522.35;64522.35;
;ACC03;WEGE3;2;6665;6665;6665;13.41;89377.65;89377.65;89377.65;
;ACC10;PETR4;1;7359;7359;7359;14.86;109354.74;109354.74;109354.74;
;ACC01;BBAS3;2;7501;7501;7501;11.05;82886.05;82886.05;82886.05;
;ACC05;BBDC4;1;5202;5202;5202;16.48;85728.96;85728.96;85728.96;
;ACC09;VALE3;2;9204;9204;9204;17.24;158676.96;158676.96;158676.96;
;ACC07;PETR4;1;6729;6729;6729;12.21;82161.09;82161.09;82161.09;
;ACC07;LREN3;2;8153;8153;8153;15.25;124333.25;124333.25;124333.25;
;ACC03;MGLU3;2;7172;7172;7172;10.79;77385.88;77385.88;77385.88;
;ACC06;BBAS3;2;5116;5116;5116;17.11;87534.76;87534.76;87534.76;
;ACC10;BBAS3;1;8497;8497;8497;16.13;137056.61;137056.61;137056.61;
;ACC06;VALE3;2;3467;3467;3467;11.93;41361.31;41361.31;41361.31;
;ACC08;VALE3;2;4871;4871;4871;10.79;52558.09;52558.09;52558.09;
;ACC06;PETR4;1;7806;7806;7806;10.47;81728.82;81728.82;81728.82;
;ACC08;BBDC4;1;4197;4197;4197;19.26;80834.22;80834.22;80834.22;
;ACC03;ITUB4;1;4087;4087;4087;11.65;47613.55;47613.55;47613.55;
;ACC10;BBAS3;1;9367;9367;9367;13.78;129077.26;129077.26;129077.26;
;ACC03;ABEV3;2;7302;7302;7302;14.34;104710.68;104710.68;104710.68;
;ACC04;LREN3;1;9155;9155;9155;13.33;122036.15;122036.15;122036.15;
;ACC07;MGLU3;1;8135;8135;8135;19.95;162293.25;162293.25;162293.25;
;ACC04;BBAS3;1;2113;2113;2113;15.65;33068.45;33068.45;33068.45;
;ACC08;ITUB4;2;6256;6256;6256;17.99;112545.44;112545.44;112545.44;
;ACC08;ITUB4;2;6304;6304;6304;10.61;66885.44;66885.44;66885.44;
;ACC09;BBAS3;1;9858;9858;9858;18.36;180992.88;180992.88;180992.88;
;ACC07;LREN3;1;5369;5369;5369;14.29;76723.01;76723.01;76723.01;
;ACC06;LREN3;2;8172;8172;8172;13.08;106889.76;106889.76;106889.76;
;ACC07;LREN3;2;6905;6905;6905;10.99;75885.95;75885.95;75885.95;
;ACC04;B3SA3;1;4437;4437;4437;19.25;85412.25;85412.25;85412.25;
;ACC08;PETR4;1;7289;7289;7289;17.16;125079.24;125079.24;125079.24;
;ACC03;ABEV3;2;9671;9671;9671;13.00;125723.00;125723.00;125723.00;
;ACC02;B3SA3;1;3094;3094;3094;11.36;35147.84;35147.84;35147.84;
;ACC09;PETR4;1;5392;5392;5392;19.86;107085.12;107085.12;107085.12;
;ACC03;BBDC4;1;4939;4939;4939;12.92;63811.88;63811.88;63811.88;
;ACC05;ABEV3;1;9925;9925;9925;18.96;188178.00;188178.00;188178.00;
;ACC01;LREN3;2;8814;8814;8814;13.72;120928.08;120928.08;120928.08;
;ACC09;ITUB4;1;6392;6392;6392;19.51;124707.92;124707.92;124707.92;
;ACC10;LREN3;2;9172;9172;9172;13.96;128041.12;128041.12;128041.12;
;ACC10;BBAS3;1;8179;8179;8179;14.28;116796.12;116796.12;116796.12;
;ACC07;BBDC4;2;7747;7747;7747;12.99;100633.53;100633.53;100633.53;
;ACC08;PETR4;2;2756;2756;2756;13.93;38391.08;38391.08;38391.08;
;ACC01;ABEV3;1;2559;2559;2559;10.27;26280.93;26280.93;26280.93;
;ACC02;LREN3;1;6640;6640;6640;11.94;79281.60;79281.60;79281.60;
;ACC05;BBAS3;1;8211;8211;8211;11.30;92784.30;92784.30;92784.30;
;ACC10;MGLU3;2;5403;5403;5403;10.56;57055.68;57055.68;57055.68;
;ACC09;B3SA3;2;2346;2346;2346;13.45;31553.70;31553.70;31553.70;
;ACC08;WEGE3;1;1180;1180;1180;19.56;23080.80;23080.80;23080.80;
;ACC01;VALE3;2;9471;9471;9471;18.73;177391.83;177391.83;177391.83;
;ACC03;LREN3;2;5545;5545;5545;12.29;68148.05;68148.05;68148.05;
;ACC09;PETR4;2;5656;5656;5656;18.64;105427.84;105427.84;105427.84;
;ACC10;WEGE3;1;2025;2025;2025;12.93;26183.25;26183.25;26183.25;
;ACC01;B3SA3;2;1124;1124;1124;17.54;19714.96;19714.96;19714.96;
;ACC02;LREN3;1;8857;8857;8857;13.90;123112.30;123112.30;123112.30;
;ACC10;BBDC4;2;2730;2730;2730;11.36;31012.80;31012.80;31012.80;
;ACC08;PETR4;1;3927;3927;3927;13.00;51051.00;51051.00;51051.00;
;ACC07;VALE3;1;5860;5860;5860;16.22;95049.20;95049.20;95049.20;
;ACC01;PETR4;2;9062;9062;9062;18.25;165381.50;165381.50;165381.50;
;ACC05;B3SA3;2;7043;7043;7043;17.59;123886.37;123886.37;123886.37;
;ACC09;BBAS3;2;4236;4236;4236;14.62;61930.32;61930.32;61930.32;
;ACC05;LREN3;1;5087;5087;5087;16.41;83477.67;83477.67;83477.67;
;ACC04;WEGE3;1;1075;1075;1075;17.68;19006.00;19006.00;19006.00;
;ACC10;MGLU3;1;6304;6304;6304;19.08;120280.32;120280.32;120280.32;
;ACC08;ITUB4;1;8344;8344;8344;12.71;106052.24;106052.24;106052.24;
;ACC02;BBAS3;2;3331;3331;3331;12.29;40937.99;40937.99;40937.99;
;ACC10;ITUB4;2;4378;4378;4378;11.83;51791.74;51791.74;51791.74;
;ACC03;BBDC4;2;5346;5346;5346;10.19;54475.74;54475.74;54475.74;
;ACC07;B3SA3;2;7607;7607;7607;13.75;104596.25;104596.25;104596.25;
;ACC02;BBDC4;2;1325;1325;1325;11.05;14641.25;14641.25;14641.25;
;ACC01;VALE3;1;4121;4121;4121;17.32;71375.72;71375.72;71375.72;
;ACC01;WEGE3;2;5064;5064;5064;17.95;90898.80;90898.80;90898.80;
;ACC08;BBAS3;2;6984;6984;6984;17.86;124734.24;124734.24;124734.24;
;ACC03;WEGE3;1;4595;4595;4595;11.53;52980.35;52980.35;52980.35;
;ACC01;ITUB4;1;5247;5247;5247;15.46;81118.62;81118.62;81118.62;
;ACC07;ABEV3;2;2500;2500;2500;18.46;46150.00;46150.00;46150.00;
;ACC05;ABEV3;2;5298;5298;5298;19.68;104264.64;104264.64;104264.64;
;ACC03;B3SA3;1;8615;8615;8615;15.68;135083.20;135083.20;135083.20;
;ACC07;WEGE3;2;1054;1054;1054;16.79;17696.66;17696.66;17696.66;
;ACC01;ITUB4;2;3953;3953;3953;11.30;44668.90;44668.90;44668.90;
;ACC03;B3SA3;2;5863;5863;5863;19.05;111690.15;111690.15;111690.15;
;ACC02;BBDC4;2;9938;9938;9938;16.04;159405.52;159405.52;159405.52;
;ACC08;MGLU3;2;2634;2634;2634;18.88;49729.92;49729.92;49729.92;
;ACC09;MGLU3;2;5934;5934;5934;19.83;117671.22;117671.22;117671.22;
;ACC05;VALE3;1;7017;7017;7017;16.11;113043.87;113043.87;113043.87;
;ACC04;BBAS3;1;9195;9195;9195;19.49;179210.55;179210.55;179210.55;
;ACC10;BBAS3;2;9327;9327;9327;15.26;142330.02;142330.02;142330.02;
;ACC03;BBAS3;2;7571;7571;7571;12.09;91533.39;91533.39;91533.39;
;ACC02;ABEV3;1;1345;1345;1345;18.32;24640.40;24640.40;24640.40;
;ACC02;B3SA3;2;4186;4186;4186;17.41;72878.26;72878.26;72878.26;
;ACC01;WEGE3;1;9544;9544;9544;18.63;177804.72;177804.72;177804.72;
;ACC07;LREN3;2;1174;1174;1174;19.89;23350.86;23350.86;23350.86;
;ACC08;MGLU3;2;1655;1655;1655;19.68;32570.40;32570.40;32570.40;
;ACC09;MGLU3;1;5858;5858;5858;14.49;84882.42;84882.42;84882.42;
;ACC04;WEGE3;1;8947;8947;8947;16.70;149414.90;149414.90;149414.90;
;ACC01;ABEV3;1;1715;1715;1715;12.63;21660.45;21660.45;21660.45;
;ACC09;LREN3;1;4802;4802;4802;17.71;85043.42;85043.42;85043.42;
;ACC01;MGLU3;1;1935;1935;1935;11.48;22213.80;22213.80;22213.80;
;ACC04;BBDC4;2;1183;1183;1183;14.43;17070.69;17070.69;17070.69;
;ACC04;BBDC4;2;7114;7114;7114;16.78;119372.92;119372.92;119372.92;
;ACC04;BBAS3;2;6723;6723;6723;13.33;89617.59;89617.59;89617.59;
;ACC01;VALE3;2;9224;9224;9224;15.85;146200.40;146200.40;146200.40;
;ACC01;LREN3;1;1670;1670;1670;14.89;24866.30;24866.30;24866.30;
;ACC07;MGLU3;1;8486;8486;8486;12.68;107602.48;107602.48;107602.48;
;ACC10;MGLU3;1;2310;2310;2310;14.97;34580.70;34580.70;34580.70;
;ACC10;ITUB4;2;9032;9032;9032;11.32;102242.24;102242.24;102242.24;
;ACC06;BBAS3;1;7884;7884;7884;16.39;129218.76;129218.76;129218.76;
;ACC02;ABEV3;1;4011;4011;4011;15.83;63494.13;63494.13;63494.13;
;ACC02;BBDC4;1;4518;4518;4518;16.73;75586.14;75586.14;75586.14;
;ACC04;MGLU3;2;2417;2417;2417;10.28;24846.76;24846.76;24846.76;
;ACC06;MGLU3;2;7940;7940;7940;14.97;118861.80;118861.80;118861.80;
;ACC09;ABEV3;1;8154;8154;8154;17.48;142531.92;142531.92;142531.92;
;ACC10;PETR4;2;3145;3145;3145;10.87;34186.15;34186.15;34186.15;
;ACC05;LREN3;1;8183;8183;8183;18.29;149667.07;149667.07;149667.07;
;ACC09;BBDC4;2;1303;1303;1303;17.51;22815.53;22815.53;22815.53;
;ACC04;BBDC4;1;9309;9309;9309;15.18;141310.62;141310.62;141310.62;
;ACC10;WEGE3;2;3272;3272;3272;12.30;40245.60;40245.60;40245.60;
;ACC02;BBAS3;1;4810;4810;4810;15.34;73785.40;73785.40;73785.40;
;ACC09;VALE3;2;5811;5811;5811;13.31;77344.41;77344.41;77344.41;
;ACC04;ITUB4;2;4953;4953;4953;14.97;74146.41;74146.41;74146.41;
;ACC09;BBAS3;2;7249;7249;7249;15.04;109024.96;109024.96;109024.96;
;ACC10;VALE3;2;2943;2943;2943;14.78;43497.54;43497.54;43497.54;
;ACC07;BBAS3;1;1559;1559;1559;11.84;18458.56;18458.56;18458.56;
;ACC02;ABEV3;2;3103;3103;3103;11.09;34412.27;34412.27;34412.27;
;ACC04;ITUB4;1;8233;8233;8233;11.29;92950.57;92950.57;92950.57;
;ACC10;LREN3;1;3588;3588;3588;14.90;53461.20;53461.20;53461.20;
;ACC01;B3SA3;1;7324;7324;7324;12.57;92062.68;92062.68;92062.68;
;ACC05;ITUB4;2;4616;4616;4616;14.95;69009.20;69009.20;69009.20;
;ACC05;MGLU3;2;4957;4957;4957;12.04;59682.28;59682.28;59682.28;
;ACC04;VALE3;2;8558;8558;8558;19.26;164827.08;164827.08;164827.08;
;ACC10;ABEV3;2;5719;5719;5719;18.52;105915.88;105915.88;105915.88;
;ACC04;LREN3;1;6068;6068;6068;19.31;117173.08;117173.08;117173.08;
;ACC10;B3SA3;2;7120;7120;7120;16.90;120328.00;120328.00;120328.00;
;ACC03;BBAS3;1;5712;5712;5712;10.75;61404.00;61404.00;61404.00;
;ACC07;MGLU3;1;6698;6698;6698;12.66;84796.68;84796.68;84796.68;
;ACC06;PETR4;2;1295;1295;1295;18.91;24488.45;24488.45;24488.45;
;ACC06;BBDC4;1;5927;5927;5927;15.88;94120.76;94120.76;94120.76;
;ACC07;WEGE3;2;1946;1946;1946;12.07;23488.22;23488.22;23488.22;
;ACC10;MGLU3;1;8129;8129;8129;10.09;82021.61;82021.61;82021.61;
;ACC02;VALE3;1;5375;5375;5375;14.35;77131.25;77131.25;77131.25;
;ACC05;PETR4;1;2840;2840;2840;16.41;46604.40;46604.40;46604.40;
;ACC01;B3SA3;1;3251;3251;3251;19.37;62971.87;62971.87;62971.87;
;ACC01;PETR4;2;2242;2242;2242;16.69;37418.98;37418.98;37418.98;
;ACC10;BBAS3;1;2412;2412;2412;15.32;36951.84;36951.84;36951.84;
;ACC04;PETR4;1;4194;4194;4194;15.51;65048.94;65048.94;65048.94;
;ACC10;LREN3;2;2860;2860;2860;11.51;32918.60;32918.60;32918.60;
;ACC07;BBDC4;1;1718;1718;1718;17.66;30339.88;30339.88;30339.88;
;ACC06;BBDC4;2;6133;6133;6133;18.20;111620.60;111620.60;111620.60;
;ACC02;ITUB4;2;7181;7181;7181;17.75;127462.75;127462.75;127462.75;
;ACC04;ITUB4;1;6171;6171;6171;11.44;70596.24;70596.24;70596.24;
;ACC09;WEGE3;2;3307;3307;3307;16.49;54532.43;54532.43;54532.43;
;ACC06;BBAS3;1;3308;3308;3308;14.95;49454.60;49454.60;49454.60;
;ACC07;LREN3;2;1907;1907;1907;11.08;21129.56;21129.56;21129.56;
;ACC04;LREN3;1;2569;2569;2569;15.33;39382.77;39382.77;39382.77;
;ACC04;B3SA3;2;7043;7043;7043;15.84;111561.12;111561.12;111561.12;
;ACC09;BBAS3;1;4247;4247;4247;17.70;75171.90;75171.90;75171.90;
;ACC05;LREN3;2;7511;7511;7511;11.31;84949.41;84949.41;84949.41;
;ACC06;BBAS3;1;8921;8921;8921;16.50;147196.50;147196.50;147196.50;
;ACC09;B3SA3;2;8502;8502;8502;17.07;145129.14;145129.14;145129.14;
;ACC10;BBAS3;2;8499;8499;8499;10.61;90174.39;90174.39;90174.39;
;ACC03;WEGE3;2;3042;3042;3042;13.70;41675.40;41675.40;41675.40;
;ACC08;PETR4;1;5117;5117;5117;13.83;70768.11;70768.11;70768.11;
;ACC10;ITUB4;2;9555;9555;9555;11.92;113895.60;113895.60;113895.60;
;ACC08;B3SA3;2;3893;3893;3893;15.98;62210.14;62210.14;62210.14;
;ACC08;VALE3;1;8957;8957;8957;13.81;123696.17;123696.17;123696.17;
;ACC04;WEGE3;1;2766;2766;2766;14.41;39858.06;39858.06;39858.06;
;ACC01;PETR4;1;7869;7869;7869;10.33;81286.77;81286.77;81286.77;
;ACC09;BBDC4;2;8799;8799;8799;19.99;175892.01;175892.01;175892.01;
;ACC06;MGLU3;1;9792;9792;9792;13.54;132583.68;132583.68;132583.68;
;ACC01;ABEV3;2;2599;2599;2599;19.59;50914.41;50914.41;50914.41;
;ACC08;LREN3;1;7122;7122;7122;17.79;126700.38;126700.38;126700.38;
;ACC09;BBAS3;1;6604;6604;6604;19.54;129042.16;129042.16;129042.16;
;ACC04;ITUB4;1;7946;7946;7946;12.34;98053.64;98053.64;98053.64;
;ACC09;BBDC4;2;1062;1062;1062;17.29;18361.98;18361.98;18361.98;
;ACC07;ITUB4;1;5103;5103;5103;17.45;89047.35;89047.35;89047.35;
;ACC03;LREN3;2;2249;2249;2249;11.69;26290.81;26290.81;26290.81;
;ACC05;BBDC4;1;8610;8610;8610;13.44;115718.40;115718.40;115718.40;
;ACC09;B3SA3;2;4217;4217;4217;17.14;72279.38;72279.38;72279.38;
;ACC04;ABEV3;1;7479;7479;7479;19.02;142250.58;142250.58;142250.58;
;ACC07;PETR4;2;2906;2906;2906;10.51;30542.06;30542.06;30542.06;
;ACC05;BBDC4;2;6866;6866;6866;11.94;81980.04;81980.04;81980.04;
;ACC05;VALE3;1;6073;6073;6073;11.21;68078.33;68078.33;68078.33;
;ACC09;PETR4;1;1457;1457;1457;15.12;22029.84;22029.84;22029.84;
;ACC10;MGLU3;2;8989;8989;8989;11.08;99598.12;99598.12;99598.12;
;ACC07;ITUB4;2;2163;2163;2163;16.77;36273.51;36273.51;36273.51;
;ACC06;B3SA3;1;2341;2341;2341;11.39;26663.99;26663.99;26663.99;
;ACC08;BBAS3;1;9104;9104;9104;13.71;124815.84;124815.84;124815.84;
;ACC07;B3SA3;2;8845;8845;8845;12.13;107289.85;107289.85;107289.85;
;ACC08;ITUB4;2;4796;4796;4796;10.68;51221.28;51221.28;51221.28;
;ACC03;BBDC4;1;5101;5101;5101;16.39;83605.39;83605.39;83605.39;
;ACC02;PETR4;2;4629;4629;4629;13.76;63695.04;63695.04;63695.04;
;ACC08;PETR4;1;2038;2038;2038;15.48;31548.24;31548.24;31548.24;
;ACC05;BBDC4;1;2812;2812;2812;19.53;54918.36;54918.36;54918.36;
;ACC09;ITUB4;1;6482;6482;6482;19.26;124843.32;124843.32;124843.32;
;ACC09;B3SA3;1;9968;9968;9968;10.03;99979.04;99979.04;99979.04;
;ACC08;BBDC4;1;6983;6983;6983;19.47;135959.01;135959.01;135959.01;
;ACC04;WEGE3;2;3629;3629;3629;17.04;61838.16;61838.16;61838.16;
;ACC02;BBAS3;2;2481;2481;2481;15.59;38678.79;38678.79;38678.79;
;ACC04;ITUB4;2;5734;5734;5734;19.49;111755.66;111755.66;111755.66;
;ACC09;B3SA3;1;2683;2683;2683;14.42;38688.86;38688.86;38688.86;
;ACC06;BBDC4;1;5468;5468;5468;18.03;98588.04;98588.04;98588.04;
;ACC05;VALE3;1;8393;8393;8393;11.23;94253.39;94253.39;94253.39;
;ACC02;ABEV3;1;5131;5131;5131;16.34;83840.54;83840.54;83840.54;
;ACC02;ABEV3;1;6459;6459;6459;10.35;66850.65;66850.65;66850.65;
;ACC07;ITUB4;1;5079;5079;5079;18.27;92793.33;92793.33;92793.33;
;ACC10;VALE3;1;5608;5608;5608;16.69;93597.52;93597.52;93597.52;
;ACC04;VALE3;1;8300;8300;8300;17.46;144918.00;144918.00;144918.00;
;ACC02;ABEV3;2;9743;9743;9743;10.00;97430.00;97430.00;97430.00;
;ACC04;WEGE3;2;7449;7449;7449;17.92;133486.08;133486.08;133486.08;
;ACC04;VALE3;1;1778;1778;1778;11.30;20091.40;20091.40;20091.40;
;ACC01;PETR4;1;9529;9529;9529;15.62;148842.98;148842.98;148842.98;
;ACC09;ABEV3;2;5081;5081;5081;13.98;71032.38;71032.38;71032.38;
;ACC07;LREN3;1;8682;8682;8682;13.80;119811.60;119811.60;119811.60;
;ACC10;ITUB4;1;4092;4092;4092;19.84;81185.28;81185.28;81185.28;
;ACC06;BBAS3;2;4444;4444;4444;12.92;57416.48;57416.48;57416.48;
;ACC02;WEGE3;2;2286;2286;2286;14.36;32826.96;32826.96;32826.96;
;ACC07;LREN3;2;8983;8983;8983;18.62;167263.46;167263.46;167263.46;
;ACC06;ITUB4;2;6080;6080;6080;16.45;100016.00;100016.00;100016.00;
;ACC09;BBAS3;2;3906;3906;3906;11.95;46676.70;46676.70;46676.70;
;ACC08;LREN3;1;6496;6496;6496;18.27;118681.92;118681.92;118681.92;
;ACC05;WEGE3;2;2756;2756;2756;18.25;50297.00;50297.00;50297.00;
;ACC03;BBAS3;1;8977;8977;8977;13.34;119753.18;119753.18;119753.18;
;ACC05;ABEV3;1;9567;9567;9567;16.99;162543.33;162543.33;162543.33;
;ACC04;B3SA3;1;3246;3246;3246;12.07;39179.22;39179.22;39179.22;
;ACC04;BBDC4;2;6621;6621;6621;19.15;126792.15;126792.15;126792.15;
;ACC04;ABEV3;1;1420;1420;1420;15.49;21995.80;21995.80;21995.80;
;ACC03;PETR4;1;2974;2974;2974;13.54;40267.96;40267.96;40267.96;
;ACC05;VALE3;1;8896;8896;8896;17.94;159594.24;159594.24;159594.24;
;ACC03;VALE3;2;2251;2251;2251;12.25;27574.75;27574.75;27574.75;
;ACC05;ITUB4;2;7105;7105;7105;13.72;97480.60;97480.60;97480.60;
;ACC06;LREN3;1;9916;9916;9916;15.88;157466.08;157466.08;157466.08;
;ACC08;ABEV3;2;7425;7425;7425;14.45;107291.25;107291.25;107291.25;
;ACC03;PETR4;2;8666;8666;8666;14.01;121410.66;121410.66;121410.66;
;ACC02;LREN3;1;4821;4821;4821;12.50;60262.50;60262.50;60262.50;
;ACC06;MGLU3;1;6949;6949;6949;18.76;130363.24;130363.24;130363.24;
;ACC06;ITUB4;2;5241;5241;5241;13.76;72116.16;72116.16;72116.16;
;ACC02;BBAS3;1;2247;2247;2247;13.85;31120.95;31120.95;31120.95;
;ACC02;BBDC4;2;9845;9845;9845;15.49;152499.05;152499.05;152499.05;
;ACC06;BBAS3;2;8879;8879;8879;10.24;90920.96;90920.96;90920.96;
;ACC06;LREN3;2;2774;2774;2774;11.17;30985.58;30985.58;30985.58;
;ACC07;B3SA3;1;7247;7247;7247;17.32;125518.04;125518.04;125518.04;
;ACC09;MGLU3;2;1376;1376;1376;19.53;26873.28;26873.28;26873.28;
;ACC06;MGLU3;1;7108;7108;7108;15.91;113088.28;113088.28;113088.28;
;ACC07;ITUB4;1;3720;3720;3720;16.19;60226.80;60226.80;60226.80;
;ACC09;MGLU3;2;8691;8691;8691;12.09;105074.19;105074.19;105074.19;
;ACC03;VALE3;2;1457;1457;1457;15.27;22248.39;22248.39;22248.39;
;ACC03;PETR4;1;6013;6013;6013;11.66;70111.58;70111.58;70111.58;
;ACC03;MGLU3;2;2903;2903;2903;10.77;31265.31;31265.31;31265.31;
;ACC08;BBAS3;2;7128;7128;7128;10.04;71565.12;71565.12;71565.12;
;ACC06;ABEV3;1;8089;8089;8089;10.70;86552.30;86552.30;86552.30;
;ACC02;B3SA3;1;3793;3793;3793;17.17;65125.81;65125.81;65125.81;
;ACC05;MGLU3;2;6235;6235;6235;13.28;82800.80;82800.80;82800.80;
;ACC03;B3SA3;2;2091;2091;2091;18.44;38558.04;38558.04;38558.04;
;ACC03;B3SA3;2;7813;7813;7813;11.47;89615.11;89615.11;89615.11;
;ACC01;BBAS3;2;8669;8669;8669;19.88;172339.72;172339.72;172339.72;
;ACC04;ITUB4;2;2622;2622;2622;19.63;51469.86;51469.86;51469.86;
;ACC04;PETR4;2;1666;1666;1666;13.88;23124.08;23124.08;23124.08;
;ACC07;MGLU3;1;3897;3897;3897;11.14;43412.58;43412.58;43412.58;
;ACC01;MGLU3;1;9189;9189;9189;10.54;96852.06;96852.06;96852.06;
;ACC10;ABEV3;2;8432;8432;8432;16.38;138116.16;138116.16;138116.16;
;ACC10;VALE3;1;6910;6910;6910;17.56;121339.60;121339.60;121339.60;
;ACC03;ABEV3;2;5687;5687;5687;14.63;83200.81;83200.81;83200.81;
;ACC07;B3SA3;2;3407;3407;3407;12.63;43030.41;43030.41;43030.41;
;ACC02;BBDC4;1;6919;6919;6919;17.16;118730.04;118730.04;118730.04;
;ACC07;B3SA3;2;7181;7181;7181;11.70;84017.70;84017.70;84017.70;
;ACC09;PETR4;2;9869;9869;9869;13.64;134613.16;134613.16;134613.16;
;ACC04;ABEV3;1;9296;9296;9296;18.90;175694.40;175694.40;175694.40;
;ACC05;ABEV3;1;1442;1442;1442;11.65;16799.30;16799.30;16799.30;
;ACC06;LREN3;1;9597;9597;9597;18.48;177352.56;177352.56;177352.56;
;ACC03;BBDC4;2;3459;3459;3459;11.30;39086.70;39086.70;39086.70;
;ACC06;B3SA3;2;2687;2687;2687;15.08;40519.96;40519.96;40519.96;
;ACC08;BBDC4;2;6802;6802;6802;18.15;123456.30;123456.30;123456.30;
;ACC03;WEGE3;2;5274;5274;5274;10.82;57064.68;57064.68;57064.68;
;ACC05;LREN3;1;6494;6494;6494;14.03;91110.82;91110.82;91110.82;
;ACC03;VALE3;1;7150;7150;7150;12.91;92306.50;92306.50;92306.50;
;ACC06;PETR4;2;2885;2885;2885;10.63;30667.55;30667.55;30667.55;
;ACC06;ITUB4;2;6848;6848;6848;12.06;82586.88;82586.88;82586.88;
;ACC04;ABEV3;1;4972;4972;4972;15.11;75126.92;75126.92;75126.92;
;ACC07;B3SA3;1;8321;8321;8321;18.39;153023.19;153023.19;153023.19;
;ACC08;PETR4;1;4063;4063;4063;13.36;54281.68;54281.68;54281.68;
;ACC05;BBDC4;1;3061;3061;3061;10.84;33181.24;33181.24;33181.24;
;ACC03;VALE3;1;1708;1708;1708;12.62;21554.96;21554.96;21554.96;
;ACC08;ITUB4;1;6543;6543;6543;14.24;93172.32;93172.32;93172.32;
;ACC06;MGLU3;2;1077;1077;1077;19.94;21475.38;21475.38;21475.38;
;ACC01;BBDC4;2;5006;5006;5006;10.19;51011.14;51011.14;51011.14;
;ACC07;BBDC4;2;1097;1097;1097;13.25;14535.25;14535.25;14535.25;
;ACC05;ABEV3;1;3893;3893;3893;16.45;64039.85;64039.85;64039.85;
;ACC06;ITUB4;2;2233;2233;2233;14.62;32646.46;32646.46;32646.46;
;ACC05;B3SA3;1;8978;8978;8978;13.60;122100.80;122100.80;122100.80;
;ACC09;ITUB4;2;5035;5035;5035;14.12;71094.20;71094.20;71094.20;
;ACC05;WEGE3;2;9073;9073;9073;17.64;160047.72;160047.72;160047.72;
;ACC10;BBDC4;1;2764;2764;2764;16.91;46739.24;46739.24;46739.24;
;ACC09;MGLU3;1;3772;3772;3772;16.02;60427.44;60427.44;60427.44;
;ACC04;BBDC4;2;9229;9229;9229;13.13;121176.77;121176.77;121176.77;
;ACC09;LREN3;1;2179;2179;2179;11.22;24448.38;24448.38;24448.38;
;ACC05;BBDC4;1;1290;1290;1290;16.90;21801.00;21801.00;21801.00;
;ACC02;ITUB4;2;6739;6739;6739;18.67;125817.13;125817.13;125817.13;
;ACC06;BBAS3;1;7070;7070;7070;14.85;104989.50;104989.50;104989.50;
;ACC04;ABEV3;2;4601;4601;4601;17.43;80195.43;80195.43;80195.43;
;ACC06;BBAS3;1;5259;5259;5259;12.02;63213.18;63213.18;63213.18;
;ACC04;ABEV3;2;4083;4083;4083;11.09;45280.47;45280.47;45280.47;
;ACC04;ABEV3;1;7815;7815;7815;13.99;109331.85;109331.85;109331.85;
;ACC02;PETR4;2;1939;1939;1939;10.30;19971.70;19971.70;19971.70;
;ACC07;WEGE3;2;5673;5673;5673;16.43;93207.39;93207.39;93207.39;
;ACC05;WEGE3;2;5646;5646;5646;15.31;86440.26;86440.26;86440.26;
;ACC05;MGLU3;2;4467;4467;4467;13.58;60661.86;60661.86;60661.86;
;ACC01;MGLU3;1;7295;7295;7295;10.15;74044.25;74044.25;74044.25;
;ACC01;B3SA3;1;7632;7632;7632;19.66;150045.12;150045.12;150045.12;
;ACC09;VALE3;1;7094;7094;7094;10.19;72287.86;72287.86;72287.86;
;ACC09;BBAS3;1;7946;7946;7946;15.07;119746.22;119746.22;119746.22;
;ACC10;PETR4;1;7105;7105;7105;14.62;103875.10;103875.10;103875.10;
;ACC05;PETR4;1;2272;2272;2272;17.25;39192.00;39192.00;39192.00;
;ACC07;BBDC4;1;7354;7354;7354;13.28;97661.12;97661.12;97661.12;
;ACC08;LREN3;1;3112;3112;3112;17.58;54708.96;54708.96;54708.96;
;ACC02;LREN3;1;3550;3550;3550;16.89;59959.50;59959.50;59959.50;
;ACC06;ABEV3;1;4503;4503;4503;14.22;64032.66;64032.66;64032.66;
;ACC03;MGLU3;2;7441;7441;7441;17.65;131333.65;131333.65;131333.65;
;ACC02;WEGE3;2;9411;9411;9411;14.78;139094.58;139094.58;139094.58;
;ACC02;BBDC4;2;4388;4388;4388;10.07;44187.16;44187.16;44187.16;
;ACC04;PETR4;2;8311;8311;8311;10.69;88844.59;88844.59;88844.59;
;ACC03;BBAS3;1;5571;5571;5571;18.24;101615.04;101615.04;101615.04;
;ACC09;BBDC4;2;9639;9639;9639;17.80;171574.20;171574.20;171574.20;
;ACC07;WEGE3;1;3717;3717;3717;19.92;74042.64;74042.64;74042.64;
;ACC06;BBDC4;1;2582;2582;2582;18.89;48773.98;48773.98;48773.98;
;ACC10;WEGE3;2;1457;1457;1457;11.62;16930.34;16930.34;16930.34;
;ACC07;BBDC4;2;5167;5167;5167;10.31;53271.77;53271.77;53271.77;
;ACC06;ITUB4;2;7233;7233;7233;13.86;100249.38;100249.38;100249.38;
;ACC05;LREN3;2;7450;7450;7450;11.67;86941.50;86941.50;86941.50;
;ACC06;ABEV3;1;3894;3894;3894;18.75;73012.50;73012.50;73012.50;
;ACC02;PETR4;1;9626;9626;9626;13.64;131298.64;131298.64;131298.64;
;ACC01;WEGE3;1;9650;9650;9650;19.24;185666.00;185666.00;185666.00;
;ACC04;ITUB4;2;1157;1157;1157;17.35;20073.95;20073.95;20073.95;
;ACC06;PETR4;2;8742;8742;8742;17.73;154995.66;154995.66;154995.66;
;ACC03;ITUB4;1;9960;9960;9960;16.63;165634.80;165634.80;165634.80;
;ACC01;PETR4;2;2978;2978;2978;17.82;53067.96;53067.96;53067.96;
;ACC02;WEGE3;1;3771;3771;3771;12.60;47514.60;47514.60;47514.60;
;ACC02;VALE3;2;8938;8938;8938;10.01;89469.38;89469.38;89469.38;
;ACC07;B3SA3;1;8408;8408;8408;19.74;165973.92;165973.92;165973.92;
;ACC08;PETR4;1;7400;7400;7400;12.03;89022.00;89022.00;89022.00;
;ACC09;WEGE3;2;6822;6822;6822;15.72;107241.84;107241.84;107241.84;
;ACC01;PETR4;2;9342;9342;9342;16.14;150779.88;150779.88;150779.88;
;ACC10;WEGE3;2;6647;6647;6647;15.50;103028.50;103028.50;103028.50;
;ACC08;ABEV3;2;8249;8249;8249;12.94;106742.06;106742.06;106742.06;
;ACC07;ABEV3;2;4955;4955;4955;16.92;83838.60;83838.60;83838.60;
;ACC06;BBAS3;1;8282;8282;8282;19.97;165391.54;165391.54;165391.54;
;ACC06;WEGE3;1;8686;8686;8686;13.29;115436.94;115436.94;115436.94;
;ACC05;VALE3;1;9291;9291;9291;13.74;127658.34;127658.34;127658.34;
;ACC03;B3SA3;1;5732;5732;5732;16.84;96526.88;96526.88;96526.88;
;ACC02;VALE3;2;3589;3589;3589;18.79;67437.31;67437.31;67437.31;
;ACC03;WEGE3;2;4168;4168;4168;15.13;63061.84;63061.84;63061.84;
;ACC06;MGLU3;1;1508;1508;1508;18.30;27596.40;27596.40;27596.40;
;ACC05;BBDC4;1;3611;3611;3611;10.82;39071.02;39071.02;39071.02;
;ACC09;B3SA3;1;6968;6968;6968;19.47;135666.96;135666.96;135666.96;
;ACC03;B3SA3;1;3679;3679;3679;18.48;67987.92;67987.92;67987.92;
;ACC05;WEGE3;2;3816;3816;3816;13.58;51821.28;51821.28;51821.28;
;ACC07;BBAS3;2;7102;7102;7102;16.94;120307.88;120307.88;120307.88;
;ACC08;ABEV3;1;2303;2303;2303;14.68;33808.04;33808.04;33808.04;
;ACC10;PETR4;2;2714;2714;2714;10.17;27601.38;27601.38;27601.38;
;ACC04;ABEV3;1;7961;7961;7961;12.09;96248.49;96248.49;96248.49;
;ACC07;PETR4;2;3507;3507;3507;12.71;44573.97;44573.97;44573.97;
;ACC08;BBDC4;2;8979;8979;8979;18.83;169074.57;169074.57;169074.57;
;ACC03;MGLU3;2;7061;7061;7061;14.64;103373.04;103373.04;103373.04;
;ACC03;BBDC4;2;1280;1280;1280;13.76;17612.80;17612.80;17612.80;
;ACC05;MGLU3;1;4682;4682;4682;17.36;81279.52;81279.52;81279.52;
;ACC01;BBAS3;2;9802;9802;9802;19.71;193197.42;193197.42;193197.42;
;ACC10;WEGE3;2;6181;6181;6181;14.94;92344.14;92344.14;92344.14;
;ACC08;ABEV3;2;6929;6929;6929;14.15;98045.35;98045.35;98045.35;
;ACC03;B3SA3;2;9307;9307;9307;16.32;151890.24;151890.24;151890.24;
;ACC01;ABEV3;1;5592;5592;5592;13.05;72975.60;72975.60;72975.60;
;ACC10;ABEV3;2;9630;9630;9630;12.87;123938.10;123938.10;123938.10;
;ACC08;BBDC4;1;9093;9093;9093;11.37;103387.41;103387.41;103387.41;
;ACC05;B3SA3;2;5115;5115;5115;17.26;88284.90;88284.90;88284.90;
;ACC10;LREN3;1;5712;5712;5712;11.62;66373.44;66373.44;66373.44;
;ACC04;PETR4;1;5770;5770;5770;18.94;109283.80;109283.80;109283.80;
;ACC03;PETR4;2;3616;3616;3616;18.51;66932.16;66932.16;66932.16;
;ACC02;MGLU3;1;1663;1663;1663;16.02;26641.26;26641.26;26641.26;
;ACC01;MGLU3;1;9147;9147;9147;18.14;165926.58;165926.58;165926.58;
;ACC08;LREN3;2;3312;3312;3312;12.83;42492.96;42492.96;42492.96;
;ACC04;ABEV3;2;3074;3074;3074;12.88;39593.12;39593.12;39593.12;
;ACC06;PETR4;1;2540;2540;2540;17.05;43307.00;43307.00;43307.00;
;ACC03;BBAS3;2;8145;8145;8145;19.11;155650.95;155650.95;155650.95;
;ACC06;LREN3;1;7383;7383;7383;13.37;98710.71;98710.71;98710.71;
;ACC08;MGLU3;2;2930;2930;2930;10.72;31409.60;31409.60;31409.60;
;ACC10;BBDC4;1;5929;5929;5929;10.91;64685.39;64685.39;64685.39;
;ACC06;BBDC4;2;9302;9302;9302;10.01;93113.02;93113.02;93113.02;
;ACC08;VALE3;2;9342;9342;9342;16.48;153956.16;153956.16;153956.16;
;ACC01;VALE3;2;6566;6566;6566;14.84;97439.44;97439.44;97439.44;
;ACC03;VALE3;1;4275;4275;4275;18.09;77334.75;77334.75;77334.75;
;ACC04;MGLU3;1;3364;3364;3364;16.92;56918.88;56918.88;56918.88;
;ACC03;BBDC4;1;1025;1025;1025;10.65;10916.25;10916.25;10916.25;
;ACC04;MGLU3;1;4559;4559;4559;17.77;81013.43;81013.43;81013.43;
;ACC07;BBDC4;2;5971;5971;5971;19.27;115061.17;115061.17;115061.17;
;ACC02;BBAS3;2;9726;9726;9726;17.34;168648.84;168648.84;168648.84;
;ACC04;ABEV3;1;5329;5329;5329;18.84;100398.36;100398.36;100398.36;
;ACC08;B3SA3;1;4328;4328;4328;14.22;61544.16;61544.16;61544.16;
;ACC02;BBDC4;1;4177;4177;4177;14.91;62279.07;62279.07;62279.07;
;ACC07;BBAS3;1;2040;2040;2040;11.11;22664.40;22664.40;22664.40;
;ACC04;MGLU3;1;1262;1262;1262;16.65;21012.30;21012.30;21012.30;
;ACC09;PETR4;2;7157;7157;7157;16.11;115299.27;115299.27;115299.27;
;ACC08;B3SA3;1;8828;8828;8828;17.03;150340.84;150340.84;150340.84;
;ACC08;VALE3;1;9879;9879;9879;18.20;179797.80;179797.80;179797.80;
;ACC06;VALE3;2;2301;2301;2301;18.05;41533.05;41533.05;41533.05;
;ACC04;ABEV3;1;2619;2619;2619;17.36;45465.84;45465.84;45465.84;
;ACC06;MGLU3;2;3599;3599;3599;11.44;41172.56;41172.56;41172.56;
;ACC06;PETR4;2;8816;8816;8816;16.65;146786.40;146786.40;146786.40;
;ACC09;ITUB4;1;9967;9967;9967;15.37;153192.79;153192.79;153192.79;
;ACC06;BBDC4;2;5647;5647;5647;12.21;68949.87;68949.87;68949.87;
;ACC05;BBDC4;1;9862;9862;9862;15.96;157397.52;157397.52;157397.52;
;ACC09;ITUB4;2;6166;6166;6166;15.20;93723.20;93723.20;93723.20;
;ACC07;WEGE3;2;3432;3432;3432;17.74;60883.68;60883.68;60883.68;
;ACC05;MGLU3;1;8254;8254;8254;13.52;111594.08;111594.08;111594.08;
;ACC08;ITUB4;2;3607;3607;3607;19.13;69001.91;69001.91;69001.91;
;ACC05;LREN3;1;7538;7538;7538;15.91;119929.58;119929.58;119929.58;
;ACC03;BBAS3;1;2183;2183;2183;14.31;31238.73;31238.73;31238.73;
;ACC03;WEGE3;2;2049;2049;2049;11.19;22928.31;22928.31;22928.31;
;ACC07;ITUB4;2;1488;1488;1488;17.95;26709.60;26709.60;26709.60;
;ACC03;B3SA3;2;5575;5575;5575;14.67;81785.25;81785.25;81785.25;
;ACC10;BBDC4;2;2023;2023;2023;10.50;21241.50;21241.50;21241.50;
;ACC07;WEGE3;1;7554;7554;7554;12.00;90648.00;90648.00;90648.00;
;ACC03;BBAS3;1;1048;1048;1048;12.66;13267.68;13267.68;13267.68;
;ACC09;MGLU3;2;9299;9299;9299;16.95;157618.05;157618.05;157618.05;
;ACC06;LREN3;2;5205;5205;5205;14.66;76305.30;76305.30;76305.30;
;ACC02;ABEV3;1;8229;8229;8229;12.13;99817.77;99817.77;99817.77;
;ACC05;ITUB4;1;6879;6879;6879;15.46;106349.34;106349.34;106349.34;
;ACC01;MGLU3;2;5497;5497;5497;11.11;61071.67;61071.67;61071.67;
;ACC05;ABEV3;2;4735;4735;4735;18.64;88260.40;88260.40;88260.40;
;ACC01;ITUB4;1;5081;5081;5081;19.22;97656.82;97656.82;97656.82;
;ACC03;B3SA3;1;3059;3059;3059;10.83;33128.97;33128.97;33128.97;
;ACC05;B3SA3;2;1268;1268;1268;17.22;21834.96;21834.96;21834.96;
;ACC10;MGLU3;2;4981;4981;4981;15.92;79297.52;79297.52;79297.52;
;ACC01;PETR4;1;4053;4053;4053;15.36;62254.08;62254.08;62254.08;
;ACC09;WEGE3;2;5720;5720;5720;15.53;88831.60;88831.60;88831.60;
;ACC04;ITUB4;2;1454;1454;1454;13.54;19687.16;19687.16;19687.16;
;ACC04;WEGE3;1;5606;5606;5606;15.17;85043.02;85043.02;85043.02;
;ACC03;LREN3;1;9543;9543;9543;17.55;167479.65;167479.65;167479.65;
;ACC08;BBDC4;2;6148;6148;6148;17.06;104884.88;104884.88;104884.88;
;ACC06;MGLU3;2;6671;6671;6671;13.58;90592.18;90592.18;90592.18;
;ACC02;BBAS3;2;5545;5545;5545;17.92;99366.40;99366.40;99366.40;
;ACC04;ABEV3;2;1318;1318;1318;11.66;15367.88;15367.88;15367.88;
;ACC10;VALE3;2;4086;4086;4086;15.10;61698.60;61698.60;61698.60;
;ACC07;LREN3;1;7105;7105;7105;17.30;122916.50;122916.50;122916.50;
;ACC02;ITUB4;2;5566;5566;5566;18.50;102971.00;102971.00;102971.00;
;ACC04;WEGE3;2;8264;8264;8264;16.15;133463.60;133463.60;133463.60;
;ACC04;B3SA3;2;4249;4249;4249;17.72;75292.28;75292.28;75292.28;
;ACC04;VALE3;2;3609;3609;3609;19.61;70772.49;70772.49;70772.49;
;ACC10;ITUB4;2;6417;6417;6417;14.62;93816.54;93816.54;93816.54;
;ACC08;BBDC4;2;4031;4031;4031;10.18;41035.58;41035.58;41035.58;
;ACC06;ITUB4;1;5513;5513;5513;18.92;104305.96;104305.96;104305.96;
;ACC08;BBDC4;1;7601;7601;7601;14.71;111810.71;111810.71;111810.71;
;ACC02;PETR4;1;2651;2651;2651;12.78;33879.78;33879.78;33879.78;
;ACC03;PETR4;1;1215;1215;1215;11.07;13450.05;13450.05;13450.05;
;ACC02;ITUB4;2;2922;2922;2922;18.43;53852.46;53852.46;53852.46;
;ACC02;MGLU3;1;2936;2936;2936;15.52;45566.72;45566.72;45566.72;
;ACC08;ABEV3;2;3509;3509;3509;14.71;51617.39;51617.39;51617.39;
;ACC03;BBAS3;2;1938;1938;1938;16.46;31899.48;31899.48;31899.48;
;ACC01;BBAS3;1;9176;9176;9176;15.67;143787.92;143787.92;143787.92;
;ACC04;B3SA3;1;3379;3379;3379;14.93;50448.47;50448.47;50448.47;
;ACC09;ABEV3;1;6929;6929;6929;18.01;124791.29;124791.29;124791.29;
;ACC05;VALE3;1;7019;7019;7019;19.40;136168.60;136168.60;136168.60;
;ACC04;B3SA3;1;2640;2640;2640;15.83;41791.20;41791.20;41791.20;
;ACC04;WEGE3;1;4973;4973;4973;18.28;90906.44;90906.44;90906.44;
;ACC06;BBAS3;2;8878;8878;8878;14.28;126777.84;126777.84;126777.84;
;ACC09;BBAS3;1;4065;4065;4065;19.82;80568.30;80568.30;80568.30;
;ACC10;VALE3;2;1329;1329;1329;14.10;18738.90;18738.90;18738.90;
;ACC05;WEGE3;2;9810;9810;9810;11.85;116248.50;116248.50;116248.50;
;ACC04;ITUB4;1;8495;8495;8495;14.54;123517.30;123517.30;123517.30;
;ACC06;WEGE3;2;3322;3322;3322;12.72;42255.84;42255.84;42255.84;
;ACC07;BBDC4;2;3583;3583;3583;19.86;71158.38;71158.38;71158.38;
;ACC03;BBDC4;1;8538;8538;8538;17.00;145146.00;145146.00;145146.00;
;ACC08;ABEV3;1;1137;1137;1137;10.18;11574.66;11574.66;11574.66;
;ACC03;BBDC4;2;6808;6808;6808;14.07;95788.56;95788.56;95788.56;
;ACC09;B3SA3;1;3292;3292;3292;12.92;42532.64;42532.64;42532.64;
;ACC03;BBAS3;2;4289;4289;4289;17.09;73299.01;73299.01;73299.01;
;ACC10;B3SA3;2;1807;1807;1807;15.59;28171.13;28171.13;28171.13;
;ACC05;BBDC4;1;4289;4289;4289;17.16;73599.24;73599.24;73599.24;
;ACC08;ABEV3;2;7708;7708;7708;10.67;82244.36;82244.36;82244.36;
;ACC10;MGLU3;1;3955;3955;3955;10.20;40341.00;40341.00;40341.00;
;ACC10;LREN3;1;8380;8380;8380;19.71;165169.80;165169.80;165169.80;
;ACC02;PETR4;2;6952;6952;6952;17.75;123398.00;123398.00;123398.00;
;ACC01;BBAS3;2;6533;6533;6533;16.66;108839.78;108839.78;108839.78;
;ACC02;LREN3;1;9157;9157;9157;13.33;122062.81;122062.81;122062.81;
;ACC05;BBAS3;1;2797;2797;2797;18.65;52164.05;52164.05;52164.05;
;ACC04;ITUB4;2;3128;3128;3128;11.86;37098.08;37098.08;37098.08;
;ACC07;VALE3;2;8248;8248;8248;14.16;116791.68;116791.68;116791.68;
;ACC03;LREN3;2;9624;9624;9624;18.50;178044.00;178044.00;178044.00;
;ACC08;BBAS3;2;2136;2136;2136;12.63;26977.68;26977.68;26977.68;
;ACC07;B3SA3;1;5168;5168;5168;19.50;100776.00;100776.00;100776.00;
;ACC01;MGLU3;1;8399;8399;8399;13.45;112966.55;112966.55;112966.55;
;ACC10;BBDC4;1;1695;1695;1695;10.64;18034.80;18034.80;18034.80;
;ACC06;ABEV3;2;1788;1788;1788;12.75;22797.00;22797.00;22797.00;
;ACC08;ITUB4;2;7130;7130;7130;14.39;102600.70;102600.70;102600.70;
;ACC10;PETR4;1;2476;2476;2476;10.71;26517.96;26517.96;26517.96;
;ACC08;MGLU3;2;1472;1472;1472;17.15;25244.80;25244.80;25244.80;
;ACC10;ABEV3;1;6118;6118;6118;15.11;92442.98;92442.98;92442.98;
;ACC05;BBDC4;1;5588;5588;5588;10.46;58450.48;58450.48;58450.48;
;ACC01;VALE3;2;8234;8234;8234;10.65;87692.10;87692.10;87692.10;
;ACC03;PETR4;1;6478;6478;6478;15.99;103583.22;103583.22;103583.22;
;ACC06;MGLU3;1;2260;2260;2260;12.49;28227.40;28227.40;28227.40;
;ACC09;WEGE3;1;3937;3937;3937;10.38;40866.06;40866.06;40866.06;
;ACC03;B3SA3;2;6075;6075;6075;13.50;82012.50;82012.50;82012.50;
;ACC09;WEGE3;1;8821;8821;8821;19.22;169539.62;169539.62;169539.62;
;ACC03;B3SA3;2;8026;8026;8026;12.78;102572.28;102572.28;102572.28;
;ACC04;MGLU3;1;1257;1257;1257;19.44;24436.08;24436.08;24436.08;
;ACC08;PETR4;1;5998;5998;5998;10.38;62259.24;62259.24;62259.24;
;ACC05;ABEV3;2;5200;5200;5200;13.22;68744.00;68744.00;68744.00;
;ACC09;ITUB4;2;3559;3559;3559;12.68;45128.12;45128.12;45128.12;
;ACC02;B3SA3;1;4452;4452;4452;15.74;70074.48;70074.48;70074.48;
;ACC10;ITUB4;2;2084;2084;2084;15.35;31989.40;31989.40;31989.40;
;ACC03;WEGE3;1;5077;5077;5077;10.43;52953.11;52953.11;52953.11;
;ACC10;WEGE3;2;3355;3355;3355;10.48;35160.40;35160.40;35160.40;
;ACC02;B3SA3;2;3622;3622;3622;17.41;63059.02;63059.02;63059.02;
;ACC06;BBDC4;2;8326;8326;8326;18.69;155612.94;155612.94;155612.94;
;ACC09;MGLU3;2;6281;6281;6281;17.19;107970.39;107970.39;107970.39;
;ACC02;VALE3;1;1208;1208;1208;18.57;22432.56;22432.56;22432.56;
;ACC04;ABEV3;1;7748;7748;7748;12.99;100646.52;100646.52;100646.52;
;ACC02;BBAS3;1;1741;1741;1741;16.70;29074.70;29074.70;29074.70;
;ACC06;BBDC4;1;7254;7254;7254;12.26;88934.04;88934.04;88934.04;
;ACC06;LREN3;1;3386;3386;3386;10.46;35417.56;35417.56;35417.56;
;ACC01;BBDC4;2;6795;6795;6795;15.79;107293.05;107293.05;107293.05;
;ACC04;BBAS3;1;7631;7631;7631;19.79;151017.49;151017.49;151017.49;
;ACC01;VALE3;1;6352;6352;6352;12.52;79527.04;79527.04;79527.04;
;ACC09;PETR4;2;1548;1548;1548;16.06;24860.88;24860.88;24860.88;
;ACC02;MGLU3;2;3321;3321;3321;18.71;62135.91;62135.91;62135.91;
;ACC01;MGLU3;2;9410;9410;9410;11.68;109908.80;109908.80;109908.80;
;ACC07;LREN3;2;5319;5319;5319;19.88;105741.72;105741.72;105741.72;
;ACC09;ABEV3;1;2207;2207;2207;18.41;40630.87;40630.87;40630.87;
;ACC04;VALE3;2;8556;8556;8556;18.64;159483.84;159483.84;159483.84;
;ACC02;B3SA3;1;4591;4591;4591;10.86;49858.26;49858.26;49858.26;
;ACC08;BBDC4;2;3184;3184;3184;13.45;42824.80;42824.80;42824.80;
;ACC01;PETR4;1;3098;3098;3098;14.49;44890.02;44890.02;44890.02;
;ACC07;WEGE3;2;1024;1024;1024;16.57;16967.68;16967.68;16967.68;
;ACC03;VALE3;1;2749;2749;2749;14.81;40712.69;40712.69;40712.69;
;ACC06;ABEV3;2;2285;2285;2285;16.10;36788.50;36788.50;36788.50;
;ACC04;MGLU3;1;1280;1280;1280;17.60;22528.00;22528.00;22528.00;
;ACC10;ABEV3;2;4309;4309;4309;10.83;46666.47;46666.47;46666.47;
;ACC09;LREN3;1;2399;2399;2399;12.08;28979.92;28979.92;28979.92;
;ACC07;MGLU3;1;6755;6755;6755;16.83;113686.65;113686.65;113686.65;
;ACC06;MGLU3;1;7602;7602;7602;10.95;83241.90;83241.90;83241.90;
;ACC07;MGLU3;2;2014;2014;2014;10.36;20865.04;20865.04;20865.04;
;ACC01;ABEV3;2;6356;6356;6356;17.17;109132.52;109132.52;109132.52;
;ACC09;BBDC4;2;9570;9570;9570;11.99;114744.30;114744.30;114744.30;
;ACC03;ITUB4;2;8083;8083;8083;15.94;128843.02;128843.02;128843.02;
;ACC01;PETR4;2;9126;9126;9126;14.07;128402.82;128402.82;128402.82;
;ACC08;BBDC4;1;4370;4370;4370;12.61;55105.70;55105.70;55105.70;
;ACC05;ABEV3;2;6375;6375;6375;16.12;102765.00;102765.00;102765.00;
;ACC09;MGLU3;1;9018;9018;9018;19.96;179999.28;179999.28;179999.28;
;ACC04;ABEV3;1;7500;7500;7500;13.21;99075.00;99075.00;99075.00;
;ACC05;PETR4;1;9182;9182;9182;18.22;167296.04;167296.04;167296.04;
;ACC02;B3SA3;1;5286;5286;5286;18.81;99429.66;99429.66;99429.66;
;ACC02;BBAS3;1;5863;5863;5863;18.39;107820.57;107820.57;107820.57;
;ACC05;B3SA3;2;4719;4719;4719;19.74;93153.06;93153.06;93153.06;
;ACC06;WEGE3;1;1484;1484;1484;14.52;21547.68;21547.68;21547.68;
;ACC04;PETR4;1;6076;6076;6076;19.09;115990.84;115990.84;115990.84;
;ACC10;VALE3;2;6117;6117;6117;15.78;96526.26;96526.26;96526.26;
;ACC01;B3SA3;1;8652;8652;8652;13.49;116715.48;116715.48;116715.48;
;ACC07;MGLU3;1;9071;9071;9071;17.68;160375.28;160375.28;160375.28;
;ACC01;WEGE3;2;4656;4656;4656;14.75;68676.00;68676.00;68676.00;
;ACC10;ITUB4;2;6080;6080;6080;18.88;114790.40;114790.40;114790.40;
;ACC08;BBDC4;1;8348;8348;8348;10.95;91410.60;91410.60;91410.60;
;ACC05;BBDC4;2;6365;6365;6365;14.13;89937.45;89937.45;89937.45;
;ACC05;B3SA3;1;2690;2690;2690;17.15;46133.50;46133.50;46133.50;
;ACC09;MGLU3;1;9466;9466;9466;16.24;153727.84;153727.84;153727.84;
;ACC03;LREN3;1;3266;3266;3266;14.14;46181.24;46181.24;46181.24;
;ACC01;MGLU3;1;7064;7064;7064;11.10;78410.40;78410.40;78410.40;
;ACC09;LREN3;2;8332;8332;8332;13.42;111815.44;111815.44;111815.44;
;ACC10;LREN3;1;4536;4536;4536;10.13;45949.68;45949.68;45949.68;
;ACC07;MGLU3;2;1497;1497;1497;17.89;26781.33;26781.33;26781.33;
;ACC02;MGLU3;2;6028;6028;6028;13.82;83306.96;83306.96;83306.96;
;ACC10;BBAS3;1;2382;2382;2382;18.35;43709.70;43709.70;43709.70;
;ACC04;BBDC4;2;3500;3500;3500;17.27;60445.00;60445.00;60445.00;
;ACC03;BBDC4;2;3178;3178;3178;10.71;34036.38;34036.38;34036.38;
;ACC09;ITUB4;1;7048;7048;7048;12.84;90496.32;90496.32;90496.32;
;ACC08;PETR4;2;2550;2550;2550;18.98;48399.00;48399.00;48399.00;
;ACC10;LREN3;2;4495;4495;4495;18.32;82348.40;82348.40;82348.40;
;ACC09;BBAS3;2;7588;7588;7588;18.68;141743.84;141743.84;141743.84;
;ACC06;VALE3;2;6004;6004;6004;16.45;98765.80;98765.80;98765.80;
;ACC04;VALE3;1;9628;9628;9628;10.66;102634.48;102634.48;102634.48;
;ACC02;PETR4;1;2141;2141;2141;16.04;34341.64;34341.64;34341.64;
;ACC10;ABEV3;2;3143;3143;3143;14.17;44536.31;44536.31;44536.31;
;ACC09;MGLU3;1;3199;3199;3199;11.30;36148.70;36148.70;36148.70;
;ACC09;WEGE3;1;1020;1020;1020;15.94;16258.80;16258.80;16258.80;
;ACC07;VALE3;1;6524;6524;6524;11.00;71764.00;71764.00;71764.00;
;ACC04;B3SA3;1;3561;3561;3561;13.43;47824.23;47824.23;47824.23;
;ACC10;B3SA3;2;3979;3979;3979;10.12;40267.48;40267.48;40267.48;
;ACC07;ITUB4;1;6149;6149;6149;15.88;97646.12;97646.12;97646.12;
;ACC05;MGLU3;2;8779;8779;8779;17.36;152403.44;152403.44;152403.44;
;ACC06;BBAS3;2;2320;2320;2320;17.31;40159.20;40159.20;40159.20;
;ACC05;VALE3;2;9182;9182;9182;13.22;121386.04;121386.04;121386.04;
;ACC10;B3SA3;2;4439;4439;4439;18.84;83630.76;83630.76;83630.76;
;ACC04;WEGE3;2;3387;3387;3387;11.70;39627.90;39627.90;39627.90;
;ACC04;ITUB4;1;1424;1424;1424;12.30;17515.20;17515.20;17515.20;
;ACC08;VALE3;2;3374;3374;3374;11.85;39981.90;39981.90;39981.90;
;ACC06;BBAS3;2;5625;5625;5625;18.26;102712.50;102712.50;102712.50;
;ACC08;MGLU3;1;3675;3675;3675;14.15;52001.25;52001.25;52001.25;
;ACC07;B3SA3;2;7731;7731;7731;18.81;145420.11;145420.11;145420.11;
;ACC01;PETR4;1;4201;4201;4201;16.65;69946.65;69946.65;69946.65;
;ACC08;ITUB4;2;3873;3873;3873;19.53;75639.69;75639.69;75639.69;
;ACC03;ITUB4;2;4678;4678;4678;13.17;61609.26;61609.26;61609.26;
;ACC01;ABEV3;1;8015;8015;8015;17.74;142186.10;142186.10;142186.10;
;ACC10;VALE3;2;9167;9167;9167;16.34;149788.78;149788.78;149788.78;
;ACC07;BBAS3;1;7084;7084;7084;14.97;106047.48;106047.48;106047.48;
;ACC05;ITUB4;2;3673;3673;3673;15.82;58106.86;58106.86;58106.86;
;ACC02;B3SA3;2;7797;7797;7797;16.24;126623.28;126623.28;126623.28;
;ACC01;BBAS3;2;4542;4542;4542;16.47;74806.74;74806.74;74806.74;
;ACC06;VALE3;1;5686;5686;5686;16.32;92795.52;92795.52;92795.52;
;ACC09;BBAS3;2;6772;6772;6772;13.22;89525.84;89525.84;89525.84;
;ACC05;BBAS3;1;8861;8861;8861;18.79;166498.19;166498.19;166498.19;
;ACC08;WEGE3;1;2952;2952;2952;18.67;55113.84;55113.84;55113.84;
;ACC01;ITUB4;2;9068;9068;9068;18.87;171113.16;171113.16;171113.16;
;ACC02;B3SA3;2;1839;1839;1839;11.86;21810.54;21810.54;21810.54;
;ACC08;WEGE3;2;8438;8438;8438;18.63;157199.94;157199.94;157199.94;
;ACC01;ABEV3;2;9900;9900;9900;10.64;105336.00;105336.00;105336.00;
;ACC03;WEGE3;2;7781;7781;7781;11.17;86913.77;86913.77;86913.77;
;ACC08;VALE3;2;6525;6525;6525;12.30;80257.50;80257.50;80257.50;
;ACC03;ITUB4;1;4875;4875;4875;19.18;93502.50;93502.50;93502.50;
;ACC10;ITUB4;2;6270;6270;6270;19.11;119819.70;119819.70;119819.70;
;ACC02;WEGE3;1;9456;9456;9456;16.39;154983.84;154983.84;154983.84;
;ACC06;MGLU3;1;1521;1521;1521;17.79;27058.59;27058.59;27058.59;
;ACC09;MGLU3;1;1625;1625;1625;11.20;18200.00;18200.00;18200.00;
;ACC08;LREN3;2;2188;2188;2188;11.61;25402.68;25402.68;25402.68;
;ACC04;ITUB4;2;8814;8814;8814;17.15;151160.10;151160.10;151160.10;
;ACC07;LREN3;2;6796;6796;6796;10.91;74144.36;74144.36;74144.36;
;ACC01;WEGE3;2;2684;2684;2684;12.70;34086.80;34086.80;34086.80;
;ACC10;MGLU3;2;9024;9024;9024;13.10;118214.40;118214.40;118214.40;
;ACC09;MGLU3;1;6553;6553;6553;15.91;104258.23;104258.23;104258.23;
;ACC01;BBDC4;1;6712;6712;6712;10.56;70878.72;70878.72;70878.72;
;ACC07;PETR4;1;4552;4552;4552;18.18;82755.36;82755.36;82755.36;
;ACC02;VALE3;1;7956;7956;7956;13.50;107406.00;107406.00;107406.00;
;ACC01;WEGE3;1;1421;1421;1421;19.39;27553.19;27553.19;27553.19;
;ACC10;VALE3;2;1868;1868;1868;17.11;31961.48;31961.48;31961.48;
;ACC01;BBDC4;1;1940;1940;1940;17.88;34687.20;34687.20;34687.20;
;ACC05;WEGE3;2;9206;9206;9206;10.24;94269.44;94269.44;94269.44;
;ACC03;WEGE3;1;7835;7835;7835;13.84;108436.40;108436.40;108436.40;
;ACC07;ITUB4;1;4013;4013;4013;17.92;71912.96;71912.96;71912.96;
;ACC05;LREN3;1;3851;3851;3851;16.24;62540.24;62540.24;62540.24;
;ACC07;BBDC4;2;7560;7560;7560;13.81;104403.60;104403.60;104403.60;
;ACC05;ABEV3;2;7661;7661;7661;18.31;140272.91;140272.91;140272.91;
;ACC06;PETR4;1;1300;1300;1300;10.08;13104.00;13104.00;13104.00;
;ACC08;WEGE3;1;4451;4451;4451;10.08;44866.08;44866.08;44866.08;
;ACC05;LREN3;1;3922;3922;3922;13.21;51809.62;51809.62;51809.62;
;ACC05;BBDC4;2;2915;2915;2915;17.66;51478.90;51478.90;51478.90;
;ACC05;ITUB4;1;6002;6002;6002;12.38;74304.76;74304.76;74304.76;
;ACC10;ITUB4;2;4160;4160;4160;18.91;78665.60;78665.60;78665.60;
;ACC10;B3SA3;1;7640;7640;7640;16.63;127053.20;127053.20;127053.20;
;ACC07;BBDC4;1;4132;4132;4132;14.49;59872.68;59872.68;59872.68;
;ACC06;PETR4;1;1285;1285;1285;14.85;19082.25;19082.25;19082.25;
;ACC09;B3SA3;1;8450;8450;8450;11.74;99203.00;99203.00;99203.00;
;ACC05;ABEV3;1;6643;6643;6643;10.12;67227.16;67227.16;67227.16;
;ACC02;VALE3;1;9417;9417;9417;16.18;152367.06;152367.06;152367.06;
;ACC05;BBAS3;1;7013;7013;7013;15.19;106527.47;106527.47;106527.47;
;ACC10;MGLU3;2;8210;8210;8210;12.66;103938.60;103938.60;103938.60;
;ACC03;ITUB4;2;1269;1269;1269;13.84;17562.96;17562.96;17562.96;
;ACC06;ITUB4;2;1443;1443;1443;19.25;27777.75;27777.75;27777.75;
;ACC07;BBDC4;1;6983;6983;6983;15.62;109074.46;109074.46;109074.46;
;ACC07;ITUB4;2;4139;4139;4139;12.34;51075.26;51075.26;51075.26;
;ACC06;LREN3;1;5070;5070;5070;12.66;64186.20;64186.20;64186.20;
;ACC01;PETR4;1;1022;1022;1022;18.77;19182.94;19182.94;19182.94;
;ACC08;PETR4;2;5245;5245;5245;18.45;96770.25;96770.25;96770.25;
;ACC09;B3SA3;2;7437;7437;7437;18.45;137212.65;137212.65;137212.65;
;ACC02;B3SA3;2;9564;9564;9564;11.46;109603.44;109603.44;109603.44;
;ACC04;VALE3;2;7214;7214;7214;14.75;106406.50;106406.50;106406.50;
;ACC06;ABEV3;1;9128;9128;9128;11.54;105337.12;105337.12;105337.12;
;ACC07;B3SA3;2;1132;1132;1132;16.54;18723.28;18723.28;18723.28;
;ACC08;ITUB4;2;8507;8507;8507;16.88;143598.16;143598.16;143598.16;
;ACC08;LREN3;2;5005;5005;5005;15.83;79229.15;79229.15;79229.15;
;ACC08;WEGE3;1;1035;1035;1035;15.27;15804.45;15804.45;15804.45;
;ACC09;PETR4;1;4286;4286;4286;16.67;71447.62;71447.62;71447.62;
;ACC06;MGLU3;2;4435;4435;4435;19.43;86172.05;86172.05;86172.05;
;ACC03;MGLU3;1;4527;4527;4527;12.15;55003.05;55003.05;55003.05;
;ACC05;WEGE3;2;9422;9422;9422;17.76;167334.72;167334.72;167334.72;
;ACC01;WEGE3;2;7428;7428;7428;13.90;103249.20;103249.20;103249.20;
;ACC10;MGLU3;1;5855;5855;5855;14.35;84019.25;84019.25;84019.25;
;ACC04;LREN3;1;2796;2796;2796;13.45;37606.20;37606.20;37606.20;
;ACC07;ABEV3;2;8883;8883;8883;17.55;155896.65;155896.65;155896.65;
;ACC04;WEGE3;2;6583;6583;6583;10.74;70701.42;70701.42;70701.42;
;ACC09;LREN3;1;9159;9159;9159;15.62;143063.58;143063.58;143063.58;
;ACC02;WEGE3;2;5301;5301;5301;14.90;78984.90;78984.90;78984.90;
;ACC01;BBDC4;2;9816;9816;9816;17.71;173841.36;173841.36;173841.36;
;ACC07;LREN3;1;6122;6122;6122;15.34;93911.48;93911.48;93911.48;
;ACC05;MGLU3;1;8461;8461;8461;17.60;148913.60;148913.60;148913.60;
;ACC01;PETR4;1;2755;2755;2755;15.14;41710.70;41710.70;41710.70;
;ACC02;VALE3;2;4313;4313;4313;19.37;83542.81;83542.81;83542.81;
;ACC03;B3SA3;1;2232;2232;2232;13.83;30868.56;30868.56;30868.56;
;ACC09;B3SA3;2;2037;2037;2037;17.87;36401.19;36401.19;36401.19;
;ACC04;WEGE3;1;2090;2090;2090;18.42;38497.80;38497.80;38497.80;
;ACC08;B3SA3;1;4849;4849;4849;18.79;91112.71;91112.71;91112.71;
;ACC01;PETR4;1;1963;1963;1963;10.30;20218.90;20218.90;20218.90;
;ACC02;WEGE3;1;2196;2196;2196;16.51;36255.96;36255.96;36255.96;
;ACC10;BBAS3;1;3563;3563;3563;13.61;48492.43;48492.43;48492.43;
;ACC08;B3SA3;2;2798;2798;2798;10.71;29966.58;29966.58;29966.58;
;ACC07;PETR4;1;5693;5693;5693;14.18;80726.74;80726.74;80726.74;
;ACC10;ITUB4;2;8518;8518;8518;12.45;106049.10;106049.10;106049.10;
;ACC08;WEGE3;1;4894;4894;4894;15.71;76884.74;76884.74;76884.74;
;ACC07;ABEV3;1;9910;9910;9910;13.40;132794.00;132794.00;132794.00;
;ACC04;BBAS3;2;6932;6932;6932;15.06;104395.92;104395.92;104395.92;
;ACC04;MGLU3;2;5292;5292;5292;10.61;56148.12;56148.12;56148.12;
;ACC10;MGLU3;1;1367;1367;1367;15.04;20559.68;20559.68;20559.68;
;ACC03;BBDC4;2;8945;8945;8945;11.49;102778.05;102778.05;102778.05;
;ACC03;ABEV3;1;9765;9765;9765;18.40;179676.00;179676.00;179676.00;
;ACC08;ABEV3;2;8010;8010;8010;11.92;95479.20;95479.20;95479.20;
;ACC01;WEGE3;2;7024;7024;7024;11.52;80916.48;80916.48;80916.48;
;ACC03;VALE3;1;2427;2427;2427;10.36;25143.72;25143.72;25143.72;
;ACC01;ABEV3;2;9562;9562;9562;15.76;150697.12;150697.12;150697.12;
;ACC05;BBDC4;1;1953;1953;1953;16.48;32185.44;32185.44;32185.44;
;ACC02;PETR4;1;2909;2909;2909;17.31;50354.79;50354.79;50354.79;
;ACC07;MGLU3;1;3382;3382;3382;19.55;66118.10;66118.10;66118.10;
;ACC07;ITUB4;1;4303;4303;4303;17.54;75474.62;75474.62;75474.62;
;ACC08;WEGE3;1;2559;2559;2559;11.97;30631.23;30631.23;30631.23;
;ACC04;PETR4;1;6397;6397;6397;15.67;100240.99;100240.99;100240.99;
;ACC01;VALE3;2;7803;7803;7803;18.45;143965.35;143965.35;143965.35;
;ACC07;VALE3;2;4136;4136;4136;10.36;42848.96;42848.96;42848.96;
;ACC03;BBDC4;1;4624;4624;4624;10.09;46656.16;46656.16;46656.16;
;ACC03;BBDC4;2;4628;4628;4628;12.92;59793.76;59793.76;59793.76;
;ACC09;MGLU3;2;2459;2459;2459;18.10;44507.90;44507.90;44507.90;
;ACC10;ABEV3;1;1390;1390;1390;18.78;26104.20;26104.20;26104.20;
;ACC02;VALE3;2;9143;9143;9143;13.47;123156.21;123156.21;123156.21;
;ACC04;B3SA3;2;6789;6789;6789;18.48;125460.72;125460.72;125460.72;
;ACC06;ABEV3;1;7966;7966;7966;13.81;110010.46;110010.46;110010.46;
;ACC03;BBAS3;1;1903;1903;1903;11.60;22074.80;22074.80;22074.80;
;ACC07;ABEV3;2;5686;5686;5686;19.63;111616.18;111616.18;111616.18;
;ACC06;MGLU3;1;2021;2021;2021;15.75;31830.75;31830.75;31830.75;
;ACC04;LREN3;1;7166;7166;7166;19.00;136154.00;136154.00;136154.00;
;ACC02;MGLU3;2;4029;4029;4029;15.70;63255.30;63255.30;63255.30;
;ACC01;BBAS3;2;8902;8902;8902;14.01;124717.02;124717.02;124717.02;
;ACC06;MGLU3;2;6100;6100;6100;18.60;113460.00;113460.00;113460.00;
;ACC02;ABEV3;1;1273;1273;1273;16.50;21004.50;21004.50;21004.50;
;ACC09;BBAS3;2;7894;7894;7894;17.68;139565.92;139565.92;139565.92;
;ACC01;PETR4;1;2500;2500;2500;16.95;42375.00;42375.00;42375.00;
;ACC07;PETR4;2;2189;2189;2189;18.92;41415.88;41415.88;41415.88;
;ACC09;BBDC4;2;5105;5105;5105;16.94;86478.70;86478.70;86478.70;
;ACC09;ABEV3;2;7410;7410;7410;12.21;90476.10;90476.10;90476.10;
;ACC02;LREN3;1;6914;6914;6914;12.06;83382.84;83382.84;83382.84;
;ACC05;ITUB4;1;1085;1085;1085;15.22;16513.70;16513.70;16513.70;
;ACC07;BBAS3;2;8177;8177;8177;18.24;149148.48;149148.48;149148.48;
;ACC01;WEGE3;2;1803;1803;1803;19.78;35663.34;35663.34;35663.34;
;ACC07;BBDC4;2;6254;6254;6254;13.71;85742.34;85742.34;85742.34;
;ACC01;LREN3;1;2760;2760;2760;19.44;53654.40;53654.40;53654.40;
;ACC02;BBDC4;2;5071;5071;5071;17.04;86409.84;86409.84;86409.84;
;ACC03;B3SA3;1;7437;7437;7437;19.88;147847.56;147847.56;147847.56;
;ACC01;ITUB4;1;3122;3122;3122;16.86;52636.92;52636.92;52636.92;
;ACC10;PETR4;1;8127;8127;8127;13.49;109633.23;109633.23;109633.23;
;ACC02;LREN3;2;4241;4241;4241;13.99;59331.59;59331.59;59331.59;
;ACC06;PETR4;2;7854;7854;7854;14.77;116003.58;116003.58;116003.58;
;ACC07;LREN3;2;3040;3040;3040;12.23;37179.20;37179.20;37179.20;
;ACC01;ABEV3;2;7878;7878;7878;12.57;99026.46;99026.46;99026.46;
;ACC08;MGLU3;2;5149;5149;5149;14.25;73373.25;73373.25;73373.25;
;ACC02;BBDC4;2;9592;9592;9592;14.84;142345.28;142345.28;142345.28;
;ACC10;VALE3;1;5512;5512;5512;17.55;96735.60;96735.60;96735.60;
;ACC09;B3SA3;2;1122;1122;1122;12.96;14541.12;14541.12;14541.12;
;ACC05;B3SA3;2;4488;4488;4488;13.68;61395.84;61395.84;61395.84;
;ACC09;BBAS3;2;8371;8371;8371;17.80;149003.80;149003.80;149003.80;
;ACC09;ABEV3;1;4256;4256;4256;11.16;47496.96;47496.96;47496.96;
;ACC07;ITUB4;1;4368;4368;4368;16.39;71591.52;71591.52;71591.52;
;ACC06;ITUB4;2;2770;2770;2770;17.20;47644.00;47644.00;47644.00;
;ACC10;BBDC4;2;1344;1344;1344;19.52;26234.88;26234.88;26234.88;
;ACC06;BBDC4;1;9296;9296;9296;17.11;159054.56;159054.56;159054.56;
;ACC07;BBDC4;1;3801;3801;3801;15.03;57129.03;57129.03;57129.03;
;ACC05;BBDC4;1;8301;8301;8301;17.49;145184.49;145184.49;145184.49;
;ACC02;B3SA3;1;1207;1207;1207;13.37;16137.59;16137.59;16137.59;
;ACC01;ABEV3;2;4479;4479;4479;12.04;53927.16;53927.16;53927.16;
;ACC04;WEGE3;2;1546;1546;1546;14.09;21783.14;21783.14;21783.14;
;ACC08;WEGE3;2;5128;5128;5128;11.89;60971.92;60971.92;60971.92;
;ACC04;ITUB4;2;2393;2393;2393;15.32;36660.76;36660.76;36660.76;
;ACC10;BBDC4;2;9527;9527;9527;19.11;182060.97;182060.97;182060.97;
;ACC03;BBAS3;2;6065;6065;6065;15.81;95887.65;95887.65;95887.65;
;ACC04;BBAS3;1;7492;7492;7492;19.17;143621.64;143621.64;143621.64;
;ACC08;MGLU3;2;4633;4633;4633;14.21;65834.93;65834.93;65834.93;
;ACC06;LREN3;2;7905;7905;7905;14.42;113990.10;113990.10;113990.10;
;ACC05;B3SA3;1;7249;7249;7249;18.19;131859.31;131859.31;131859.31;
;ACC10;WEGE3;2;5834;5834;5834;11.51;67149.34;67149.34;67149.34;
;ACC04;BBDC4;1;1141;1141;1141;15.47;17651.27;17651.27;17651.27;
;ACC09;PETR4;1;5797;5797;5797;18.86;109331.42;109331.42;109331.42;
;ACC03;B3SA3;2;3255;3255;3255;16.34;53186.70;53186.70;53186.70;
;ACC07;VALE3;2;5406;5406;5406;15.51;83847.06;83847.06;83847.06;
;ACC03;B3SA3;1;5369;5369;5369;15.34;82360.46;82360.46;82360.46;
;ACC05;VALE3;1;7897;7897;7897;15.30;120824.10;120824.10;120824.10;
;ACC03;PETR4;1;8710;8710;8710;17.23;150073.30;150073.30;150073.30;
;ACC01;PETR4;2;6828;6828;6828;18.76;128093.28;128093.28;128093.28;
;ACC07;BBDC4;2;4540;4540;4540;13.08;59383.20;59383.20;59383.20;
;ACC04;WEGE3;1;7131;7131;7131;15.00;106965.00;106965.00;106965.00;
;ACC02;PETR4;2;2652;2652;2652;11.95;31691.40;31691.40;31691.40;
;ACC10;PETR4;1;5582;5582;5582;17.97;100308.54;100308.54;100308.54;
;ACC10;BBDC4;1;3547;3547;3547;16.11;57142.17;57142.17;57142.17;
;ACC01;ABEV3;1;5334;5334;5334;12.07;64381.38;64381.38;64381.38;
;ACC03;WEGE3;2;9664;9664;9664;11.89;114904.96;114904.96;114904.96;
;ACC04;BBAS3;2;8007;8007;8007;14.42;115460.94;115460.94;115460.94;
;ACC09;ITUB4;1;5931;5931;5931;16.55;98158.05;98158.05;98158.05;
;ACC07;VALE3;2;9031;9031;9031;13.24;119570.44;119570.44;119570.44;
;ACC03;BBDC4;1;3123;3123;3123;17.34;54152.82;54152.82;54152.82;
;ACC02;ITUB4;2;3582;3582;3582;13.37;47891.34;47891.34;47891.34;
;ACC08;ABEV3;2;1612;1612;1612;15.08;24308.96;24308.96;24308.96;
;ACC06;WEGE3;1;2026;2026;2026;18.14;36751.64;36751.64;36751.64;
;ACC10;ITUB4;2;5139;5139;5139;12.82;65881.98;65881.98;65881.98;
;ACC10;BBDC4;2;1795;1795;1795;13.01;23352.95;23352.95;23352.95;
;ACC10;PETR4;1;6655;6655;6655;14.50;96497.50;96497.50;96497.50;
;ACC09;WEGE3;2;8612;8612;8612;19.99;172153.88;172153.88;172153.88;
;ACC06;BBDC4;2;5696;5696;5696;13.33;75927.68;75927.68;75927.68;
;ACC05;LREN3;1;5751;5751;5751;14.81;85172.31;85172.31;85172.31;
;ACC02;MGLU3;2;1354;1354;1354;12.77;17290.58;17290.58;17290.58;
;ACC02;PETR4;1;2350;2350;2350;15.65;36777.50;36777.50;36777.50;
;ACC07;BBDC4;1;6758;6758;6758;18.33;123874.14;123874.14;123874.14;
;ACC07;B3SA3;1;6947;6947;6947;10.69;74263.43;74263.43;74263.43;
;ACC04;BBAS3;1;5682;5682;5682;14.36;81593.52;81593.52;81593.52;
;ACC01;MGLU3;1;2467;2467;2467;11.23;27704.41;27704.41;27704.41;
;ACC04;PETR4;1;5857;5857;5857;15.19;88967.83;88967.83;88967.83;
;ACC07;ABEV3;1;6455;6455;6455;12.16;78492.80;78492.80;78492.80;
;ACC07;LREN3;1;1334;1334;1334;13.47;17968.98;17968.98;17968.98;
;ACC05;MGLU3;1;5951;5951;5951;11.47;68257.97;68257.97;68257.97;
;ACC05;VALE3;2;9319;9319;9319;15.12;140903.28;140903.28;140903.28;
;ACC04;LREN3;2;1108;1108;1108;14.39;15944.12;15944.12;15944.12;
;ACC07;ITUB4;2;8179;8179;8179;12.89;105427.31;105427.31;105427.31;
;ACC09;VALE3;2;1174;1174;1174;10.09;11845.66;11845.66;11845.66;
;ACC01;BBAS3;2;4935;4935;4935;11.44;56456.40;56456.40;56456.40;
;ACC09;BBAS3;2;6025;6025;6025;12.43;74890.75;74890.75;74890.75;
;ACC05;PETR4;2;2267;2267;2267;11.85;26863.95;26863.95;26863.95;
;ACC07;MGLU3;2;2445;2445;2445;10.07;24621.15;24621.15;24621.15;
;ACC05;MGLU3;1;3744;3744;3744;19.97;74767.68;74767.68;74767.68;
;ACC08;LREN3;1;3719;3719;3719;12.53;46599.07;46599.07;46599.07;
;ACC03;BBAS3;2;9793;9793;9793;13.12;128484.16;128484.16;128484.16;
;ACC06;PETR4;1;6959;6959;6959;15.73;109465.07;109465.07;109465.07;
;ACC03;LREN3;1;5749;5749;5749;15.31;88017.19;88017.19;88017.19;
;ACC07;VALE3;1;7058;7058;7058;15.31;108057.98;108057.98;108057.98;
;ACC04;WEGE3;2;6591;6591;6591;11.05;72830.55;72830.55;72830.55;
;ACC09;VALE3;2;6119;6119;6119;10.32;63148.08;63148.08;63148.08;
;ACC06;VALE3;1;9156;9156;9156;15.11;138347.16;138347.16;138347.16;
;ACC02;VALE3;2;8164;8164;8164;18.21;148666.44;148666.44;148666.44;
;ACC08;LREN3;1;8048;8048;8048;10.85;87320.80;87320.80;87320.80;
;ACC04;BBAS3;2;2646;2646;2646;16.50;43659.00;43659.00;43659.00;
;ACC05;B3SA3;2;3230;3230;3230;19.02;61434.60;61434.60;61434.60;
;ACC02;BBDC4;2;8102;8102;8102;17.22;139516.44;139516.44;139516.44;
;ACC10;LREN3;2;5120;5120;5120;17.14;87756.80;87756.80;87756.80;
;ACC06;BBDC4;1;9393;9393;9393;12.40;116473.20;116473.20;116473.20;
;ACC02;B3SA3;2;1273;1273;1273;13.88;17669.24;17669.24;17669.24;
;ACC02;LREN3;2;1365;1365;1365;14.05;19178.25;19178.25;19178.25;
;ACC09;VALE3;2;4312;4312;4312;14.60;62955.20;62955.20;62955.20;
;ACC02;B3SA3;2;4177;4177;4177;11.01;45988.77;45988.77;45988.77;
;ACC08;BBDC4;2;4242;4242;4242;14.42;61169.64;61169.64;61169.64;
;ACC01;BBAS3;2;6407;6407;6407;18.86;120836.02;120836.02;120836.02;
;ACC09;LREN3;1;8407;8407;8407;10.83;91047.81;91047.81;91047.81;
;ACC03;ABEV3;2;8671;8671;8671;16.64;144285.44;144285.44;144285.44;
;ACC05;ITUB4;1;6463;6463;6463;17.60;113748.80;113748.80;113748.80;
;ACC01;LREN3;2;7882;7882;7882;15.34;120909.88;120909.88;120909.88;
;ACC08;VALE3;1;2844;2844;2844;15.63;44451.72;44451.72;44451.72;
;ACC10;BBAS3;1;9378;9378;9378;13.25;124258.50;124258.50;124258.50;
;ACC09;VALE3;1;9992;9992;9992;10.22;102118.24;102118.24;102118.24;
;ACC09;B3SA3;2;1151;1151;1151;16.28;18738.28;18738.28;18738.28;
;ACC04;LREN3;2;3759;3759;3759;19.56;73526.04;73526.04;73526.04;
;ACC02;VALE3;1;9688;9688;9688;16.99;164599.12;164599.12;164599.12;
;ACC04;ITUB4;2;8757;8757;8757;17.82;156049.74;156049.74;156049.74;
;ACC05;B3SA3;2;7023;7023;7023;13.34;93686.82;93686.82;93686.82;
;ACC01;B3SA3;1;7839;7839;7839;19.93;156231.27;156231.27;156231.27;
;ACC10;B3SA3;2;9150;9150;9150;10.31;94336.50;94336.50;94336.50;
;ACC02;LREN3;2;3507;3507;3507;19.09;66948.63;66948.63;66948.63;
;ACC08;BBDC4;1;8858;8858;8858;14.00;124012.00;124012.00;124012.00;
;ACC01;BBDC4;2;6774;6774;6774;13.42;90907.08;90907.08;90907.08;
;ACC05;LREN3;1;9660;9660;9660;19.19;185375.40;185375.40;185375.40;
;ACC02;LREN3;2;9809;9809;9809;11.57;113490.13;113490.13;113490.13;
;ACC07;BBAS3;2;2112;2112;2112;14.71;31067.52;31067.52;31067.52;
;ACC05;BBDC4;1;6191;6191;6191;11.15;69029.65;69029.65;69029.65;
;ACC04;BBDC4;1;4513;4513;4513;15.59;70357.67;70357.67;70357.67;
;ACC02;WEGE3;1;5952;5952;5952;14.13;84101.76;84101.76;84101.76;
;ACC01;ABEV3;1;6270;6270;6270;10.67;66900.90;66900.90;66900.90;
;ACC03;BBDC4;2;4033;4033;4033;15.26;61543.58;61543.58;61543.58;
;ACC02;ITUB4;2;8814;8814;8814;16.78;147898.92;147898.92;147898.92;
;ACC03;BBAS3;1;2936;2936;2936;10.25;30094.00;30094.00;30094.00;
;ACC01;PETR4;2;6862;6862;6862;15.29;104919.98;104919.98;104919.98;
;ACC08;MGLU3;2;5748;5748;5748;13.18;75758.64;75758.64;75758.64;
;ACC08;WEGE3;2;4259;4259;4259;14.85;63246.15;63246.15;63246.15;
;ACC05;MGLU3;2;4333;4333;4333;16.13;69891.29;69891.29;69891.29;
;ACC06;PETR4;1;8931;8931;8931;12.92;115388.52;115388.52;115388.52;
;ACC09;B3SA3;1;1042;1042;1042;19.72;20548.24;20548.24;20548.24;
;ACC01;B3SA3;1;1988;1988;1988;16.94;33676.72;33676.72;33676.72;
;ACC06;BBAS3;1;6224;6224;6224;15.44;96098.56;96098.56;96098.56;
;ACC09;ITUB4;2;6351;6351;6351;17.62;111904.62;111904.62;111904.62;
;ACC10;WEGE3;2;3849;3849;3849;12.41;47766.09;47766.09;47766.09;
;ACC09;VALE3;1;1950;1950;1950;18.52;36114.00;36114.00;36114.00;
;ACC09;BBAS3;1;8402;8402;8402;19.25;161738.50;161738.50;161738.50;
;ACC07;BBAS3;2;5612;5612;5612;12.23;68634.76;68634.76;68634.76;
;ACC05;MGLU3;2;8572;8572;8572;17.41;149238.52;149238.52;149238.52;
;ACC04;ITUB4;1;4491;4491;4491;13.52;60718.32;60718.32;60718.32;
;ACC04;VALE3;1;1779;1779;1779;17.07;30367.53;30367.53;30367.53;
;ACC10;ABEV3;1;7771;7771;7771;10.30;80041.30;80041.30;80041.30;
;ACC05;ITUB4;2;9024;9024;9024;13.78;124350.72;124350.72;124350.72;
;ACC10;ABEV3;2;3166;3166;3166;19.97;63225.02;63225.02;63225.02;
;ACC02;ABEV3;2;3898;3898;3898;13.55;52817.90;52817.90;52817.90;
;ACC09;BBDC4;1;8996;8996;8996;11.46;103094.16;103094.16;103094.16;
;ACC08;MGLU3;2;6603;6603;6603;19.10;126117.30;126117.30;126117.30;
;ACC03;ABEV3;2;3196;3196;3196;14.93;47716.28;47716.28;47716.28;
;ACC10;LREN3;1;6510;6510;6510;11.81;76883.10;76883.10;76883.10;
;ACC01;WEGE3;2;1003;1003;1003;15.52;15566.56;15566.56;15566.56;
;ACC05;ITUB4;1;1232;1232;1232;10.76;13256.32;13256.32;13256.32;
;ACC04;PETR4;2;4192;4192;4192;17.60;73779.20;73779.20;73779.20;
;ACC08;LREN3;1;4177;4177;4177;18.69;78068.13;78068.13;78068.13;
;ACC06;B3SA3;1;6755;6755;6755;10.23;69103.65;69103.65;69103.65;
;ACC08;ABEV3;2;6228;6228;6228;17.19;107059.32;107059.32;107059.32;
;ACC03;ABEV3;2;2878;2878;2878;14.94;42997.32;42997.32;42997.32;
;ACC09;B3SA3;2;8472;8472;8472;15.97;135297.84;135297.84;135297.84;
;ACC07;ITUB4;1;1452;1452;1452;19.50;28314.00;28314.00;28314.00;
;ACC09;BBDC4;2;6678;6678;6678;14.46;96563.88;96563.88;96563.88;
;ACC09;VALE3;2;1890;1890;1890;17.79;33623.10;33623.10;33623.10;
;ACC07;BBDC4;1;7223;7223;7223;10.70;77286.10;77286.10;77286.10;
;ACC02;LREN3;1;9432;9432;9432;17.07;161004.24;161004.24;161004.24;
;ACC10;ABEV3;2;3377;3377;3377;12.84;43360.68;43360.68;43360.68;
;ACC02;BBDC4;1;7238;7238;7238;11.62;84105.56;84105.56;84105.56;
;ACC07;MGLU3;2;2110;2110;2110;15.94;33633.40;33633.40;33633.40;
;ACC09;WEGE3;2;1909;1909;1909;10.78;20579.02;20579.02;20579.02;
;ACC06;ABEV3;2;7100;7100;7100;16.22;115162.00;115162.00;115162.00;
;ACC04;ITUB4;2;9736;9736;9736;14.63;142437.68;142437.68;142437.68;
;ACC09;MGLU3;2;8844;8844;8844;18.86;166797.84;166797.84;166797.84;
;ACC05;ABEV3;2;8995;8995;8995;15.64;140681.80;140681.80;140681.80;
;ACC01;PETR4;2;2601;2601;2601;18.51;48144.51;48144.51;48144.51;
;ACC02;WEGE3;2;5166;5166;5166;11.75;60700.50;60700.50;60700.50;
;ACC05;LREN3;2;9455;9455;9455;17.25;163098.75;163098.75;163098.75;
;ACC07;ITUB4;2;8593;8593;8593;15.25;131043.25;131043.25;131043.25;
;ACC02;MGLU3;2;5183;5183;5183;13.02;67482.66;67482.66;67482.66;
;ACC05;ITUB4;2;9587;9587;9587;17.30;165855.10;165855.10;165855.10;
;ACC06;B3SA3;2;1446;1446;1446;18.54;26808.84;26808.84;26808.84;
;ACC05;LREN3;1;7571;7571;7571;15.08;114170.68;114170.68;114170.68;
;ACC07;ITUB4;1;7968;7968;7968;10.60;84460.80;84460.80;84460.80;
;ACC10;BBAS3;1;6524;6524;6524;14.69;95837.56;95837.56;95837.56;
;ACC01;VALE3;2;2086;2086;2086;17.88;37297.68;37297.68;37297.68;
;ACC01;ABEV3;2;4799;4799;4799;14.62;70161.38;70161.38;70161.38;
;ACC10;BBAS3;1;8214;8214;8214;12.74;104646.36;104646.36;104646.36;
;ACC09;LREN3;2;4245;4245;4245;16.81;71358.45;71358.45;71358.45;
;ACC02;B3SA3;2;7708;7708;7708;14.70;113307.60;113307.60;113307.60;
;ACC01;ITUB4;2;5598;5598;5598;15.98;89456.04;89456.04;89456.04;
;ACC02;ABEV3;1;9807;9807;9807;17.09;167601.63;167601.63;167601.63;
;ACC09;VALE3;2;1094;1094;1094;15.43;16880.42;16880.42;16880.42;
;ACC05;MGLU3;1;1770;1770;1770;16.49;29187.30;29187.30;29187.30;
;ACC08;VALE3;1;6733;6733;6733;19.58;131832.14;131832.14;131832.14;
;ACC01;VALE3;2;7138;7138;7138;16.70;119204.60;119204.60;119204.60;
;ACC06;MGLU3;2;7349;7349;7349;14.88;109353.12;109353.12;109353.12;
;ACC09;BBDC4;1;1285;1285;1285;12.30;15805.50;15805.50;15805.50;
;ACC02;B3SA3;2;1119;1119;1119;13.07;14625.33;14625.33;14625.33;
;ACC08;ABEV3;1;2649;2649;2649;18.31;48503.19;48503.19;48503.19;
;ACC10;LREN3;2;2447;2447;2447;12.74;31174.78;31174.78;31174.78;
;ACC01;PETR4;1;7011;7011;7011;17.86;125216.46;125216.46;125216.46;
;ACC05;ABEV3;2;1046;1046;1046;10.61;11098.06;11098.06;11098.06;
;ACC03;PETR4;2;9397;9397;9397;18.70;175723.90;175723.90;175723.90;
;ACC07;BBAS3;2;7295;7295;7295;11.12;81120.40;81120.40;81120.40;
;ACC09;BBDC4;2;7457;7457;7457;18.26;136164.82;136164.82;136164.82;
;ACC05;WEGE3;1;2798;2798;2798;18.09;50615.82;50615.82;50615.82;
;ACC07;PETR4;2;8912;8912;8912;16.86;150256.32;150256.32;150256.32;
;ACC04;MGLU3;1;5971;5971;5971;10.79;64427.09;64427.09;64427.09;
;ACC02;BBAS3;2;5619;5619;5619;13.87;77935.53;77935.53;77935.53;
;ACC10;VALE3;1;5894;5894;5894;18.45;108744.30;108744.30;108744.30;
;ACC04;B3SA3;2;7316;7316;7316;13.92;101838.72;101838.72;101838.72;
;ACC07;B3SA3;1;8574;8574;8574;10.01;85825.74;85825.74;85825.74;
;ACC10;LREN3;1;4206;4206;4206;13.90;58463.40;58463.40;58463.40;
;ACC09;VALE3;1;8325;8325;8325;15.20;126540.00;126540.00;126540.00;
;ACC04;PETR4;2;8154;8154;8154;16.71;136253.34;136253.34;136253.34;
;ACC02;WEGE3;2;9102;9102;9102;11.25;102397.50;102397.50;102397.50;
;ACC04;BBAS3;2;2768;2768;2768;10.94;30281.92;30281.92;30281.92;
;ACC08;WEGE3;1;6853;6853;6853;12.56;86073.68;86073.68;86073.68;
;ACC02;WEGE3;1;1383;1383;1383;15.36;21242.88;21242.88;21242.88;
;ACC03;BBAS3;2;6756;6756;6756;16.36;110528.16;110528.16;110528.16;
;ACC07;BBAS3;1;9031;9031;9031;16.01;144586.31;144586.31;144586.31;
;ACC09;B3SA3;1;8670;8670;8670;15.55;134818.50;134818.50;134818.50;
;ACC04;BBDC4;2;8065;8065;8065;13.36;107748.40;107748.40;107748.40;
;ACC10;B3SA3;1;8122;8122;8122;10.10;82032.20;82032.20;82032.20;
;ACC02;PETR4;1;3535;3535;3535;19.61;69321.35;69321.35;69321.35;
;ACC07;BBAS3;1;7601;7601;7601;12.90;98052.90;98052.90;98052.90;
;ACC02;LREN3;2;1966;1966;1966;12.03;23650.98;23650.98;23650.98;
;ACC08;BBAS3;1;5972;5972;5972;19.31;115319.32;115319.32;115319.32;
;ACC08;WEGE3;1;9197;9197;9197;10.18;93625.46;93625.46;93625.46;
;ACC08;ITUB4;2;1846;1846;1846;11.66;21524.36;21524.36;21524.36;
;ACC04;LREN3;2;5949;5949;5949;11.11;66093.39;66093.39;66093.39;
;ACC08;B3SA3;1;8078;8078;8078;11.84;95643.52;95643.52;95643.52;
;ACC01;ITUB4;1;5648;5648;5648;19.94;112621.12;112621.12;112621.12;
;ACC04;BBDC4;2;9949;9949;9949;12.33;122671.17;122671.17;122671.17;
;ACC02;BBDC4;2;9717;9717;9717;17.23;167423.91;167423.91;167423.91;
;ACC07;BBAS3;2;7727;7727;7727;12.73;98364.71;98364.71;98364.71;
;ACC04;LREN3;1;4408;4408;4408;14.70;64797.60;64797.60;64797.60;
;ACC05;ABEV3;2;7510;7510;7510;13.54;101685.40;101685.40;101685.40;
;ACC02;BBAS3;1;9338;9338;9338;19.78;184705.64;184705.64;184705.64;
;ACC08;LREN3;1;2377;2377;2377;12.69;30164.13;30164.13;30164.13;
;ACC01;B3SA3;2;2392;2392;2392;10.68;25546.56;25546.56;25546.56;
;ACC01;WEGE3;2;6141;6141;6141;11.28;69270.48;69270.48;69270.48;
;ACC05;VALE3;1;6000;6000;6000;16.47;98820.00;98820.00;98820.00;
;ACC03;ITUB4;1;2645;2645;2645;12.83;33935.35;33935.35;33935.35;
;ACC08;ITUB4;2;9077;9077;9077;17.86;162115.22;162115.22;162115.22;
;ACC02;WEGE3;2;1773;1773;1773;18.83;33385.59;33385.59;33385.59;
;ACC04;MGLU3;1;3119;3119;3119;11.94;37240.86;37240.86;37240.86;
;ACC09;LREN3;2;2405;2405;2405;14.75;35473.75;35473.75;35473.75;
;ACC02;B3SA3;2;1456;1456;1456;17.46;25421.76;25421.76;25421.76;
;ACC02;WEGE3;1;2175;2175;2175;14.58;31711.50;31711.50;31711.50;
;ACC07;BBAS3;2;7198;7198;7198;12.91;92926.18;92926.18;92926.18;
;ACC01;BBDC4;1;2712;2712;2712;13.56;36774.72;36774.72;36774.72;
;ACC05;ITUB4;2;5529;5529;5529;15.78;87247.62;87247.62;87247.62;
;ACC08;MGLU3;1;1664;1664;1664;17.93;29835.52;29835.52;29835.52;
;ACC02;PETR4;2;3532;3532;3532;12.12;42807.84;42807.84;42807.84;
;ACC05;LREN3;1;1125;1125;1125;13.97;15716.25;15716.25;15716.25;
;ACC05;BBDC4;1;9610;9610;9610;18.81;180764.10;180764.10;180764.10;
;ACC09;B3SA3;2;7276;7276;7276;12.10;88039.60;88039.60;88039.60;
;ACC03;LREN3;1;2424;2424;2424;13.73;33281.52;33281.52;33281.52;
;ACC02;B3SA3;2;3965;3965;3965;15.48;61378.20;61378.20;61378.20;
;ACC06;BBAS3;2;2986;2986;2986;11.83;35324.38;35324.38;35324.38;
;ACC04;BBAS3;1;3571;3571;3571;12.23;43673.33;43673.33;43673.33;
;ACC07;B3SA3;1;7145;7145;7145;12.70;90741.50;90741.50;90741.50;
;ACC05;B3SA3;1;1825;1825;1825;16.95;30933.75;30933.75;30933.75;
;ACC06;WEGE3;2;4299;4299;4299;15.75;67709.25;67709.25;67709.25;
;ACC02;ITUB4;2;8174;8174;8174;19.78;161681.72;161681.72;161681.72;
;ACC08;PETR4;2;9289;9289;9289;13.54;125773.06;125773.06;125773.06;
;ACC08;BBAS3;2;9043;9043;9043;14.93;135011.99;135011.99;135011.99;
;ACC08;BBAS3;1;5124;5124;5124;12.27;62871.48;62871.48;62871.48;
;ACC02;MGLU3;1;2437;2437;2437;18.76;45718.12;45718.12;45718.12;
;ACC06;PETR4;1;7348;7348;7348;15.89;116759.72;116759.72;116759.72;
;ACC01;VALE3;1;9268;9268;9268;14.38;133273.84;133273.84;133273.84;
;ACC10;LREN3;2;2264;2264;2264;13.40;30337.60;30337.60;30337.60;
;ACC05;ABEV3;2;2072;2072;2072;15.97;33089.84;33089.84;33089.84;
;ACC09;MGLU3;1;5903;5903;5903;11.15;65818.45;65818.45;65818.45;
;ACC10;B3SA3;2;5235;5235;5235;17.57;91978.95;91978.95;91978.95;
;ACC01;VALE3;1;8384;8384;8384;15.93;133557.12;133557.12;133557.12;
;ACC03;BBAS3;1;7336;7336;7336;18.97;139163.92;139163.92;139163.92;
;ACC01;ITUB4;1;2106;2106;2106;18.96;39929.76;39929.76;39929.76;
;ACC07;WEGE3;2;2853;2853;2853;12.83;36603.99;36603.99;36603.99;
;ACC02;ITUB4;2;9756;9756;9756;19.33;188583.48;188583.48;188583.48;
;ACC01;BBAS3;1;4858;4858;4858;10.39;50474.62;50474.62;50474.62;
;ACC07;B3SA3;2;8047;8047;8047;12.65;101794.55;101794.55;101794.55;
;ACC01;ABEV3;1;7215;7215;7215;13.61;98196.15;98196.15;98196.15;
;ACC10;LREN3;2;1725;1725;1725;18.94;32671.50;32671.50;32671.50;
;ACC01;WEGE3;2;9767;9767;9767;11.37;111050.79;111050.79;111050.79;
;ACC07;BBAS3;2;1460;1460;1460;18.80;27448.00;27448.00;27448.00;
;ACC03;ITUB4;2;7332;7332;7332;11.64;85344.48;85344.48;85344.48;
;ACC02;MGLU3;1;9887;9887;9887;15.73;155522.51;155522.51;155522.51;
;ACC02;ITUB4;1;7987;7987;7987;17.73;141609.51;141609.51;141609.51;
;ACC01;BBAS3;2;4923;4923;4923;18.60;91567.80;91567.80;91567.80;
;ACC02;LREN3;1;2883;2883;2883;10.66;30732.78;30732.78;30732.78;
;ACC02;BBDC4;2;7762;7762;7762;18.08;140336.96;140336.96;140336.96;
;ACC08;LREN3;2;2080;2080;2080;18.82;39145.60;39145.60;39145.60;
;ACC01;LREN3;2;8642;8642;8642;14.09;121765.78;121765.78;121765.78;
;ACC10;MGLU3;2;7257;7257;7257;16.93;122861.01;122861.01;122861.01;
;ACC09;LREN3;2;5431;5431;5431;17.87;97051.97;97051.97;97051.97;
;ACC10;ITUB4;2;7278;7278;7278;17.35;126273.30;126273.30;126273.30;
;ACC04;B3SA3;2;8102;8102;8102;14.17;114805.34;114805.34;114805.34;
;ACC01;BBAS3;2;3127;3127;3127;15.68;49031.36;49031.36;49031.36;
;ACC01;PETR4;1;9568;9568;9568;18.55;177486.40;177486.40;177486.40;
;ACC04;WEGE3;1;4720;4720;4720;10.38;48993.60;48993.60;48993.60;
;ACC07;VALE3;2;7282;7282;7282;16.69;121536.58;121536.58;121536.58;
;ACC05;ITUB4;1;7929;7929;7929;12.04;95465.16;95465.16;95465.16;
;ACC07;ITUB4;1;8489;8489;8489;13.02;110526.78;110526.78;110526.78;
;ACC10;BBDC4;2;4286;4286;4286;12.30;52717.80;52717.80;52717.80;
;ACC05;VALE3;2;2060;2060;2060;10.01;20620.60;20620.60;20620.60;
;ACC04;LREN3;1;2772;2772;2772;17.78;49286.16;49286.16;49286.16;
;ACC06;VALE3;1;5315;5315;5315;14.24;75685.60;75685.60;75685.60;
;ACC01;WEGE3;1;1498;1498;1498;15.56;23308.88;23308.88;23308.88;
;ACC06;BBAS3;1;7960;7960;7960;10.27;81749.20;81749.20;81749.20;
;ACC09;ITUB4;2;3162;3162;3162;10.80;34149.60;34149.60;34149.60;
;ACC05;ITUB4;2;6824;6824;6824;19.21;131089.04;131089.04;131089.04;
;ACC07;WEGE3;2;6418;6418;6418;16.80;107822.40;107822.40;107822.40;
;ACC01;PETR4;2;1862;1862;1862;17.50;32585.00;32585.00;32585.00;
;ACC02;LREN3;2;8715;8715;8715;11.09;96649.35;96649.35;96649.35;
;ACC06;BBDC4;2;5648;5648;5648;10.11;57101.28;57101.28;57101.28;
;ACC10;LREN3;2;6657;6657;6657;14.52;96659.64;96659.64;96659.64;
;ACC02;ITUB4;1;3718;3718;3718;12.28;45657.04;45657.04;45657.04;
;ACC01;VALE3;2;6442;6442;6442;18.95;122075.90;122075.90;122075.90;
;ACC02;BBDC4;2;1778;1778;1778;13.57;24127.46;24127.46;24127.46;
;ACC10;WEGE3;2;7849;7849;7849;10.37;81394.13;81394.13;81394.13;
;ACC07;B3SA3;1;2571;2571;2571;14.86;38205.06;38205.06;38205.06;
;ACC09;ABEV3;1;9970;9970;9970;19.20;191424.00;191424.00;191424.00;
;ACC09;ABEV3;2;1663;1663;1663;17.82;29634.66;29634.66;29634.66;
;ACC03;VALE3;2;1898;1898;1898;12.95;24579.10;24579.10;24579.10;
;ACC10;B3SA3;2;3292;3292;3292;15.57;51256.44;51256.44;51256.44;
;ACC10;B3SA3;2;9597;9597;9597;18.37;176296.89;176296.89;176296.89;
;ACC06;ITUB4;2;3577;3577;3577;15.15;54191.55;54191.55;54191.55;
;ACC09;BBDC4;1;3328;3328;3328;19.32;64296.96;64296.96;64296.96;
;ACC09;LREN3;1;4006;4006;4006;11.18;44787.08;44787.08;44787.08;
;ACC10;MGLU3;1;8848;8848;8848;11.69;103433.12;103433.12;103433.12;
;ACC01;B3SA3;2;6249;6249;6249;16.86;105358.14;105358.14;105358.14;
;ACC03;MGLU3;1;6852;6852;6852;12.77;87500.04;87500.04;87500.04;
;ACC03;ABEV3;1;4295;4295;4295;18.98;81519.10;81519.10;81519.10;
;ACC07;WEGE3;2;1748;1748;1748;19.29;33718.92;33718.92;33718.92;
;ACC02;WEGE3;2;8798;8798;8798;16.77;147542.46;147542.46;147542.46;
;ACC10;MGLU3;2;8440;8440;8440;12.36;104318.40;104318.40;104318.40;
;ACC08;B3SA3;1;4565;4565;4565;12.54;57245.10;57245.10;57245.10;
;ACC10;MGLU3;2;4780;4780;4780;17.81;85131.80;85131.80;85131.80;
;ACC10;VALE3;2;3146;3146;3146;14.02;44106.92;44106.92;44106.92;
;ACC10;VALE3;2;9015;9015;9015;11.76;106016.40;106016.40;106016.40;
;ACC01;ITUB4;1;6525;6525;6525;10.58;69034.50;69034.50;69034.50;
;ACC07;LREN3;1;6527;6527;6527;16.92;110436.84;110436.84;110436.84;
;ACC06;B3SA3;2;3750;3750;3750;14.69;55087.50;55087.50;55087.50;
;ACC01;MGLU3;1;1409;1409;1409;16.44;23163.96;23163.96;23163.96;
;ACC06;BBAS3;2;8343;8343;8343;19.21;160269.03;160269.03;160269.03;
;ACC04;B3SA3;1;2794;2794;2794;12.96;36210.24;36210.24;36210.24;
;ACC05;MGLU3;2;5486;5486;5486;14.91;81796.26;81796.26;81796.26;
;ACC06;ITUB4;1;7745;7745;7745;14.69;113774.05;113774.05;113774.05;
;ACC09;PETR4;1;1253;1253;1253;14.34;17968.02;17968.02;17968.02;
;ACC04;WEGE3;2;5813;5813;5813;11.38;66151.94;66151.94;66151.94;
;ACC04;BBDC4;1;4136;4136;4136;14.15;58524.40;58524.40;58524.40;
;ACC09;WEGE3;2;6843;6843;6843;11.83;80952.69;80952.69;80952.69;
;ACC05;BBAS3;2;1955;1955;1955;14.74;28816.70;28816.70;28816.70;
;ACC07;B3SA3;2;3751;3751;3751;10.29;38597.79;38597.79;38597.79;
;ACC02;WEGE3;1;1886;1886;1886;10.93;20613.98;20613.98;20613.98;
;ACC03;LREN3;2;4405;4405;4405;17.24;75942.20;75942.20;75942.20;
;ACC02;B3SA3;2;2642;2642;2642;10.44;27582.48;27582.48;27582.48;
;ACC02;ITUB4;2;8399;8399;8399;13.05;109606.95;109606.95;109606.95;
;ACC03;BBAS3;1;8236;8236;8236;12.53;103197.08;103197.08;103197.08;
;ACC07;BBDC4;2;1120;1120;1120;11.79;13204.80;13204.80;13204.80;
;ACC06;BBAS3;2;5142;5142;5142;16.49;84791.58;84791.58;84791.58;
;ACC04;BBDC4;1;1272;1272;1272;11.93;15174.96;15174.96;15174.96;
;ACC05;MGLU3;2;4715;4715;4715;15.38;72516.70;72516.70;72516.70;
;ACC06;ITUB4;1;4499;4499;4499;10.41;46834.59;46834.59;46834.59;
;ACC03;WEGE3;1;5408;5408;5408;10.22;55269.76;55269.76;55269.76;
;ACC04;ABEV3;2;6729;6729;6729;19.56;131619.24;131619.24;131619.24;
;ACC04;WEGE3;2;5884;5884;5884;10.18;59899.12;59899.12;59899.12;
;ACC06;LREN3;2;8892;8892;8892;11.80;104925.60;104925.60;104925.60;
;ACC07;B3SA3;1;8933;8933;8933;13.75;122828.75;122828.75;122828.75;
;ACC04;ABEV3;1;2919;2919;2919;13.10;38238.90;38238.90;38238.90;
;ACC01;BBAS3;1;2904;2904;2904;11.64;33802.56;33802.56;33802.56;
;ACC10;BBAS3;1;5019;5019;5019;18.62;93453.78;93453.78;93453.78;
;ACC01;VALE3;1;2636;2636;2636;10.73;28284.28;28284.28;28284.28;
;ACC08;ABEV3;1;5833;5833;5833;15.75;91869.75;91869.75;91869.75;
;ACC07;WEGE3;1;7660;7660;7660;12.47;95520.20;95520.20;95520.20;
;ACC07;VALE3;2;8781;8781;8781;16.66;146291.46;146291.46;146291.46;
;ACC03;MGLU3;1;8293;8293;8293;12.49;103579.57;103579.57;103579.57;
;ACC01;ABEV3;1;4887;4887;4887;16.47;80488.89;80488.89;80488.89;
;ACC02;VALE3;1;4059;4059;4059;15.71;63766.89;63766.89;63766.89;
;ACC03;LREN3;1;6226;6226;6226;18.17;113126.42;113126.42;113126.42;
;ACC07;MGLU3;1;6934;6934;6934;19.53;135421.02;135421.02;135421.02;
;ACC01;MGLU3;1;2551;2551;2551;14.25;36351.75;36351.75;36351.75;
;ACC10;ABEV3;2;9132;9132;9132;13.95;127391.40;127391.40;127391.40;
;ACC06;BBAS3;2;8636;8636;8636;10.15;87655.40;87655.40;87655.40;
;ACC02;PETR4;2;6529;6529;6529;16.82;109817.78;109817.78;109817.78;
;ACC04;LREN3;2;4716;4716;4716;14.49;68334.84;68334.84;68334.84;
;ACC02;PETR4;2;6955;6955;6955;14.30;99456.50;99456.50;99456.50;
;ACC10;BBDC4;2;4589;4589;4589;14.82;68008.98;68008.98;68008.98;
;ACC05;LREN3;1;9345;9345;9345;17.96;167836.20;167836.20;167836.20;
;ACC02;MGLU3;1;7043;7043;7043;10.92;76909.56;76909.56;76909.56;
;ACC07;BBAS3;1;2780;2780;2780;18.40;51152.00;51152.00;51152.00;
;ACC10;VALE3;1;8963;8963;8963;12.30;110244.90;110244.90;110244.90;
;ACC09;BBAS3;1;8027;8027;8027;14.56;116873.12;116873.12;116873.12;
;ACC01;ITUB4;1;5925;5925;5925;13.61;80639.25;80639.25;80639.25;
;ACC05;PETR4;1;1194;1194;1194;18.26;21802.44;21802.44;21802.44;
;ACC03;WEGE3;1;6610;6610;6610;19.89;131472.90;131472.90;131472.90;
;ACC09;PETR4;1;7032;7032;7032;11.54;81149.28;81149.28;81149.28;
;ACC07;BBAS3;2;2227;2227;2227;17.79;39618.33;39618.33;39618.33;
;ACC09;BBDC4;1;9941;9941;9941;15.63;155377.83;155377.83;155377.83;
;ACC01;VALE3;2;4741;4741;4741;12.49;59215.09;59215.09;59215.09;
;ACC05;B3SA3;1;1624;1624;1624;19.51;31684.24;31684.24;31684.24;
;ACC04;MGLU3;1;7322;7322;7322;16.57;121325.54;121325.54;121325.54;
;ACC01;ABEV3;2;3666;3666;3666;19.40;71120.40;71120.40;71120.40;
;ACC05;VALE3;1;9730;9730;9730;13.07;127171.10;127171.10;127171.10;
;ACC02;ABEV3;2;6897;6897;6897;18.31;126284.07;126284.07;126284.07;
;ACC01;BBAS3;1;5251;5251;5251;14.49;76086.99;76086.99;76086.99;
;ACC01;LREN3;1;3597;3597;3597;17.68;63594.96;63594.96;63594.96;
;ACC08;PETR4;2;1066;1066;1066;13.71;14614.86;14614.86;14614.86;
;ACC03;LREN3;1;7710;7710;7710;15.07;116189.70;116189.70;116189.70;
;ACC10;BBDC4;1;3846;3846;3846;16.88;64920.48;64920.48;64920.48;
;ACC06;LREN3;1;9466;9466;9466;16.76;158650.16;158650.16;158650.16;
;ACC05;ABEV3;2;7626;7626;7626;17.65;134598.90;134598.90;134598.90;
;ACC05;BBAS3;2;7532;7532;7532;10.34;77880.88;77880.88;77880.88;
;ACC05;ITUB4;2;8260;8260;8260;19.62;162061.20;162061.20;162061.20;
;ACC04;BBAS3;2;7122;7122;7122;13.75;97927.50;97927.50;97927.50;
;ACC06;ABEV3;2;9817;9817;9817;13.69;134394.73;134394.73;134394.73;
;ACC09;MGLU3;1;4160;4160;4160;13.12;54579.20;54579.20;54579.20;
;ACC02;ITUB4;1;7551;7551;7551;13.72;103599.72;103599.72;103599.72;
;ACC02;B3SA3;2;8586;8586;8586;16.09;138148.74;138148.74;138148.74;
;ACC09;MGLU3;1;6494;6494;6494;19.62;127412.28;127412.28;127412.28;
;ACC06;VALE3;2;6252;6252;6252;10.29;64333.08;64333.08;64333.08;
;ACC04;ITUB4;2;5719;5719;5719;13.52;77320.88;77320.88;77320.88;
;ACC02;LREN3;2;6093;6093;6093;14.49;88287.57;88287.57;88287.57;
;ACC08;ITUB4;2;4588;4588;4588;12.26;56248.88;56248.88;56248.88;
;ACC05;ABEV3;1;4831;4831;4831;18.63;90001.53;90001.53;90001.53;
;ACC06;B3SA3;2;6018;6018;6018;15.48;93158.64;93158.64;93158.64;
;ACC03;B3SA3;1;6553;6553;6553;13.60;89120.80;89120.80;89120.80;
;ACC07;BBAS3;2;6117;6117;6117;16.50;100930.50;100930.50;100930.50;
;ACC06;PETR4;2;2548;2548;2548;13.84;35264.32;35264.32;35264.32;
;ACC04;B3SA3;2;7623;7623;7623;16.35;124636.05;124636.05;124636.05;
;ACC05;BBAS3;2;7567;7567;7567;12.05;91182.35;91182.35;91182.35;
;ACC05;BBDC4;1;9416;9416;9416;11.63;109508.08;109508.08;109508.08;
;ACC05;ABEV3;1;9186;9186;9186;14.11;129614.46;129614.46;129614.46;
;ACC10;ABEV3;1;2976;2976;2976;16.13;48002.88;48002.88;48002.88;
;ACC01;BBAS3;2;4420;4420;4420;11.98;52951.60;52951.60;52951.60;
;ACC06;B3SA3;1;7824;7824;7824;14.19;111022.56;111022.56;111022.56;
;ACC09;ITUB4;1;6585;6585;6585;19.80;130383.00;130383.00;130383.00;
;ACC05;BBDC4;2;2219;2219;2219;17.31;38410.89;38410.89;38410.89;
;ACC09;VALE3;2;6070;6070;6070;13.08;79395.60;79395.60;79395.60;
;ACC07;BBDC4;2;1883;1883;1883;17.03;32067.49;32067.49;32067.49;
;ACC04;LREN3;2;6925;6925;6925;18.81;130259.25;130259.25;130259.25;
;ACC03;WEGE3;2;8804;8804;8804;10.15;89360.60;89360.60;89360.60;
;ACC05;ABEV3;1;4665;4665;4665;13.77;64237.05;64237.05;64237.05;
;ACC09;VALE3;1;8251;8251;8251;11.65;96124.15;96124.15;96124.15;
;ACC05;PETR4;1;5324;5324;5324;12.71;67668.04;67668.04;67668.04;
;ACC04;ABEV3;2;8881;8881;8881;15.01;133303.81;133303.81;133303.81;
;ACC04;B3SA3;2;6655;6655;6655;17.19;114399.45;114399.45;114399.45;
;ACC04;PETR4;2;2437;2437;2437;19.07;46473.59;46473.59;46473.59;
;ACC07;PETR4;2;4412;4412;4412;15.82;69797.84;69797.84;69797.84;
;ACC10;PETR4;2;4690;4690;4690;10.03;47040.70;47040.70;47040.70;
;ACC03;ABEV3;1;8558;8558;8558;13.10;112109.80;112109.80;112109.80;
;ACC06;B3SA3;1;3875;3875;3875;12.42;48127.50;48127.50;48127.50;
;ACC01;BBDC4;1;4024;4024;4024;18.59;74806.16;74806.16;74806.16;
;ACC07;WEGE3;2;2149;2149;2149;13.00;27937.00;27937.00;27937.00;
;ACC08;ABEV3;1;9860;9860;9860;13.29;131039.40;131039.40;131039.40;
;ACC06;ITUB4;1;9282;9282;9282;13.65;126699.30;126699.30;126699.30;
;ACC08;LREN3;1;5039;5039;5039;10.75;54169.25;54169.25;54169.25;
;ACC01;ITUB4;1;9514;9514;9514;12.08;114929.12;114929.12;114929.12;
;ACC04;ITUB4;2;8509;8509;8509;10.88;92577.92;92577.92;92577.92;
;ACC03;ITUB4;1;6017;6017;6017;17.06;102650.02;102650.02;102650.02;
;ACC01;ABEV3;2;6210;6210;6210;17.35;107743.50;107743.50;107743.50;
;ACC08;WEGE3;1;2004;2004;2004;16.63;33326.52;33326.52;33326.52;
;ACC09;ABEV3;1;6238;6238;6238;13.18;82216.84;82216.84;82216.84;
;ACC02;VALE3;2;9990;9990;9990;14.73;147152.70;147152.70;147152.70;
;ACC04;PETR4;2;1049;1049;1049;13.13;13773.37;13773.37;13773.37;
;ACC09;LREN3;1;4314;4314;4314;13.83;59662.62;59662.62;59662.62;
;ACC07;BBAS3;1;4071;4071;4071;18.22;74173.62;74173.62;74173.62;
;ACC02;PETR4;1;1122;1122;1122;15.35;17222.70;17222.70;17222.70;
;ACC04;ITUB4;2;9534;9534;9534;10.94;104301.96;104301.96;104301.96;
;ACC05;WEGE3;2;4476;4476;4476;16.37;73272.12;73272.12;73272.12;
;ACC06;BBAS3;2;6049;6049;6049;18.70;113116.30;113116.30;113116.30;
;ACC03;ABEV3;2;1418;1418;1418;14.22;20163.96;20163.96;20163.96;
;ACC08;BBAS3;2;2756;2756;2756;10.25;28249.00;28249.00;28249.00;
;ACC09;BBAS3;1;6290;6290;6290;16.31;102589.90;102589.90;102589.90;
;ACC05;VALE3;2;9574;9574;9574;10.76;103016.24;103016.24;103016.24;
;ACC01;PETR4;2;1143;1143;1143;19.76;22585.68;22585.68;22585.68;
;ACC06;BBAS3;2;5537;5537;5537;17.23;95402.51;95402.51;95402.51;
;ACC09;VALE3;1;7443;7443;7443;19.05;141789.15;141789.15;141789.15;
;ACC02;MGLU3;1;1797;1797;1797;18.81;33801.57;33801.57;33801.57;
;ACC05;BBAS3;2;8691;8691;8691;14.20;123412.20;123412.20;123412.20;
;ACC08;BBDC4;2;2868;2868;2868;17.82;51107.76;51107.76;51107.76;
;ACC06;PETR4;1;7595;7595;7595;17.23;130861.85;130861.85;130861.85;
;ACC08;BBDC4;2;8718;8718;8718;13.60;118564.80;118564.80;118564.80;
;ACC02;BBDC4;1;9192;9192;9192;19.24;176854.08;176854.08;176854.08;
;ACC09;BBAS3;1;2729;2729;2729;13.21;36050.09;36050.09;36050.09;
;ACC03;BBAS3;1;3520;3520;3520;17.51;61635.20;61635.20;61635.20;
;ACC04;WEGE3;1;9862;9862;9862;15.43;152170.66;152170.66;152170.66;
;ACC04;VALE3;2;6911;6911;6911;16.01;110645.11;110645.11;110645.11;
;ACC02;PETR4;2;9888;9888;9888;18.21;180060.48;180060.48;180060.48;
;ACC05;ITUB4;1;2855;2855;2855;16.72;47735.60;47735.60;47735.60;
;ACC07;LREN3;2;9028;9028;9028;13.20;119169.60;119169.60;119169.60;
;ACC02;WEGE3;1;6945;6945;6945;12.56;87229.20;87229.20;87229.20;
;ACC03;WEGE3;2;4549;4549;4549;11.27;51267.23;51267.23;51267.23;
;ACC08;MGLU3;1;5889;5889;5889;11.75;69195.75;69195.75;69195.75;
;ACC03;MGLU3;1;8282;8282;8282;15.97;132263.54;132263.54;132263.54;
;ACC03;VALE3;2;4645;4645;4645;17.26;80172.70;80172.70;80172.70;
;ACC01;VALE3;1;2170;2170;2170;19.53;42380.10;42380.10;42380.10;
;ACC03;ABEV3;2;1997;1997;1997;12.84;25641.48;25641.48;25641.48;
;ACC03;WEGE3;1;6464;6464;6464;11.92;77050.88;77050.88;77050.88;
;ACC02;VALE3;2;2670;2670;2670;17.73;47339.10;47339.10;47339.10;
;ACC08;ABEV3;1;5600;5600;5600;16.56;92736.00;92736.00;92736.00;
;ACC05;B3SA3;2;4529;4529;4529;17.12;77536.48;77536.48;77536.48;
;ACC03;ABEV3;2;5898;5898;5898;17.39;102566.22;102566.22;102566.22;
;ACC02;WEGE3;1;3224;3224;3224;17.75;57226.00;57226.00;57226.00;
;ACC09;BBAS3;1;2484;2484;2484;15.98;39694.32;39694.32;39694.32;
;ACC09;VALE3;1;5777;5777;5777;12.49;72154.73;72154.73;72154.73;
;ACC01;ABEV3;2;9434;9434;9434;17.17;161981.78;161981.78;161981.78;
;ACC02;MGLU3;2;8879;8879;8879;16.88;149877.52;149877.52;149877.52;
;ACC09;WEGE3;1;1173;1173;1173;11.04;12949.92;12949.92;12949.92;
;ACC08;LREN3;1;7843;7843;7843;11.60;90978.80;90978.80;90978.80;
;ACC07;ABEV3;2;6400;6400;6400;12.08;77312.00;77312.00;77312.00;
;ACC09;PETR4;1;5772;5772;5772;12.92;74574.24;74574.24;74574.24;
;ACC09;VALE3;2;5795;5795;5795;12.38;71742.10;71742.10;71742.10;
;ACC06;B3SA3;2;9821;9821;9821;16.59;162930.39;162930.39;162930.39;
;ACC04;MGLU3;2;6782;6782;6782;17.66;119770.12;119770.12;119770.12;
;ACC04;MGLU3;1;9909;9909;9909;18.09;179253.81;179253.81;179253.81;
;ACC04;VALE3;1;3075;3075;3075;11.34;34870.50;34870.50;34870.50;
;ACC10;ABEV3;2;9180;9180;9180;14.21;130447.80;130447.80;130447.80;
;ACC05;B3SA3;1;9217;9217;9217;13.61;125443.37;125443.37;125443.37;
;ACC06;ITUB4;1;7735;7735;7735;16.34;126389.90;126389.90;126389.90;
;ACC07;VALE3;1;3063;3063;3063;19.56;59912.28;59912.28;59912.28;
;ACC10;LREN3;2;9835;9835;9835;13.03;128150.05;128150.05;128150.05;
;ACC08;PETR4;2;1675;1675;1675;19.08;31959.00;31959.00;31959.00;
;ACC10;VALE3;1;5051;5051;5051;19.37;97837.87;97837.87;97837.87;
;ACC07;ABEV3;1;8514;8514;8514;13.08;111363.12;111363.12;111363.12;
;ACC05;BBAS3;2;4694;4694;4694;13.31;62477.14;62477.14;62477.14;
;ACC10;WEGE3;2;2459;2459;2459;18.15;44630.85;44630.85;44630.85;
;ACC03;ABEV3;2;3475;3475;3475;19.61;68144.75;68144.75;68144.75;
;ACC09;MGLU3;2;4703;4703;4703;17.40;81832.20;81832.20;81832.20;
;ACC09;ITUB4;2;2025;2025;2025;10.99;22254.75;22254.75;22254.75;
;ACC02;WEGE3;1;3990;3990;3990;19.69;78563.10;78563.10;78563.10;
;ACC06;MGLU3;1;6927;6927;6927;12.00;83124.00;83124.00;83124.00;
;ACC08;MGLU3;2;5698;5698;5698;12.25;69800.50;69800.50;69800.50;
;ACC06;ABEV3;1;5248;5248;5248;19.81;103962.88;103962.88;103962.88;
;ACC02;ABEV3;2;9935;9935;9935;19.86;197309.10;197309.10;197309.10;
;ACC04;ABEV3;2;6815;6815;6815;18.04;122942.60;122942.60;122942.60;
;ACC08;BBDC4;1;3976;3976;3976;10.52;41827.52;41827.52;41827.52;
;ACC10;BBAS3;1;6244;6244;6244;16.56;103400.64;103400.64;103400.64;
;ACC02;MGLU3;2;6162;6162;6162;15.55;95819.10;95819.10;95819.10;
;ACC07;ITUB4;1;3919;3919;3919;10.99;43069.81;43069.81;43069.81;
;ACC05;LREN3;2;4105;4105;4105;14.47;59399.35;59399.35;59399.35;
;ACC01;WEGE3;1;4240;4240;4240;18.98;80475.20;80475.20;80475.20;
;ACC03;B3SA3;2;3751;3751;3751;15.84;59415.84;59415.84;59415.84;
;ACC03;PETR4;2;8434;8434;8434;13.65;115124.10;115124.10;115124.10;
;ACC02;B3SA3;1;4766;4766;4766;16.19;77161.54;77161.54;77161.54;
;ACC03;VALE3;2;1950;1950;1950;11.57;22561.50;22561.50;22561.50;
;ACC03;LREN3;1;2042;2042;2042;13.10;26750.20;26750.20;26750.20;
;ACC02;BBAS3;1;9429;9429;9429;19.34;182356.86;182356.86;182356.86;
;ACC04;ITUB4;2;7060;7060;7060;15.03;106111.80;106111.80;106111.80;
;ACC10;PETR4;1;4586;4586;4586;12.76;58517.36;58517.36;58517.36;
;ACC08;BBDC4;1;4584;4584;4584;18.02;82603.68;82603.68;82603.68;
;ACC03;ITUB4;1;6217;6217;6217;14.54;90395.18;90395.18;90395.18;
;ACC02;PETR4;2;6783;6783;6783;16.28;110427.24;110427.24;110427.24;
;ACC06;MGLU3;2;7673;7673;7673;15.99;122691.27;122691.27;122691.27;
;ACC04;LREN3;1;6524;6524;6524;14.68;95772.32;95772.32;95772.32;
;ACC03;LREN3;1;8744;7411;7410;16.94;148123.36;125542.34;125525.40;
;ACC04;B3SA3;1;2738;1503;1502;10.24;28037.12;15390.72;15380.48;
;ACC06;BBAS3;2;9089;7610;7609;18.25;165874.25;138882.50;138864.25;
;ACC04;PETR4;1;7964;3881;3880;16.39;130529.96;63609.59;63593.20;
;ACC02;BBAS3;1;7489;4180;4179;17.00;127313.00;71060.00;71043.00;
;ACC08;ABEV3;1;1579;1476;1475;11.69;18458.51;17254.44;17242.75;
;ACC05;VALE3;1;3762;3367;3366;12.83;48266.46;43198.61;43185.78;
;ACC06;ABEV3;1;7152;6583;6582;12.37;88470.24;81431.71;81419.34;
;ACC04;VALE3;2;6464;5704;5703;19.47;125854.08;111056.88;111037.41;
;ACC09;MGLU3;2;2215;1736;1735;10.61;23501.15;18418.96;18408.35;
;ACC09;ABEV3;2;8629;4362;4361;17.05;147124.45;74372.10;74355.05;
;ACC06;B3SA3;2;4418;2032;2031;15.17;67021.06;30825.44;30810.27;
;ACC03;LREN3;2;1907;248;247;14.20;27079.40;3521.60;3507.40;
;ACC07;BBAS3;2;6700;1048;1047;14.74;98758.00;15447.52;15432.78;
;ACC05;LREN3;1;5004;2307;2306;18.79;94025.16;43348.53;43329.74;
;ACC01;ITUB4;2;8854;911;910;18.72;165746.88;17053.92;17035.20;
;ACC06;PETR4;2;1588;243;242;18.21;28917.48;4425.03;4406.82;
;ACC07;MGLU3;2;8756;4653;4652;12.98;113652.88;60395.94;60382.96;
;ACC08;MGLU3;1;1277;389;388;12.95;16537.15;5037.55;5024.60;
;ACC09;MGLU3;1;4736;1093;1092;10.29;48733.44;11246.97;11236.68;
;ACC04;ITUB4;1;7185;4231;4230;19.64;141113.40;83096.84;83077.20;
;ACC03;BBDC4;1;8428;632;631;18.06;152209.68;11413.92;11395.86;
;ACC05;WEGE3;2;6746;5124;5123;12.02;81086.92;61590.48;61578.46;
;ACC02;B3SA3;1;8412;722;721;17.96;151079.52;12967.12;12949.16;
;ACC03;LREN3;1;9644;3653;3652;11.20;108012.80;40913.60;40902.40;
;ACC04;PETR4;1;5192;3999;3998;15.09;78347.28;60344.91;60329.82;
;ACC02;PETR4;2;5504;4161;4160;18.67;102759.68;77685.87;77667.20;
;ACC09;B3SA3;2;9677;2204;2203;16.42;158896.34;36189.68;36173.26;
;ACC09;WEGE3;2;4434;944;943;18.22;80787.48;17199.68;17181.46;
;ACC10;ITUB4;1;6044;1459;1458;10.89;65819.16;15888.51;15877.62;
;ACC03;BBAS3;1;3923;95;94;15.51;60845.73;1473.45;1457.94;
;ACC08;ABEV3;1;4097;4040;4039;16.13;66084.61;65165.20;65149.07;
;ACC02;MGLU3;1;4439;949;948;16.26;72178.14;15430.74;15414.48;
;ACC09;ITUB4;1;5700;4789;4788;19.14;109098.00;91661.46;91642.32;
;ACC06;PETR4;1;9351;721;720;16.83;157377.33;12134.43;12117.60;
;ACC03;PETR4;1;7234;4214;4213;10.74;77693.16;45258.36;45247.62;
;ACC02;MGLU3;2;6031;674;673;13.27;80031.37;8943.98;8930.71;
;ACC08;PETR4;2;3476;2243;2242;16.36;56867.36;36695.48;36679.12;
;ACC08;WEGE3;2;2488;766;765;17.44;43390.72;13359.04;13341.60;
;ACC06;VALE3;2;6829;4155;4154;17.84;121829.36;74125.20;74107.36;
;ACC04;BBDC4;1;1494;1432;1431;11.39;17016.66;16310.48;16299.09;
;ACC06;VALE3;1;9224;7840;7839;13.74;126737.76;107721.60;107707.86;
;ACC06;ABEV3;2;2434;1380;1379;13.60;33102.40;18768.00;18754.40;
;ACC04;B3SA3;1;9110;3880;3879;18.07;164617.70;70111.60;70093.53;
;ACC05;LREN3;1;8680;6309;6308;13.22;114749.60;83404.98;83391.76;
;ACC08;MGLU3;1;2299;308;307;19.72;45336.28;6073.76;6054.04;
;ACC09;BBAS3;1;1529;970;969;10.97;16773.13;10640.90;10629.93;
;ACC08;BBDC4;2;7178;5067;5066;17.54;125902.12;88875.18;88857.64;
;ACC02;PETR4;2;5144;3060;3059;17.75;91306.00;54315.00;54297.25;
;ACC05;WEGE3;1;1347;1070;1069;18.47;24879.09;19762.90;19744.43;
;ACC05;ITUB4;2;5049;3865;3864;14.70;74220.30;56815.50;56800.80;
;ACC04;BBAS3;2;2227;209;208;18.53;41266.31;3872.77;3854.24;
;ACC05;ITUB4;1;7092;1747;1746;10.79;76522.68;18850.13;18839.34;
;ACC04;VALE3;2;2946;941;940;19.12;56327.52;17991.92;17972.80;
;ACC08;BBAS3;1;1581;871;870;16.53;26133.93;14397.63;14381.10;
;ACC08;B3SA3;1;4549;30;29;13.52;61502.48;405.60;392.08;
;ACC06;BBDC4;1;6743;943;942;15.04;101414.72;14182.72;14167.68;
;ACC10;PETR4;1;9894;9288;9287;10.86;107448.84;100867.68;100856.82;
;ACC10;BBDC4;2;5947;4660;4659;14.00;83258.00;65240.00;65226.00;
;ACC10;BBDC4;1;2670;1543;1542;17.60;46992.00;27156.80;27139.20;
;ACC07;B3SA3;1;5284;3110;3109;14.68;77569.12;45654.80;45640.12;
;ACC04;BBAS3;1;9881;1959;1958;18.83;186059.23;36887.97;36869.14;
;ACC05;ABEV3;2;9517;9224;9223;16.68;158743.56;153856.32;153839.64;
;ACC08;ITUB4;2;9665;7158;7157;14.16;136856.40;101357.28;101343.12;
;ACC03;BBAS3;1;6936;2557;2556;19.51;135321.36;49887.07;49867.56;
;ACC09;MGLU3;1;7272;233;232;15.86;115333.92;3695.38;3679.52;
;ACC06;VALE3;1;3080;1217;1216;14.56;44844.80;17719.52;17704.96;
;ACC06;PETR4;2;1914;508;507;18.83;36040.62;9565.64;9546.81;
;ACC05;WEGE3;2;4319;577;576;13.76;59429.44;7939.52;7925.76;
;ACC06;MGLU3;1;7927;100;99;15.00;118905.00;1500.00;1485.00;
;ACC04;ITUB4;1;9272;6130;6129;13.40;124244.80;82142.00;82128.60;
;ACC01;BBDC4;1;4924;4860;4859;16.90;83215.60;82134.00;82117.10;
;ACC02;PETR4;2;5398;854;853;14.35;77461.30;12254.90;12240.55;
;ACC02;WEGE3;2;8954;6195;6194;17.90;160276.60;110890.50;110872.60;
;ACC04;MGLU3;1;5442;4366;4365;12.23;66555.66;53396.18;53383.95;
;ACC06;WEGE3;2;5405;3674;3673;18.90;102154.50;69438.60;69419.70;
;ACC02;WEGE3;2;4079;616;615;13.78;56208.62;8488.48;8474.70;
;ACC10;BBAS3;2;2381;655;654;13.96;33238.76;9143.80;9129.84;
;ACC08;BBDC4;2;9080;3631;3630;17.90;162532.00;64994.90;64977.00;
;ACC07;ITUB4;2;7759;6703;6702;19.60;152076.40;131378.80;131359.20;
;ACC05;ITUB4;2;4575;649;648;12.63;57782.25;8196.87;8184.24;
;ACC07;ITUB4;2;5996;3788;3787;15.35;92038.60;58145.80;58130.45;
;ACC02;B3SA3;1;2334;1662;1661;11.68;27261.12;19412.16;19400.48;
;ACC04;B3SA3;1;2607;2464;2463;15.28;39834.96;37649.92;37634.64;
;ACC05;VALE3;1;5289;1032;1031;16.53;87427.17;17058.96;17042.43;
;ACC05;ABEV3;1;6459;1928;1927;12.87;83127.33;24813.36;24800.49;
;ACC08;PETR4;1;9554;6465;6464;12.95;123724.30;83721.75;83708.80;
;ACC05;BBDC4;2;1361;53;52;14.36;19543.96;761.08;746.72;
;ACC05;B3SA3;2;8947;7799;7798;12.79;114432.13;99749.21;99736.42;
;ACC10;LREN3;2;1581;540;539;17.54;27730.74;9471.60;9454.06;
;ACC05;VALE3;1;1743;1061;1060;14.96;26075.28;15872.56;15857.60;
;ACC01;BBAS3;2;6657;429;428;16.33;108708.81;7005.57;6989.24;
;ACC09;WEGE3;2;7064;2335;2334;11.54;81518.56;26945.90;26934.36;
;ACC01;WEGE3;2;5176;2775;2774;13.10;67805.60;36352.50;36339.40;
;ACC08;LREN3;2;3809;3641;3640;17.67;67305.03;64336.47;64318.80;
;ACC10;PETR4;2;8083;115;114;13.97;112919.51;1606.55;1592.58;
;ACC07;ITUB4;2;1251;946;945;16.50;20641.50;15609.00;15592.50;
;ACC02;MGLU3;1;8126;3739;3738;14.26;115876.76;53318.14;53303.88;
;ACC02;PETR4;1;7019;1156;1155;12.61;88509.59;14577.16;14564.55;
;ACC08;B3SA3;1;7987;3099;3098;13.97;111578.39;43293.03;43279.06;
;ACC08;VALE3;2;3106;3009;3008;10.26;31867.56;30872.34;30862.08;
;ACC06;BBDC4;2;7381;5813;5812;15.85;116988.85;92136.05;92120.20;
;ACC05;ITUB4;1;5362;3408;3407;14.88;79786.56;50711.04;50696.16;
;ACC08;B3SA3;2;4821;4585;4584;10.76;51873.96;49334.60;49323.84;
;ACC04;B3SA3;2;4207;2905;2904;19.16;80606.12;55659.80;55640.64;
;ACC09;ITUB4;1;9703;1940;1939;17.74;172131.22;34415.60;34397.86;
;ACC09;VALE3;1;3891;2007;2006;17.18;66847.38;34480.26;34463.08;
;ACC04;ABEV3;2;1805;776;775;18.77;33879.85;14565.52;14546.75;
;ACC05;BBDC4;2;5720;3918;3917;12.77;73044.40;50032.86;50020.09;
;ACC05;PETR4;2;3809;3557;3556;10.53;40108.77;37455.21;37444.68;
;ACC06;BBDC4;2;6432;991;990;10.89;70044.48;10791.99;10781.10;
;ACC02;BBDC4;1;8590;1468;1467;17.95;154190.50;26350.60;26332.65;
;ACC03;ABEV3;1;9623;796;795;12.85;123655.55;10228.60;10215.75;
;ACC08;LREN3;1;2559;211;210;17.18;43963.62;3624.98;3607.80;
;ACC01;MGLU3;2;9158;2767;2766;19.30;176749.40;53403.10;53383.80;
;ACC02;VALE3;1;1542;1081;1080;17.60;27139.20;19025.60;19008.00;
;ACC01;LREN3;2;6545;5551;5550;16.97;111068.65;94200.47;94183.50;
;ACC04;B3SA3;1;5885;4872;4871;15.39;90570.15;74980.08;74964.69;
;ACC06;MGLU3;1;3721;2978;2977;17.81;66271.01;53038.18;53020.37;
;ACC07;VALE3;1;9903;8878;8877;13.56;134284.68;120385.68;120372.12;
;ACC02;ABEV3;2;8354;4435;4434;11.69;97658.26;51845.15;51833.46;
;ACC08;VALE3;1;8367;3622;3621;15.76;131863.92;57082.72;57066.96;
;ACC01;ABEV3;2;5285;2208;2207;16.27;85986.95;35924.16;35907.89;
;ACC07;LREN3;1;2806;225;224;13.73;38526.38;3089.25;3075.52;
;ACC03;BBDC4;1;6390;4171;4170;10.24;65433.60;42711.04;42700.80;
;ACC01;BBDC4;1;3249;1722;1721;10.87;35316.63;18718.14;18707.27;
;ACC03;ITUB4;1;8070;4415;4414;18.38;148326.60;81147.70;81129.32;
;ACC04;B3SA3;1;7000;2252;2251;16.80;117600.00;37833.60;37816.80;
;ACC08;WEGE3;2;6769;5940;5939;19.86;134432.34;117968.40;117948.54;
;ACC09;WEGE3;2;7270;9;8;10.10;73427.00;90.90;80.80;
;ACC04;BBAS3;1;2328;707;706;13.12;30543.36;9275.84;9262.72;
;ACC07;WEGE3;1;3711;3111;3110;19.47;72253.17;60571.17;60551.70;
;ACC06;PETR4;2;6142;5708;5707;13.65;83838.30;77914.20;77900.55;
;ACC04;WEGE3;1;2548;2508;2507;15.31;39009.88;38397.48;38382.17;
;ACC02;BBDC4;2;7239;1226;1225;13.29;96206.31;16293.54;16280.25;
;ACC10;B3SA3;2;9104;4488;4487;16.88;153675.52;75757.44;75740.56;
;ACC08;WEGE3;1;9587;9056;9055;12.02;115235.74;108853.12;108841.10;
;ACC08;PETR4;2;5661;1607;1606;12.31;69686.91;19782.17;19769.86;
;ACC04;BBDC4;2;5886;4851;4850;16.13;94941.18;78246.63;78230.50;
;ACC06;B3SA3;1;7999;6885;6884;11.34;90708.66;78075.90;78064.56;
;ACC04;LREN3;1;1130;1109;1108;18.67;21097.10;20705.03;20686.36;
;ACC05;WEGE3;2;9327;5800;5799;13.19;123023.13;76502.00;76488.81;
;ACC08;WEGE3;2;9971;3410;3409;10.96;109282.16;37373.60;37362.64;
;ACC09;PETR4;2;6592;1353;1352;14.47;95386.24;19577.91;19563.44;
;ACC08;MGLU3;2;7225;6167;6166;16.21;117117.25;99967.07;99950.86;
;ACC04;ITUB4;1;5756;1797;1796;14.44;83116.64;25948.68;25934.24;
;ACC08;BBDC4;1;8616;6090;6089;18.95;163273.20;115405.50;115386.55;
;ACC03;PETR4;1;5142;1346;1345;17.60;90499.20;23689.60;23672.00;
;ACC09;WEGE3;2;6450;3350;3349;16.30;105135.00;54605.00;54588.70;
;ACC09;LREN3;2;3289;1456;1455;15.90;52295.10;23150.40;23134.50;
;ACC09;BBDC4;2;8250;1623;1622;19.89;164092.50;32281.47;32261.58;
;ACC02;ITUB4;1;1255;43;42;15.51;19465.05;666.93;651.42;
;ACC04;BBDC4;2;9459;3238;3237;19.35;183031.65;62655.30;62635.95;
;ACC03;B3SA3;2;2434;1835;1834;15.53;37800.02;28497.55;28482.02;
;ACC03;LREN3;2;6358;3861;3860;11.13;70764.54;42972.93;42961.80;
;ACC02;LREN3;1;6294;777;776;18.48;116313.12;14358.96;14340.48;
;ACC06;MGLU3;2;1558;504;503;18.83;29337.14;9490.32;9471.49;
;ACC06;WEGE3;1;1179;279;278;15.00;17685.00;4185.00;4170.00;
;ACC10;WEGE3;1;8654;4050;4049;13.47;116569.38;54553.50;54540.03;
;ACC08;ABEV3;1;8758;6126;6125;17.65;154578.70;108123.90;108106.25;
;ACC06;ABEV3;1;7888;4277;4276;15.12;119266.56;64668.24;64653.12;
;ACC10;VALE3;2;9992;4322;4321;11.10;110911.20;47974.20;47963.10;
;ACC02;LREN3;2;6063;5578;5577;19.22;116530.86;107209.16;107189.94;
;ACC05;BBDC4;1;9020;771;770;18.74;169034.80;14448.54;14429.80;
;ACC07;WEGE3;1;3773;3056;3055;13.97;52708.81;42692.32;42678.35;
;ACC01;WEGE3;2;6109;3149;3148;17.95;109656.55;56524.55;56506.60;
;ACC03;BBDC4;1;4669;2330;2329;17.27;80633.63;40239.10;40221.83;
;ACC05;BBAS3;2;1021;283;282;19.05;19450.05;5391.15;5372.10;
;ACC04;BBAS3;2;1129;729;728;14.45;16314.05;10534.05;10519.60;
;ACC05;LREN3;2;1270;653;652;15.11;19189.70;9866.83;9851.72;
;ACC04;VALE3;2;1155;1135;1134;10.28;11873.40;11667.80;11657.52;
;ACC01;VALE3;2;3619;2291;2290;12.81;46359.39;29347.71;29334.90;
;ACC09;ABEV3;2;3343;1216;1215;11.58;38711.94;14081.28;14069.70;
;ACC04;ABEV3;2;3206;1031;1030;16.38;52514.28;16887.78;16871.40;
;ACC04;LREN3;2;7519;3996;3995;18.88;141958.72;75444.48;75425.60;
;ACC10;BBAS3;2;9795;5541;5540;19.82;194136.90;109822.62;109802.80;
;ACC04;B3SA3;2;2805;685;684;18.43;51696.15;12624.55;12606.12;
;ACC06;BBAS3;1;1115;1033;1032;14.54;16212.10;15019.82;15005.28;
;ACC03;WEGE3;1;8044;3188;3187;18.00;144792.00;57384.00;57366.00;
;ACC09;ITUB4;2;4025;2482;2481;12.45;50111.25;30900.90;30888.45;
;ACC08;B3SA3;1;3070;1234;1233;12.84;39418.80;15844.56;15831.72;
;ACC06;PETR4;1;4231;4086;4085;16.83;71207.73;68767.38;68750.55;
;ACC01;LREN3;1;5773;2417;2416;10.22;59000.06;24701.74;24691.52;
;ACC04;B3SA3;1;8689;466;465;15.89;138068.21;7404.74;7388.85;
;ACC09;BBAS3;2;2157;164;163;13.74;29637.18;2253.36;2239.62;
;ACC03;MGLU3;1;5392;4425;4424;16.31;87943.52;72171.75;72155.44;
;ACC08;BBDC4;2;5488;5100;5099;11.22;61575.36;57222.00;57210.78;
;ACC07;PETR4;2;8063;7363;7362;16.83;135700.29;123919.29;123902.46;
;ACC08;WEGE3;1;8952;3039;3038;11.96;107065.92;36346.44;36334.48;
;ACC10;LREN3;1;1400;366;365;14.01;19614.00;5127.66;5113.65;
;ACC05;VALE3;2;6231;1160;1159;12.32;76765.92;14291.20;14278.88;
;ACC06;ABEV3;1;1398;1216;1215;15.34;21445.32;18653.44;18638.10;
;ACC01;WEGE3;2;4321;942;941;10.65;46018.65;10032.30;10021.65;
;ACC10;WEGE3;1;9324;879;878;16.85;157109.40;14811.15;14794.30;
;ACC08;ABEV3;2;1287;855;854;15.03;19343.61;12850.65;12835.62;
;ACC06;BBDC4;2;2420;2414;2413;15.18;36735.60;36644.52;36629.34;
;ACC06;LREN3;1;7341;1312;1311;10.32;75759.12;13539.84;13529.52;
;ACC03;B3SA3;1;9360;7440;7439;16.53;154720.80;122983.20;122966.67;
;ACC09;B3SA3;1;5709;1777;1776;12.71;72561.39;22585.67;22572.96;
;ACC06;WEGE3;2;5372;4183;4182;17.34;93150.48;72533.22;72515.88;
;ACC04;ABEV3;2;1000;661;660;13.36;13360.00;8830.96;8817.60;
;ACC03;B3SA3;1;4864;741;740;14.06;68387.84;10418.46;10404.40;
;ACC03;ABEV3;1;7643;366;365;14.32;109447.76;5241.12;5226.80;
;ACC01;B3SA3;1;1777;647;646;11.94;21217.38;7725.18;7713.24;
;ACC01;PETR4;1;9598;700;699;13.21;126789.58;9247.00;9233.79;
;ACC02;LREN3;2;8952;5871;5870;15.21;136159.92;89297.91;89282.70;
;ACC06;WEGE3;2;3862;2767;2766;15.16;58547.92;41947.72;41932.56;
;ACC01;B3SA3;1;7160;3093;3092;13.48;96516.80;41693.64;41680.16;
;ACC09;B3SA3;1;2275;630;629;13.04;29666.00;8215.20;8202.16;
;ACC02;WEGE3;2;2676;546;545;11.81;31603.56;6448.26;6436.45;
;ACC04;BBAS3;2;6202;1709;1708;19.82;122923.64;33872.38;33852.56;
;ACC03;BBAS3;2;8254;5770;5769;14.34;118362.36;82741.80;82727.46;
;ACC06;ABEV3;2;4883;2469;2468;19.02;92874.66;46960.38;46941.36;
;ACC09;B3SA3;1;1360;892;891;13.76;18713.60;12273.92;12260.16;
;ACC05;VALE3;1;5682;3007;3006;12.03;68354.46;36174.21;36162.18;
;ACC10;WEGE3;2;7501;6437;6436;11.66;87461.66;75055.42;75043.76;
;ACC08;MGLU3;2;5154;4582;4581;13.20;68032.80;60482.40;60469.20;
;ACC09;MGLU3;1;4623;2089;2088;16.98;78498.54;35471.22;35454.24;
;ACC04;PETR4;1;4948;994;993;16.71;82681.08;16609.74;16593.03;
;ACC02;ITUB4;2;3418;2601;2600;12.54;42861.72;32616.54;32604.00;
;ACC10;B3SA3;2;1636;111;110;10.90;17832.40;1209.90;1199.00;
;ACC01;BBDC4;1;5343;2339;2338;12.08;64543.44;28255.12;28243.04;
;ACC03;MGLU3;1;1499;839;838;19.06;28570.94;15991.34;15972.28;
;ACC05;ITUB4;1;3657;2999;2998;12.49;45675.93;37457.51;37445.02;
;ACC05;ABEV3;2;5796;2392;2391;17.67;102415.32;42266.64;42248.97;
;ACC03;BBAS3;2;7226;2252;2251;18.92;136715.92;42607.84;42588.92;
;ACC06;BBDC4;1;6426;1471;1470;15.66;100631.16;23035.86;23020.20;
;ACC03;BBDC4;2;5150;1307;1306;12.30;63345.00;16076.10;16063.80;
;ACC10;MGLU3;1;8432;949;948;10.93;92161.76;10372.57;10361.64;
;ACC07;ITUB4;2;6565;1484;1483;11.98;78648.70;17778.32;17766.34;
;ACC10;BBAS3;2;9703;8623;8622;12.73;123519.19;109770.79;109758.06;
;ACC02;MGLU3;2;5916;5243;5242;18.14;107316.24;95108.02;95089.88;
;ACC02;B3SA3;2;5650;3726;3725;11.01;62206.50;41023.26;41012.25;
;ACC08;PETR4;2;2733;638;637;11.48;31374.84;7324.24;7312.76;
;ACC01;PETR4;1;2156;1540;1539;16.40;35358.40;25256.00;25239.60;
;ACC03;BBDC4;1;7233;3649;3648;10.04;72619.32;36635.96;36625.92;
;ACC04;B3SA3;2;8751;1020;1019;16.90;147891.90;17238.00;17221.10;
;ACC07;BBAS3;2;7244;3480;3479;15.46;111992.24;53800.80;53785.34;
;ACC04;VALE3;2;8574;6153;6152;10.04;86082.96;61776.12;61766.08;
;ACC06;BBDC4;2;1408;434;433;13.70;19289.60;5945.80;5932.10;
;ACC07;MGLU3;2;1443;81;80;11.47;16551.21;929.07;917.60;
;ACC05;MGLU3;2;6935;6578;6577;17.51;121431.85;115180.78;115163.27;
;ACC09;VALE3;2;9681;7565;7564;13.75;133113.75;104018.75;104005.00;
;ACC06;B3SA3;2;7100;6220;6219;10.53;74763.00;65496.60;65486.07;
;ACC02;B3SA3;1;3251;2672;2671;11.38;36996.38;30407.36;30395.98;
;ACC10;BBDC4;1;5114;1669;1668;15.46;79062.44;25802.74;25787.28;
;ACC10;PETR4;1;5481;3456;3455;10.81;59249.61;37359.36;37348.55;
;ACC09;PETR4;2;7123;1012;1011;11.12;79207.76;11253.44;11242.32;
;ACC05;MGLU3;2;7201;69;68;16.42;118240.42;1132.98;1116.56;
;ACC07;VALE3;2;2529;709;708;15.83;40034.07;11223.47;11207.64;
;ACC09;BBDC4;2;5050;2627;2626;16.26;82113.00;42715.02;42698.76;
;ACC07;ABEV3;1;4727;575;574;16.96;80169.92;9752.00;9735.04;
;ACC02;LREN3;2;6761;4774;4773;13.52;91408.72;64544.48;64530.96;
;ACC09;WEGE3;2;6551;652;651;19.08;124993.08;12440.16;12421.08;
;ACC04;BBAS3;1;1528;856;855;12.54;19161.12;10734.24;10721.70;
;ACC01;PETR4;2;9909;9781;9780;15.52;153787.68;151801.12;151785.60;
;ACC04;WEGE3;1;5057;4560;4559;10.30;52087.10;46968.00;46957.70;
;ACC06;BBAS3;2;5050;1222;1221;10.77;54388.50;13160.94;13150.17;
;ACC02;B3SA3;1;2207;822;821;17.20;37960.40;14138.40;14121.20;
;ACC01;ITUB4;2;6017;4020;4019;13.61;81891.37;54712.20;54698.59;
;ACC07;WEGE3;1;2684;753;752;13.17;35348.28;9917.01;9903.84;
;ACC01;MGLU3;1;9253;4303;4302;13.38;123805.14;57574.14;57560.76;
;ACC09;BBDC4;2;6227;5180;5179;17.69;110155.63;91634.20;91616.51;
;ACC01;ABEV3;2;4671;2051;2050;14.11;65907.81;28939.61;28925.50;
;ACC03;VALE3;1;5398;4519;4518;15.03;81131.94;67920.57;67905.54;
;ACC05;BBAS3;2;3059;1594;1593;14.15;43284.85;22555.10;22540.95;
;ACC10;ITUB4;1;3479;1478;1477;18.17;63213.43;26855.26;26837.09;
;ACC09;LREN3;1;7931;1290;1289;10.97;87003.07;14151.30;14140.33;
;ACC03;ABEV3;1;8810;6954;6953;17.56;154703.60;122112.24;122094.68;
;ACC03;PETR4;2;8994;7686;7685;13.58;122138.52;104375.88;104362.30;
;ACC01;ABEV3;2;4785;180;179;13.49;64549.65;2428.20;2414.71;
;ACC08;B3SA3;2;3185;348;347;17.55;55896.75;6107.40;6089.85;
;ACC04;MGLU3;2;1902;331;330;13.00;24726.00;4303.00;4290.00;
;ACC09;BBDC4;2;3956;2783;2782;19.82;78407.92;55159.06;55139.24;
;ACC04;LREN3;1;5907;5269;5268;15.14;89431.98;79772.66;79757.52;
;ACC10;LREN3;1;1877;435;434;13.33;25020.41;5798.55;5785.22;
;ACC03;LREN3;1;8948;204;203;10.57;94580.36;2156.28;2145.71;
;ACC01;MGLU3;2;7726;6155;6154;13.86;107082.36;85308.30;85294.44;
;ACC10;ABEV3;2;6138;4199;4198;14.30;87773.40;60045.70;60031.40;
;ACC09;ITUB4;2;2418;786;785;13.83;33440.94;10870.38;10856.55;
;ACC10;WEGE3;2;4153;20;19;12.46;51746.38;249.20;236.74;
;ACC08;BBDC4;1;3284;2743;2742;10.58;34744.72;29020.94;29010.36;
;ACC09;BBAS3;2;8907;8003;8002;17.01;151508.07;136131.03;136114.02;
;ACC08;MGLU3;1;5422;863;862;18.96;102801.12;16362.48;16343.52;
;ACC04;VALE3;2;8161;5300;5299;14.33;116947.13;75949.00;75934.67;
;ACC02;ITUB4;1;2866;1762;1761;10.57;30293.62;18624.34;18613.77;
;ACC05;PETR4;1;4416;2879;2878;16.36;72245.76;47100.44;47084.08;
;ACC07;B3SA3;2;6579;4704;4703;14.63;96250.77;68819.52;68804.89;
;ACC07;MGLU3;1;1160;423;422;15.48;17956.80;6548.04;6532.56;
;ACC03;BBDC4;1;4076;3360;3359;17.78;72471.28;59740.80;59723.02;
;ACC08;LREN3;1;8958;7322;7321;16.73;149867.34;122497.06;122480.33;
;ACC08;MGLU3;1;5863;2988;2987;12.70;74460.10;37947.60;37934.90;
;ACC10;ABEV3;1;4626;2148;2147;13.47;62312.22;28933.56;28920.09;
;ACC09;WEGE3;2;8622;5170;5169;18.02;155368.44;93163.40;93145.38;
;ACC01;PETR4;1;1553;1044;1043;15.16;23543.48;15827.04;15811.88;
;ACC05;B3SA3;1;1260;794;793;14.24;17942.40;11306.56;11292.32;
;ACC05;BBDC4;2;7195;1477;1476;18.40;132388.00;27176.80;27158.40;
;ACC08;WEGE3;2;8924;5197;5196;13.25;118243.00;68860.25;68847.00;
;ACC02;BBDC4;2;9909;8283;8282;14.78;146455.02;122422.74;122407.96;
;ACC09;PETR4;1;5703;950;949;11.11;63360.33;10554.50;10543.39;
;ACC05;B3SA3;1;2490;1871;1870;10.74;26742.60;20094.54;20083.80;
;ACC08;BBDC4;1;4756;2846;2845;11.05;52553.80;31448.30;31437.25;
;ACC04;B3SA3;1;3366;3107;3106;11.38;38305.08;35357.66;35346.28;
;ACC08;ITUB4;1;9667;6782;6781;13.36;129151.12;90607.52;90594.16;
;ACC08;PETR4;1;8446;1573;1572;12.51;105659.46;19678.23;19665.72;
;ACC05;B3SA3;2;5595;391;390;14.26;79784.70;5575.66;5561.40;
;ACC01;ITUB4;2;6051;567;566;17.98;108796.98;10194.66;10176.68;
;ACC03;PETR4;1;4854;2804;2803;14.18;68829.72;39760.72;39746.54;
;ACC08;VALE3;2;9392;9228;9227;18.48;173564.16;170533.44;170514.96;
;ACC05;VALE3;1;8462;4344;4343;12.96;109667.52;56298.24;56285.28;
;ACC07;ITUB4;1;4160;1637;1636;11.95;49712.00;19562.15;19550.20;
;ACC01;WEGE3;2;4702;2591;2590;14.53;68320.06;37647.23;37632.70;
;ACC07;BBAS3;1;1453;583;582;10.58;15372.74;6168.14;6157.56;
;ACC06;PETR4;2;8577;7718;7717;10.71;91859.67;82659.78;82649.07;
;ACC10;B3SA3;2;9938;1885;1884;12.71;126311.98;23958.35;23945.64;
;ACC03;PETR4;1;7833;1446;1445;19.15;150001.95;27690.90;27671.75;
;ACC03;MGLU3;1;5065;1897;1896;11.07;56069.55;20999.79;20988.72;
;ACC04;PETR4;2;7584;3457;3456;12.69;96240.96;43869.33;43856.64;
;ACC10;ABEV3;1;7837;5004;5003;10.79;84561.23;53993.16;53982.37;
;ACC02;LREN3;1;9017;4465;4464;10.10;91071.70;45096.50;45086.40;
;ACC03;B3SA3;2;2592;310;309;13.40;34732.80;4154.00;4140.60;
;ACC01;PETR4;2;1455;532;531;10.46;15219.30;5564.72;5554.26;
;ACC06;PETR4;2;4309;2150;2149;15.43;66487.87;33174.50;33159.07;
;ACC06;ITUB4;2;1787;347;346;16.26;29056.62;5642.22;5625.96;
;ACC01;BBAS3;2;9646;6427;6426;12.76;123082.96;82008.52;81995.76;
;ACC05;MGLU3;2;6138;5879;5878;12.44;76356.72;73134.76;73122.32;
;ACC01;ABEV3;2;7230;6114;6113;14.29;103316.70;87369.06;87354.77;
;ACC08;LREN3;2;1588;630;629;11.23;17833.24;7074.90;7063.67;
;ACC07;VALE3;2;5879;1531;1530;11.17;65668.43;17101.27;17090.10;
;ACC08;BBDC4;2;6604;435;434;15.37;101503.48;6685.95;6670.58;
;ACC04;ITUB4;2;6395;5892;5891;10.11;64653.45;59568.12;59558.01;
;ACC05;BBDC4;1;5814;4543;4542;14.39;83663.46;65373.77;65359.38;
;ACC06;B3SA3;2;2126;1804;1803;12.04;25597.04;21720.16;21708.12;
;ACC02;ABEV3;2;6643;2740;2739;11.43;75929.49;31318.20;31306.77;
;ACC09;ABEV3;2;3298;2212;2211;19.56;64508.88;43266.72;43247.16;
;ACC10;ITUB4;1;5118;734;733;10.46;53534.28;7677.64;7667.18;
;ACC04;B3SA3;2;4081;3207;3206;19.49;79538.69;62504.43;62484.94;
;ACC06;VALE3;1;7881;3669;3668;16.29;128381.49;59768.01;59751.72;
;ACC01;MGLU3;2;7566;2933;2932;19.09;144434.94;55990.97;55971.88;
;ACC03;BBDC4;2;8360;1328;1327;12.26;102493.60;16281.28;16269.02;
;ACC05;PETR4;1;9611;764;763;17.05;163867.55;13026.20;13009.15;
;ACC09;BBDC4;2;6428;4416;4415;12.93;83114.04;57098.88;57085.95;
;ACC05;WEGE3;1;2202;444;443;12.90;28405.80;5727.60;5714.70;
;ACC02;B3SA3;2;2343;1301;1300;11.82;27694.26;15377.82;15366.00;
;ACC05;VALE3;1;5311;663;662;11.05;58686.55;7326.15;7315.10;
;ACC06;ABEV3;2;7686;3349;3348;16.30;125281.80;54588.70;54572.40;
;ACC03;VALE3;1;3619;3562;3561;17.93;64888.67;63866.66;63848.73;
;ACC05;PETR4;1;8865;2804;2803;14.84;131556.60;41611.36;41596.52;
;ACC03;BBDC4;1;3594;2655;2654;13.54;48662.76;35948.70;35935.16;
;ACC08;MGLU3;2;2676;564;563;13.76;36821.76;7760.64;7746.88;
;ACC05;VALE3;2;9990;368;367;10.94;109290.60;4025.92;4014.98;
;ACC09;VALE3;2;2417;205;204;13.45;32508.65;2757.25;2743.80;
;ACC01;BBAS3;2;3824;320;319;19.79;75676.96;6332.80;6313.01;
;ACC05;WEGE3;1;5402;2511;2510;16.44;88808.88;41280.84;41264.40;
;ACC03;LREN3;1;1517;149;148;12.69;19250.73;1890.81;1878.12;
;ACC09;LREN3;1;9906;7607;7606;12.25;121348.50;93185.75;93173.50;
;ACC05;WEGE3;2;8286;3927;3926;15.32;126941.52;60161.64;60146.32;
;ACC07;BBAS3;2;2500;2279;2278;16.28;40700.00;37102.12;37085.84;
;ACC09;ITUB4;1;3197;976;975;14.14;45205.58;13800.64;13786.50;
;ACC08;PETR4;2;5922;4616;4615;12.76;75564.72;58900.16;58887.40;
;ACC02;WEGE3;1;5086;3029;3028;17.60;89513.60;53310.40;53292.80;
;ACC08;BBAS3;1;5750;4615;4614;14.01;80557.50;64656.15;64642.14;
;ACC10;PETR4;1;1498;991;990;19.76;29600.48;19582.16;19562.40;
;ACC08;PETR4;1;2715;1378;1377;11.08;30082.20;15268.24;15257.16;
;ACC08;PETR4;2;6413;5668;5667;17.19;110239.47;97432.92;97415.73;
;ACC10;LREN3;1;1516;108;107;12.89;19541.24;1392.12;1379.23;
;ACC10;PETR4;1;7712;1172;1171;12.90;99484.80;15118.80;15105.90;
;ACC04;BBAS3;1;7730;7221;7220;14.01;108297.30;101166.21;101152.20;
;ACC01;ITUB4;2;4502;1935;1934;13.54;60957.08;26199.90;26186.36;
;ACC05;ABEV3;1;4641;2997;2996;13.29;61678.89;39830.13;39816.84;
;ACC08;LREN3;1;1691;314;313;18.21;30793.11;5717.94;5699.73;
;ACC01;LREN3;2;4852;3085;3084;18.32;88888.64;56517.20;56498.88;
;ACC08;ITUB4;1;4127;3202;3201;10.35;42714.45;33140.70;33130.35;
;ACC07;LREN3;1;7683;5532;5531;13.05;100263.15;72192.60;72179.55;
;ACC04;VALE3;1;3198;2578;2577;16.13;51583.74;41583.14;41567.01;
;ACC01;MGLU3;2;8603;8386;8385;18.48;158983.44;154973.28;154954.80;
;ACC09;ABEV3;2;7203;4491;4490;15.48;111502.44;69520.68;69505.20;
;ACC05;ABEV3;1;2301;249;248;18.77;43189.77;4673.73;4654.96;
;ACC10;MGLU3;1;6703;5559;5558;14.52;97327.56;80716.68;80702.16;
;ACC04;ABEV3;2;6548;2408;2407;17.67;115703.16;42549.36;42531.69;
;ACC06;B3SA3;2;1933;447;446;10.40;20103.20;4648.80;4638.40;
;ACC05;B3SA3;2;9818;379;378;12.76;125277.68;4836.04;4823.28;
;ACC05;ABEV3;1;6729;1084;1083;12.26;82497.54;13289.84;13277.58;
;ACC10;VALE3;2;8514;6622;6621;17.08;145419.12;113103.76;113086.68;
;ACC06;PETR4;1;8355;4597;4596;14.32;119643.60;65829.04;65814.72;
;ACC05;BBDC4;2;3407;886;885;10.95;37306.65;9701.70;9690.75;
;ACC09;VALE3;1;9999;4021;4020;19.98;199780.02;80339.58;80319.60;
;ACC07;VALE3;1;8907;8685;8684;18.52;164957.64;160846.20;160827.68;
;ACC07;PETR4;1;5063;4569;4568;17.74;89817.62;81054.06;81036.32;
;ACC02;VALE3;2;6201;5348;5347;16.57;102750.57;88616.36;88599.79;
;ACC08;LREN3;1;5790;4522;4521;12.85;74401.50;58107.70;58094.85;
;ACC06;VALE3;2;7138;1204;1203;15.46;110353.48;18613.84;18598.38;
;ACC01;B3SA3;2;4471;2693;2692;10.68;47750.28;28761.24;28750.56;
;ACC10;ABEV3;2;6394;4470;4469;14.59;93288.46;65217.30;65202.71;
;ACC06;B3SA3;1;7779;1132;1131;10.45;81290.55;11829.40;11818.95;
;ACC05;BBDC4;2;7314;3249;3248;17.22;125947.08;55947.78;55930.56;
;ACC01;LREN3;1;5525;5262;5261;10.48;57902.00;55145.76;55135.28;
;ACC03;LREN3;1;5911;2627;2626;12.09;71463.99;31760.43;31748.34;
;ACC03;BBDC4;1;6448;409;408;18.66;120319.68;7631.94;7613.28;
;ACC07;B3SA3;1;9881;3012;3011;11.66;115212.46;35119.92;35108.26;
;ACC10;B3SA3;2;8343;6244;6243;11.76;98113.68;73429.44;73417.68;
;ACC08;LREN3;1;9289;2295;2294;16.70;155126.30;38326.50;38309.80;
;ACC01;ITUB4;2;5821;918;917;15.23;88653.83;13981.14;13965.91;
;ACC09;BBDC4;1;1956;1314;1313;10.89;21300.84;14309.46;14298.57;
;ACC06;B3SA3;2;6786;553;552;14.76;100161.36;8162.28;8147.52;
;ACC07;ABEV3;2;2259;287;286;13.83;31241.97;3969.21;3955.38;
;ACC09;MGLU3;1;8135;6645;6644;15.29;124384.15;101602.05;101586.76;
;ACC02;VALE3;2;3807;2477;2476;10.08;38374.56;24968.16;24958.08;
;ACC05;BBAS3;2;4519;3021;3020;11.35;51290.65;34288.35;34277.00;
;ACC10;MGLU3;1;3868;1312;1311;14.07;54422.76;18459.84;18445.77;
;ACC04;BBDC4;1;5733;3023;3022;12.44;71318.52;37606.12;37593.68;
;ACC04;BBAS3;1;9684;426;425;10.66;103231.44;4541.16;4530.50;
;ACC03;ABEV3;2;1620;1300;1299;10.72;17366.40;13936.00;13925.28;
;ACC08;LREN3;1;1194;267;266;18.39;21957.66;4910.13;4891.74;
;ACC08;ABEV3;1;4965;1266;1265;14.60;72489.00;18483.60;18469.00;
;ACC01;LREN3;2;1703;372;371;14.96;25476.88;5565.12;5550.16;
;ACC06;MGLU3;1;4051;202;201;14.43;58455.93;2914.86;2900.43;
;ACC10;B3SA3;2;4887;4589;4588;17.75;86744.25;81454.75;81437.00;
;ACC04;BBAS3;1;5633;2664;2663;18.85;106182.05;50216.40;50197.55;
;ACC01;B3SA3;2;4436;1238;1237;13.84;61394.24;17133.92;17120.08;
;ACC07;LREN3;2;4234;2474;2473;13.04;55211.36;32260.96;32247.92;
;ACC09;LREN3;2;4976;2059;2058;17.28;85985.28;35579.52;35562.24;
;ACC10;ABEV3;2;5071;2488;2487;12.31;62424.01;30627.28;30614.97;
;ACC09;ABEV3;2;3798;3234;3233;13.19;50095.62;42656.46;42643.27;
;ACC09;MGLU3;2;4787;2770;2769;17.41;83341.67;48225.70;48208.29;
;ACC09;LREN3;2;9433;6499;6498;11.34;106970.22;73698.66;73687.32;
;ACC06;ABEV3;1;9129;3663;3662;20.00;182580.00;73260.00;73240.00;
;ACC02;BBAS3;2;1915;1363;1362;13.80;26427.00;18809.40;18795.60;
;ACC05;VALE3;1;1275;988;987;19.47;24824.25;19236.36;19216.89;
;ACC02;B3SA3;2;1358;790;789;14.38;19528.04;11360.20;11345.82;
;ACC03;LREN3;2;6660;457;456;14.84;98834.40;6781.88;6767.04;
;ACC03;VALE3;2;4621;720;719;19.44;89832.24;13996.80;13977.36;
;ACC07;VALE3;1;9182;2923;2922;17.64;161970.48;51561.72;51544.08;
;ACC06;MGLU3;2;6451;3855;3854;12.63;81476.13;48688.65;48676.02;
;ACC05;ABEV3;2;3860;2521;2520;14.71;56780.60;37083.91;37069.20;
;ACC06;PETR4;2;5706;4305;4304;18.39;104933.34;79168.95;79150.56;
;ACC02;MGLU3;2;1720;1219;1218;11.75;20210.00;14323.25;14311.50;
;ACC09;BBAS3;1;8172;6543;6542;11.59;94713.48;75833.37;75821.78;
;ACC10;PETR4;1;3045;2729;2728;11.52;35078.40;31438.08;31426.56;
;ACC05;B3SA3;2;3860;1647;1646;13.20;50952.00;21740.40;21727.20;
;ACC01;LREN3;2;3037;2446;2445;12.59;38235.83;30795.14;30782.55;
;ACC05;BBAS3;1;9709;6221;6220;14.37;139518.33;89395.77;89381.40;
;ACC10;BBAS3;2;4755;1850;1849;17.44;82927.20;32264.00;32246.56;
;ACC10;LREN3;1;1000;368;367;13.80;13800.00;5078.40;5064.60;
;ACC02;MGLU3;1;9665;2138;2137;10.99;106218.35;23496.62;23485.63;
;ACC04;B3SA3;2;8225;6745;6744;15.82;130119.50;106705.90;106690.08;
;ACC10;LREN3;1;7769;689;688;13.14;102084.66;9053.46;9040.32;
;ACC02;LREN3;1;2074;1133;1132;18.95;39302.30;21470.35;21451.40;
;ACC07;VALE3;2;1735;1352;1351;11.51;19969.85;15561.52;15550.01;
;ACC05;ITUB4;2;7918;7361;7360;17.51;138644.18;128891.11;128873.60;
;ACC07;B3SA3;1;9677;9413;9412;13.08;126575.16;123122.04;123108.96;
;ACC07;MGLU3;2;6294;761;760;10.96;68982.24;8340.56;8329.60;
;ACC10;MGLU3;2;2661;2354;2353;15.65;41644.65;36840.10;36824.45;
;ACC02;WEGE3;1;5702;4726;4725;18.50;105487.00;87431.00;87412.50;
;ACC10;ITUB4;2;2185;1731;1730;12.99;28383.15;22485.69;22472.70;
;ACC01;ABEV3;1;9912;7741;7740;18.77;186048.24;145298.57;145279.80;
;ACC01;WEGE3;2;4637;3552;3551;19.66;91163.42;69832.32;69812.66;
;ACC03;WEGE3;1;7766;518;517;16.96;131711.36;8785.28;8768.32;
;ACC05;BBDC4;2;7747;663;662;14.24;110317.28;9441.12;9426.88;
;ACC03;BBDC4;2;6772;6764;6763;14.36;97245.92;97131.04;97116.68;
;ACC07;ITUB4;2;7741;4498;4497;11.95;92504.95;53751.10;53739.15;
;ACC01;LREN3;1;3939;1939;1938;17.58;69247.62;34087.62;34070.04;
;ACC05;VALE3;2;4517;2921;2920;10.47;47292.99;30582.87;30572.40;
;ACC03;ITUB4;1;7293;2183;2182;17.44;127189.92;38071.52;38054.08;
;ACC10;VALE3;1;7959;2201;2200;14.98;119225.82;32970.98;32956.00;
;ACC07;WEGE3;2;9975;6450;6449;19.84;197904.00;127968.00;127948.16;
;ACC07;ITUB4;1;3276;822;821;11.11;36396.36;9132.42;9121.31;
;ACC05;BBAS3;1;4937;2440;2439;13.50;66649.50;32940.00;32926.50;
;ACC09;ABEV3;1;3520;3137;3136;16.84;59276.80;52827.08;52810.24;
;ACC04;B3SA3;1;8887;6435;6434;12.04;106999.48;77477.40;77465.36;
;ACC07;ABEV3;1;1557;654;653;17.13;26671.41;11203.02;11185.89;
;ACC07;BBAS3;2;4507;2101;2100;10.13;45655.91;21283.13;21273.00;
;ACC06;BBAS3;1;4692;2004;2003;17.28;81077.76;34629.12;34611.84;
;ACC02;ABEV3;1;4151;493;492;16.22;67329.22;7996.46;7980.24;
;ACC01;ITUB4;1;4506;4088;4087;13.73;61867.38;56128.24;56114.51;
;ACC04;PETR4;2;8526;2110;2109;16.72;142554.72;35279.20;35262.48;
;ACC03;WEGE3;1;8399;1553;1552;13.41;112630.59;20825.73;20812.32;
;ACC04;MGLU3;1;8475;1565;1564;18.87;159923.25;29531.55;29512.68;
;ACC09;BBDC4;1;6608;1692;1691;15.22;100573.76;25752.24;25737.02;
;ACC10;VALE3;1;9863;476;475;12.45;122794.35;5926.20;5913.75;
;ACC05;B3SA3;2;3845;1229;1228;19.92;76592.40;24481.68;24461.76;
;ACC09;MGLU3;2;8910;1564;1563;12.42;110662.20;19424.88;19412.46;
;ACC07;BBDC4;1;8362;776;775;16.85;140899.70;13075.60;13058.75;
;ACC09;PETR4;2;2258;1129;1128;17.59;39718.22;19859.11;19841.52;
;ACC04;BBDC4;2;4898;4122;4121;18.86;92376.28;77740.92;77722.06;
;ACC09;BBDC4;1;3598;3518;3517;12.61;45370.78;44361.98;44349.37;
;ACC02;VALE3;2;3358;1230;1229;18.81;63163.98;23136.30;23117.49;
;ACC04;VALE3;2;3972;539;538;13.14;52192.08;7082.46;7069.32;
;ACC02;MGLU3;2;8650;2533;2532;14.03;121359.50;35537.99;35523.96;
;ACC01;ABEV3;2;2670;2347;2346;16.67;44508.90;39124.49;39107.82;
;ACC03;BBAS3;1;6135;5932;5931;17.21;105583.35;102089.72;102072.51;
;ACC01;ABEV3;1;8279;1247;1246;13.79;114167.41;17196.13;17182.34;
;ACC01;ITUB4;2;2976;2321;2320;14.90;44342.40;34582.90;34568.00;
;ACC02;LREN3;1;5489;4276;4275;17.31;95014.59;74017.56;74000.25;
;ACC02;MGLU3;2;3832;811;810;17.26;66140.32;13997.86;13980.60;
;ACC09;MGLU3;2;6920;5957;5956;19.17;132656.40;114195.69;114176.52;
;ACC10;BBDC4;1;8274;4188;4187;15.16;125433.84;63490.08;63474.92;
;ACC07;MGLU3;2;9292;2614;2613;17.47;162331.24;45666.58;45649.11;
;ACC01;B3SA3;1;2647;2040;2039;13.36;35363.92;27254.40;27241.04;
;ACC04;B3SA3;1;8674;1294;1293;18.48;160295.52;23913.12;23894.64;
;ACC05;ITUB4;2;6454;6055;6054;17.98;116042.92;108868.90;108850.92;
;ACC08;WEGE3;1;2261;119;118;10.15;22949.15;1207.85;1197.70;
;ACC10;B3SA3;2;4084;2537;2536;10.08;41166.72;25572.96;25562.88;
;ACC08;WEGE3;2;9131;4365;4364;16.56;151209.36;72284.40;72267.84;
;ACC08;WEGE3;1;3847;2210;2209;17.38;66860.86;38409.80;38392.42;
;ACC03;BBAS3;2;3563;1408;1407;17.72;63136.36;24949.76;24932.04;
;ACC01;BBAS3;2;3497;1384;1383;10.65;37243.05;14739.60;14728.95;
;ACC10;ABEV3;1;7937;5510;5509;13.47;106911.39;74219.70;74206.23;
;ACC06;ABEV3;2;4966;2411;2410;14.41;71560.06;34742.51;34728.10;
;ACC04;ITUB4;1;4398;2124;2123;13.95;61352.10;29629.80;29615.85;
;ACC07;BBDC4;1;4696;1894;1893;13.64;64053.44;25834.16;25820.52;
;ACC06;ITUB4;1;4405;1582;1581;13.44;59203.20;21262.08;21248.64;
;ACC01;BBAS3;1;4185;1695;1694;15.27;63904.95;25882.65;25867.38;
;ACC03;PETR4;1;6824;1792;1791;16.61;113346.64;29765.12;29748.51;
;ACC02;B3SA3;1;1819;18;17;12.99;23628.81;233.82;220.83;
;ACC06;VALE3;2;1403;1193;1192;12.23;17158.69;14590.39;14578.16;
;ACC05;BBAS3;2;5706;825;824;16.63;94890.78;13719.75;13703.12;
;ACC09;ABEV3;2;2662;826;825;11.49;30586.38;9490.74;9479.25;
;ACC10;ABEV3;1;2111;1955;1954;19.50;41164.50;38122.50;38103.00;
;ACC02;B3SA3;1;5830;4696;4695;11.08;64596.40;52031.68;52020.60;
;ACC08;ITUB4;2;7622;3504;3503;10.14;77287.08;35530.56;35520.42;
;ACC06;MGLU3;1;1749;279;278;13.15;22999.35;3668.85;3655.70;
;ACC07;MGLU3;1;7289;4908;4907;16.90;123184.10;82945.20;82928.30;
;ACC02;WEGE3;1;5940;2773;2772;17.25;102465.00;47834.25;47817.00;
;ACC08;VALE3;2;9041;2950;2949;16.45;148724.45;48527.50;48511.05;
;ACC02;BBAS3;2;7415;498;497;11.50;85272.50;5727.00;5715.50;
;ACC02;VALE3;2;9227;5797;5796;10.09;93100.43;58491.73;58481.64;
;ACC04;WEGE3;2;6255;2877;2876;12.90;80689.50;37113.30;37100.40;
;ACC10;B3SA3;1;9560;2515;2514;13.73;131258.80;34530.95;34517.22;
;ACC08;WEGE3;2;6425;4922;4921;19.20;123360.00;94502.40;94483.20;
;ACC01;VALE3;2;4738;400;399;10.35;49038.30;4140.00;4129.65;
;ACC09;ABEV3;2;5213;134;133;17.21;89715.73;2306.14;2288.93;
;ACC04;WEGE3;1;9029;7204;7203;15.92;143741.68;114687.68;114671.76;
;ACC06;LREN3;1;2486;1192;1191;14.83;36867.38;17677.36;17662.53;
;ACC06;WEGE3;2;7722;3778;3777;12.65;97683.30;47791.70;47779.05;
;ACC05;BBDC4;2;2344;2098;2097;16.90;39613.60;35456.20;35439.30;
;ACC10;B3SA3;1;5500;254;253;15.39;84645.00;3909.06;3893.67;
;ACC04;VALE3;1;5444;3430;3429;16.94;92221.36;58104.20;58087.26;
;ACC02;PETR4;2;4183;1995;1994;10.08;42164.64;20109.60;20099.52;
;ACC10;MGLU3;1;2717;1515;1514;10.04;27278.68;15210.60;15200.56;
;ACC01;VALE3;2;7227;4055;4054;15.26;110284.02;61879.30;61864.04;
;ACC07;ITUB4;1;3174;268;267;13.90;44118.60;3725.20;3711.30;
;ACC07;PETR4;2;7325;4738;4737;10.26;75154.50;48611.88;48601.62;
;ACC03;B3SA3;2;2200;1335;1334;18.21;40062.00;24310.35;24292.14;
;ACC03;LREN3;2;7373;5639;5638;16.28;120032.44;91802.92;91786.64;
;ACC01;LREN3;1;1399;218;217;14.56;20369.44;3174.08;3159.52;
;ACC01;MGLU3;2;5735;5368;5367;18.90;108391.50;101455.20;101436.30;
;ACC02;MGLU3;2;6517;3567;3566;11.88;77421.96;42375.96;42364.08;
;ACC09;MGLU3;1;4542;957;956;13.25;60181.50;12680.25;12667.00;
;ACC06;ABEV3;2;2253;1466;1465;14.73;33186.69;21594.18;21579.45;
;ACC08;ITUB4;2;5835;644;643;15.39;89800.65;9911.16;9895.77;
;ACC02;B3SA3;1;6256;1854;1853;14.27;89273.12;26456.58;26442.31;
;ACC05;BBDC4;2;3481;2913;2912;16.06;55904.86;46782.78;46766.72;
;ACC01;VALE3;1;2066;670;669;14.51;29977.66;9721.70;9707.19;
;ACC03;ITUB4;2;1299;548;547;15.48;20108.52;8483.04;8467.56;
;ACC01;B3SA3;2;5765;2007;2006;18.39;106018.35;36908.73;36890.34;
;ACC05;VALE3;1;3916;1818;1817;10.24;40099.84;18616.32;18606.08;
;ACC10;B3SA3;1;4668;2411;2410;11.41;53261.88;27509.51;27498.10;
;ACC05;WEGE3;2;2861;230;229;16.00;45776.00;3680.00;3664.00;
;ACC05;MGLU3;2;4312;54;53;12.46;53727.52;672.84;660.38;
;ACC05;ITUB4;2;9241;2062;2061;12.11;111908.51;24970.82;24958.71;
;ACC03;BBDC4;1;3077;2350;2349;14.30;44001.10;33605.00;33590.70;
;ACC04;WEGE3;2;3547;3118;3117;16.70;59234.90;52070.60;52053.90;
;ACC10;MGLU3;2;4133;2961;2960;18.65;77080.45;55222.65;55204.00;
;ACC05;MGLU3;2;5885;4096;4095;13.52;79565.20;55377.92;55364.40;
;ACC08;ITUB4;1;6370;4124;4123;13.16;83829.20;54271.84;54258.68;
;ACC05;VALE3;2;9074;2656;2655;14.08;127761.92;37396.48;37382.40;
;ACC04;B3SA3;1;5135;1130;1129;10.17;52222.95;11492.10;11481.93;
;ACC10;LREN3;1;5420;2640;2639;11.15;60433.00;29436.00;29424.85;
;ACC02;BBAS3;2;6335;3601;3600;19.71;124862.85;70975.71;70956.00;
;ACC09;LREN3;1;8438;4948;4947;12.42;104799.96;61454.16;61441.74;
;ACC06;ABEV3;2;2692;1773;1772;11.57;31146.44;20513.61;20502.04;
;ACC09;BBDC4;1;3858;1687;1686;15.33;59143.14;25861.71;25846.38;
;ACC08;MGLU3;2;8368;5394;5393;13.78;115311.04;74329.32;74315.54;
;ACC07;WEGE3;2;7011;6053;6052;16.73;117294.03;101266.69;101249.96;
;ACC08;VALE3;1;4902;2235;2234;17.50;85785.00;39112.50;39095.00;
;ACC08;ITUB4;2;1587;171;170;13.51;21440.37;2310.21;2296.70;
;ACC05;BBAS3;1;2161;1003;1002;10.57;22841.77;10601.71;10591.14;
;ACC02;WEGE3;1;7781;5573;5572;12.86;100063.66;71668.78;71655.92;
;ACC05;MGLU3;2;8466;5582;5581;14.70;124450.20;82055.40;82040.70;
;ACC05;MGLU3;2;4547;4278;4277;13.24;60202.28;56640.72;56627.48;
;ACC07;BBDC4;2;6149;2265;2264;13.67;84056.83;30962.55;30948.88;
;ACC03;WEGE3;1;6912;3803;3802;19.70;136166.40;74919.10;74899.40;
;ACC09;VALE3;2;2508;816;815;12.34;30948.72;10069.44;10057.10;
;ACC02;LREN3;2;5582;4689;4688;19.75;110244.50;92607.75;92588.00;
;ACC09;WEGE3;1;2530;1730;1729;18.97;47994.10;32818.10;32799.13;
;ACC09;VALE3;2;1520;27;26;18.35;27892.00;495.45;477.10;
;ACC10;LREN3;2;8305;7019;7018;15.67;130139.35;109987.73;109972.06;
;ACC07;BBDC4;2;8960;5414;5413;13.10;117376.00;70923.40;70910.30;
;ACC02;BBDC4;2;6907;6395;6394;14.33;98977.31;91640.35;91626.02;
;ACC08;PETR4;1;9640;8760;8759;13.47;129850.80;117997.20;117983.73;
;ACC07;ABEV3;2;8779;1413;1412;18.01;158109.79;25448.13;25430.12;
;ACC03;ABEV3;1;2788;1710;1709;19.90;55481.20;34029.00;34009.10;
;ACC04;PETR4;2;4691;3148;3147;10.08;47285.28;31731.84;31721.76;
;ACC10;ITUB4;2;4470;1446;1445;11.66;52120.20;16860.36;16848.70;
;ACC10;BBAS3;1;5494;1317;1316;16.03;88068.82;21111.51;21095.48;
;ACC08;MGLU3;1;7416;508;507;14.53;107754.48;7381.24;7366.71;
;ACC09;ITUB4;2;4135;2695;2694;15.37;63554.95;41422.15;41406.78;
;ACC09;ITUB4;1;7460;6892;6891;11.85;88401.00;81670.20;81658.35;
;ACC01;ITUB4;1;1416;32;31;13.39;18960.24;428.48;415.09;
;ACC05;BBAS3;1;7086;4129;4128;14.08;99770.88;58136.32;58122.24;
;ACC02;ABEV3;1;9948;3882;3881;19.40;192991.20;75310.80;75291.40;
;ACC08;BBAS3;2;7826;3461;3460;18.70;146346.20;64720.70;64702.00;
;ACC10;B3SA3;2;4217;3290;3289;11.03;46513.51;36288.70;36277.67;
;ACC03;LREN3;1;4118;644;643;19.97;82236.46;12860.68;12840.71;
;ACC09;MGLU3;1;7669;6174;6173;17.01;130449.69;105019.74;105002.73;
;ACC02;PETR4;1;8709;7052;7051;18.18;158329.62;128205.36;128187.18;
;ACC06;MGLU3;1;2952;484;483;16.24;47940.48;7860.16;7843.92;
;ACC08;BBAS3;1;5353;1525;1524;14.64;78367.92;22326.00;22311.36;
;ACC06;ITUB4;1;7597;4135;4134;13.37;101571.89;55284.95;55271.58;
;ACC07;WEGE3;2;8453;5784;5783;19.23;162551.19;111226.32;111207.09;
;ACC06;ITUB4;1;5768;1645;1644;14.45;83347.60;23770.25;23755.80;
;ACC03;BBAS3;2;6251;4891;4890;18.64;116518.64;91168.24;91149.60;
;ACC08;PETR4;2;3290;2847;2846;18.53;60963.70;52754.91;52736.38;
;ACC07;WEGE3;2;9677;6217;6216;18.72;181153.44;116382.24;116363.52;
;ACC02;WEGE3;1;2278;1844;1843;14.90;33942.20;27475.60;27460.70;
;ACC01;MGLU3;1;3543;498;497;17.23;61045.89;8580.54;8563.31;
;ACC09;BBAS3;2;5335;123;122;18.47;98537.45;2271.81;2253.34;
;ACC10;ITUB4;2;2579;2508;2507;15.55;40103.45;38999.40;38983.85;
;ACC10;PETR4;2;3910;1690;1689;18.14;70927.40;30656.60;30638.46;
;ACC09;ITUB4;2;3723;1515;1514;10.51;39128.73;15922.65;15912.14;
;ACC07;ABEV3;2;7351;3347;3346;15.44;113499.44;51677.68;51662.24;
;ACC10;VALE3;2;6986;5422;5421;19.97;139510.42;108277.34;108257.37;
;ACC06;WEGE3;2;2636;1755;1754;13.57;35770.52;23815.35;23801.78;
;ACC08;ABEV3;2;3761;2162;2161;18.23;68563.03;39413.26;39395.03;
;ACC03;LREN3;1;7727;7213;7212;18.93;146272.11;136542.09;136523.16;
;ACC08;PETR4;1;3261;1180;1179;10.03;32707.83;11835.40;11825.37;
;ACC10;B3SA3;2;6364;1494;1493;10.26;65294.64;15328.44;15318.18;
;ACC05;WEGE3;2;5479;2425;2424;14.10;77253.90;34192.50;34178.40;
;ACC09;ABEV3;1;9820;2364;2363;12.60;123732.00;29786.40;29773.80;
;ACC06;LREN3;2;7769;1585;1584;10.05;78078.45;15929.25;15919.20;
;ACC03;VALE3;2;2746;1658;1657;16.11;44238.06;26710.38;26694.27;
;ACC05;LREN3;2;2679;1309;1308;14.67;39300.93;19203.03;19188.36;
;ACC03;WEGE3;2;5368;162;161;11.96;64201.28;1937.52;1925.56;
;ACC06;ITUB4;1;6483;6253;6252;16.20;105024.60;101298.60;101282.40;
;ACC08;MGLU3;1;2833;1041;1040;10.36;29349.88;10784.76;10774.40;
;ACC04;BBAS3;2;8807;207;206;17.85;157204.95;3694.95;3677.10;
;ACC04;ABEV3;1;2544;1679;1678;17.91;45563.04;30070.89;30052.98;
;ACC07;LREN3;2;1389;523;522;14.10;19584.90;7374.30;7360.20;
;ACC03;BBAS3;1;7335;5111;5110;14.37;105403.95;73445.07;73430.70;
;ACC06;B3SA3;1;4961;3211;3210;15.91;78929.51;51087.01;51071.10;
;ACC10;BBAS3;1;4400;3910;3909;11.05;48620.00;43205.50;43194.45;
;ACC01;ABEV3;2;8212;7376;7375;13.55;111272.60;99944.80;99931.25;
;ACC08;MGLU3;1;5054;561;560;15.77;79701.58;8846.97;8831.20;
;ACC01;B3SA3;2;9970;748;747;18.11;180556.70;13546.28;13528.17;
;ACC01;MGLU3;2;4412;2144;2143;11.86;52326.32;25427.84;25415.98;
;ACC09;VALE3;2;1764;1226;1225;15.31;27006.84;18770.06;18754.75;
;ACC01;B3SA3;1;3004;1480;1479;10.88;32683.52;16102.40;16091.52;
;ACC03;VALE3;1;7286;772;771;17.87;130200.82;13795.64;13777.77;
;ACC05;ITUB4;2;8664;7934;7933;11.67;101108.88;92589.78;92578.11;
;ACC09;B3SA3;1;3721;872;871;14.89;55405.69;12984.08;12969.19;
;ACC04;ITUB4;2;5051;1035;1034;10.47;52883.97;10836.45;10825.98;
;ACC09;BBAS3;2;9289;6132;6131;19.54;181507.06;119819.28;119799.74;
;ACC08;PETR4;2;2072;1001;1000;19.48;40362.56;19499.48;19480.00;
;ACC03;VALE3;1;6327;25;24;18.53;117239.31;463.25;444.72;
;ACC06;ABEV3;1;7408;6171;6170;13.89;102897.12;85715.19;85701.30;
;ACC02;ITUB4;1;5950;3359;3358;19.70;117215.00;66172.30;66152.60;
;ACC01;MGLU3;1;3175;2546;2545;19.56;62103.00;49799.76;49780.20;
;ACC10;ABEV3;2;1466;110;109;16.12;23631.92;1773.20;1757.08;
;ACC02;LREN3;1;5135;57;56;16.44;84419.40;937.08;920.64;
;ACC07;VALE3;1;3779;170;169;18.06;68248.74;3070.20;3052.14;
;ACC05;WEGE3;2;7395;6689;6688;14.90;110185.50;99666.10;99651.20;
;ACC03;BBAS3;1;8181;6805;6804;16.29;133268.49;110853.45;110837.16;
;ACC07;VALE3;2;9652;3359;3358;15.09;145648.68;50687.31;50672.22;
;ACC08;BBDC4;2;5251;2910;2909;12.94;67947.94;37655.40;37642.46;
;ACC02;WEGE3;1;7206;5946;5945;11.47;82652.82;68200.62;68189.15;
;ACC03;MGLU3;1;2286;1092;1091;18.54;42382.44;20245.68;20227.14;
;ACC01;BBDC4;2;4747;4014;4013;17.57;83404.79;70525.98;70508.41;
;ACC01;PETR4;2;1225;387;386;16.29;19955.25;6304.23;6287.94;
;ACC02;WEGE3;1;9837;6988;6987;18.31;180115.47;127950.28;127931.97;
;ACC09;LREN3;2;6935;4296;4295;17.39;120599.65;74707.44;74690.05;
;ACC02;BBAS3;2;3056;1294;1293;19.69;60172.64;25478.86;25459.17;
;ACC08;BBAS3;2;6019;173;172;13.29;79992.51;2299.17;2285.88;
;ACC07;VALE3;1;1645;494;493;18.41;30284.45;9094.54;9076.13;
;ACC02;BBAS3;2;1646;788;787;13.71;22566.66;10803.48;10789.77;
;ACC06;MGLU3;1;7687;6954;6953;16.05;123376.35;111611.70;111595.65;
;ACC06;VALE3;2;5939;3547;3546;11.51;68357.89;40825.97;40814.46;
;ACC03;ABEV3;2;2136;1170;1169;15.46;33022.56;18088.20;18072.74;
;ACC01;PETR4;1;6573;4846;4845;17.97;118116.81;87082.62;87064.65;
;ACC06;PETR4;2;4963;3516;3515;19.03;94445.89;66909.48;66890.45;
;ACC10;ITUB4;1;2886;1178;1177;14.69;42395.34;17304.82;17290.13;
;ACC07;ABEV3;2;1139;812;811;11.38;12961.82;9240.56;9229.18;
;ACC10;WEGE3;1;1121;419;418;10.72;12017.12;4491.68;4480.96;
;ACC05;VALE3;2;3666;2467;2466;11.18;40985.88;27581.06;27569.88;
;ACC05;LREN3;2;2656;1111;1110;16.04;42602.24;17820.44;17804.40;
;ACC02;BBDC4;2;9970;4883;4882;19.69;196309.30;96146.27;96126.58;
;ACC01;ITUB4;1;1926;903;902;15.04;28967.04;13581.12;13566.08;
;ACC02;WEGE3;1;7982;911;910;15.76;125796.32;14357.36;14341.60;
;ACC03;MGLU3;2;9885;4737;4736;16.11;159247.35;76313.07;76296.96;
;ACC08;WEGE3;2;3689;3510;3509;19.68;72599.52;69076.80;69057.12;
;ACC09;ITUB4;2;2168;1729;1728;16.05;34796.40;27750.45;27734.40;
;ACC03;ITUB4;2;4125;3288;3287;10.82;44632.50;35576.16;35565.34;
;ACC06;VALE3;1;2121;1717;1716;10.26;21761.46;17616.42;17606.16;
;ACC02;B3SA3;2;9652;8532;8531;16.42;158485.84;140095.44;140079.02;
;ACC05;BBDC4;1;1963;1659;1658;12.57;24674.91;20853.63;20841.06;
;ACC04;PETR4;2;7729;3068;3067;11.41;88187.89;35005.88;34994.47;
;ACC08;B3SA3;2;4240;2053;2052;10.67;45240.80;21905.51;21894.84;
;ACC07;MGLU3;2;1910;426;425;11.60;22156.00;4941.60;4930.00;
;ACC01;BBDC4;1;5971;5047;5046;15.81;94401.51;79793.07;79777.26;
;ACC05;VALE3;1;7903;6087;6086;15.24;120441.72;92765.88;92750.64;
;ACC09;PETR4;2;6078;5017;5016;15.11;91838.58;75806.87;75791.76;
;ACC05;BBDC4;1;6932;516;515;15.32;106198.24;7905.12;7889.80;
;ACC07;MGLU3;1;4080;3927;3926;12.85;52428.00;50461.95;50449.10;
;ACC06;ABEV3;1;3164;1170;1169;17.64;55812.96;20638.80;20621.16;
;ACC02;ABEV3;2;6068;3366;3365;18.79;114017.72;63247.14;63228.35;
;ACC06;WEGE3;1;5980;2560;2559;13.99;83660.20;35814.40;35800.41;
;ACC05;MGLU3;1;3612;2960;2959;12.96;46811.52;38361.60;38348.64;
;ACC10;WEGE3;2;1982;543;542;15.53;30780.46;8432.79;8417.26;
;ACC03;WEGE3;2;5964;526;525;11.87;70792.68;6243.62;6231.75;
;ACC03;BBAS3;1;2372;744;743;18.18;43122.96;13525.92;13507.74;
;ACC10;LREN3;2;8453;6813;6812;16.55;139897.15;112755.15;112738.60;
;ACC03;LREN3;1;1721;741;740;11.55;19877.55;8558.55;8547.00;
;ACC03;VALE3;2;4979;3347;3346;19.27;95945.33;64496.69;64477.42;
;ACC07;BBAS3;1;4008;3198;3197;17.02;68216.16;54429.96;54412.94;
;ACC10;VALE3;2;9375;796;795;12.87;120656.25;10244.52;10231.65;
;ACC01;B3SA3;1;3315;1560;1559;14.82;49128.30;23119.20;23104.38;
;ACC05;BBDC4;1;8365;4805;4804;18.70;156425.50;89853.50;89834.80;
;ACC04;MGLU3;1;4260;2643;2642;12.44;52994.40;32878.92;32866.48;
;ACC03;BBAS3;2;1470;755;754;11.78;17316.60;8893.90;8882.12;
;ACC03;B3SA3;2;8726;5992;5991;19.35;168848.10;115945.20;115925.85;
;ACC06;WEGE3;2;1878;588;587;14.38;27005.64;8455.44;8441.06;
;ACC07;B3SA3;2;5788;1319;1318;15.38;89019.44;20286.22;20270.84;
;ACC05;ITUB4;2;6470;4759;4758;11.64;75310.80;55394.76;55383.12;
;ACC09;LREN3;2;4687;562;561;12.55;58821.85;7053.10;7040.55;
;ACC07;VALE3;1;1178;398;397;15.30;18023.40;6089.40;6074.10;
;ACC07;BBAS3;1;5883;3044;3043;12.92;76008.36;39328.48;39315.56;
;ACC08;B3SA3;1;9339;8299;8298;14.27;133267.53;118426.73;118412.46;
;ACC02;VALE3;1;1914;355;354;17.10;32729.40;6070.50;6053.40;
;ACC07;WEGE3;2;9413;9221;9220;13.06;122933.78;120426.26;120413.20;
;ACC05;LREN3;1;4727;1841;1840;11.11;52516.97;20453.51;20442.40;
;ACC07;WEGE3;2;6593;989;988;11.89;78390.77;11759.21;11747.32;
;ACC10;MGLU3;2;6459;4695;4694;11.11;71759.49;52161.45;52150.34;
;ACC03;BBAS3;2;1034;345;344;14.30;14786.20;4933.50;4919.20;
;ACC03;BBAS3;1;1634;125;124;18.74;30621.16;2342.50;2323.76;
;ACC10;BBDC4;2;5947;4108;4107;11.27;67022.69;46297.16;46285.89;
;ACC09;ABEV3;1;9486;2476;2475;11.66;110606.76;28870.16;28858.50;
;ACC02;LREN3;2;7023;4184;4183;12.66;88911.18;52969.44;52956.78;
;ACC07;WEGE3;2;5234;293;292;16.86;88245.24;4939.98;4923.12;
;ACC07;ITUB4;2;5343;3328;3327;19.82;105898.26;65960.96;65941.14;
;ACC05;BBAS3;1;1295;835;834;16.57;21458.15;13835.95;13819.38;
;ACC07;VALE3;2;5582;4874;4873;15.38;85851.16;74962.12;74946.74;
;ACC03;ITUB4;1;3561;643;642;19.10;68015.10;12281.30;12262.20;
;ACC05;B3SA3;2;8535;878;877;18.86;160970.10;16559.08;16540.22;
;ACC02;BBAS3;1;1658;55;54;19.57;32447.06;1076.35;1056.78;
;ACC10;VALE3;1;7429;1429;1428;19.39;144048.31;27708.31;27688.92;
;ACC02;PETR4;2;1028;504;503;17.89;18390.92;9016.56;8998.67;
;ACC10;LREN3;1;1529;1290;1289;18.86;28836.94;24329.40;24310.54;
;ACC07;PETR4;1;6403;3806;3805;13.79;88297.37;52484.74;52470.95;
;ACC01;LREN3;1;3718;3627;3626;12.02;44690.36;43596.54;43584.52;
;ACC06;WEGE3;2;7904;3148;3147;11.45;90500.80;36044.60;36033.15;
;ACC10;WEGE3;1;4223;250;249;11.80;49831.40;2950.00;2938.20;
;ACC10;WEGE3;2;1125;1098;1097;18.47;20778.75;20280.06;20261.59;
;ACC04;BBDC4;1;6918;402;401;11.27;77965.86;4530.54;4519.27;
;ACC05;LREN3;1;2423;689;688;16.59;40197.57;11430.51;11413.92;
;ACC06;PETR4;2;1382;852;851;15.65;21628.30;13333.80;13318.15;
;ACC08;B3SA3;1;3926;2940;2939;14.12;55435.12;41512.80;41498.68;
;ACC06;BBDC4;2;8857;2782;2781;10.66;94415.62;29656.12;29645.46;
;ACC04;LREN3;1;3710;2499;2498;12.35;45818.50;30862.65;30850.30;
;ACC08;LREN3;2;9154;3386;3385;15.79;144541.66;53464.94;53449.15;
;ACC03;ITUB4;1;7440;4941;4940;10.92;81244.80;53955.72;53944.80;
;ACC04;VALE3;2;8419;5676;5675;13.59;114414.21;77136.84;77123.25;
;ACC01;LREN3;1;7216;357;356;19.47;140495.52;6950.79;6931.32;
;ACC04;BBDC4;2;2927;106;105;18.65;54588.55;1976.90;1958.25;
;ACC03;ITUB4;1;3897;3566;3565;15.46;60247.62;55130.36;55114.90;
;ACC09;LREN3;2;6176;5130;5129;12.39;76520.64;63560.70;63548.31;
;ACC10;ABEV3;2;9251;100;99;10.64;98430.64;1064.00;1053.36;
;ACC03;B3SA3;2;4553;3459;3458;12.31;56047.43;42580.29;42567.98;
;ACC03;B3SA3;1;9003;3085;3084;10.82;97412.46;33379.70;33368.88;
;ACC01;MGLU3;1;7260;746;745;16.80;121968.00;12532.80;12516.00;
;ACC08;BBDC4;2;3098;1661;1660;16.63;51519.74;27622.43;27605.80;
;ACC01;VALE3;1;8668;4272;4271;19.21;166512.28;82065.12;82045.91;
;ACC01;LREN3;1;5267;1565;1564;14.91;78530.97;23334.15;23319.24;
;ACC02;PETR4;1;8115;4462;4461;17.15;139172.25;76523.30;76506.15;
;ACC07;B3SA3;1;7576;1777;1776;13.20;100003.20;23456.40;23443.20;
;ACC04;ITUB4;2;9099;2100;2099;15.94;145038.06;33474.00;33458.06;
;ACC07;PETR4;2;8557;4084;4083;12.25;104823.25;50029.00;50016.75;
;ACC04;ITUB4;1;3656;1580;1579;17.00;62152.00;26860.00;26843.00;
;ACC03;VALE3;1;7363;2336;2335;13.83;101830.29;32306.88;32293.05;
;ACC05;ITUB4;1;3596;2902;2901;15.09;54263.64;43791.18;43776.09;
;ACC03;BBDC4;1;6981;4786;4785;13.90;97035.90;66525.40;66511.50;
;ACC06;VALE3;1;2145;2144;2143;10.42;22350.90;22340.48;22330.06;
;ACC01;B3SA3;2;4637;1704;1703;13.27;61532.99;22612.08;22598.81;
;ACC08;WEGE3;1;5993;924;923;14.18;84980.74;13102.32;13088.14;
;ACC01;B3SA3;2;2359;1133;1132;10.88;25665.92;12327.04;12316.16;
;ACC04;BBAS3;1;3816;1158;1157;18.83;71855.28;21805.14;21786.31;
;ACC09;VALE3;2;6844;2466;2465;16.94;115937.36;41774.04;41757.10;
;ACC03;PETR4;2;7592;7352;7351;16.60;126027.20;122043.20;122026.60;
;ACC10;WEGE3;1;9774;3060;3059;15.80;154429.20;48348.00;48332.20;
;ACC04;VALE3;2;4691;2631;2630;12.38;58074.58;32571.78;32559.40;
;ACC03;ABEV3;2;4018;3552;3551;11.11;44639.98;39462.72;39451.61;
;ACC09;VALE3;2;2619;1774;1773;19.73;51672.87;35001.02;34981.29;
;ACC01;ABEV3;2;3552;2439;2438;17.85;63403.20;43536.15;43518.30;
;ACC01;B3SA3;2;8084;1464;1463;10.95;88519.80;16030.80;16019.85;
;ACC07;VALE3;1;8748;2361;2360;18.94;165687.12;44717.34;44698.40;
;ACC08;ITUB4;2;6311;4211;4210;15.06;95043.66;63417.66;63402.60;
;ACC04;VALE3;2;4480;1858;1857;16.09;72083.20;29895.22;29879.13;
;ACC05;B3SA3;1;1480;1016;1015;19.65;29082.00;19964.40;19944.75;
;ACC04;PETR4;2;6294;4410;4409;17.32;109012.08;76381.20;76363.88;
;ACC06;VALE3;2;5784;3482;3481;15.35;88784.40;53448.70;53433.35;
;ACC05;MGLU3;2;1753;589;588;16.11;28240.83;9488.79;9472.68;
;ACC09;LREN3;2;3008;1352;1351;18.36;55226.88;24822.72;24804.36;
;ACC09;MGLU3;2;4841;3797;3796;15.19;73534.79;57676.43;57661.24;
;ACC10;BBDC4;1;1672;1320;1319;17.87;29878.64;23588.40;23570.53;
;ACC03;ITUB4;1;3804;953;952;18.95;72085.80;18059.35;18040.40;
;ACC04;B3SA3;1;7499;1830;1829;18.14;136031.86;33196.20;33178.06;
;ACC06;WEGE3;2;5169;1671;1670;13.93;72004.17;23277.03;23263.10;
;ACC01;BBAS3;2;5341;4182;4181;13.16;70287.56;55035.12;55021.96;
;ACC04;MGLU3;2;7513;4103;4102;17.56;131928.28;72048.68;72031.12;
;ACC05;MGLU3;1;7432;3254;3253;15.58;115790.56;50697.32;50681.74;
;ACC01;MGLU3;2;7384;1295;1294;16.77;123829.68;21717.15;21700.38;
;ACC09;BBDC4;2;6192;2625;2624;13.09;81053.28;34361.25;34348.16;
;ACC10;ABEV3;2;8832;7122;7121;18.24;161095.68;129905.28;129887.04;
;ACC10;VALE3;2;6701;5822;5821;12.03;80613.03;70038.66;70026.63;
;ACC08;VALE3;2;5043;3045;3044;11.13;56128.59;33890.85;33879.72;
;ACC01;WEGE3;1;2531;2395;2394;11.69;29587.39;27997.55;27985.86;
;ACC10;ITUB4;1;3157;2994;2993;12.05;38041.85;36077.70;36065.65;
;ACC01;VALE3;1;7148;41;40;15.55;111151.40;637.55;622.00;
;ACC01;MGLU3;2;7399;5804;5803;14.74;109061.26;85550.96;85536.22;
;ACC06;VALE3;1;5635;4690;4689;18.05;101711.75;84654.50;84636.45;
;ACC09;PETR4;2;5691;1113;1112;19.24;109494.84;21414.12;21394.88;
;ACC03;B3SA3;1;4067;130;129;18.07;73490.69;2349.10;2331.03;
;ACC06;LREN3;1;9342;3452;3451;17.99;168062.58;62101.48;62083.49;
;ACC10;BBDC4;1;2108;1795;1794;12.66;26687.28;22724.70;22712.04;
;ACC07;ITUB4;2;3008;1334;1333;18.82;56610.56;25105.88;25087.06;
;ACC04;BBDC4;2;1052;720;719;17.24;18136.48;12412.80;12395.56;
;ACC10;PETR4;1;1749;208;207;16.99;29715.51;3533.92;3516.93;
;ACC01;BBDC4;2;7331;7238;7237;10.88;79761.28;78749.44;78738.56;
;ACC03;ABEV3;2;9862;8991;8990;11.45;112919.90;102946.95;102935.50;
;ACC08;VALE3;1;2380;1084;1083;17.74;42221.20;19230.16;19212.42;
;ACC08;WEGE3;1;5808;4605;4604;12.47;72425.76;57424.35;57411.88;
;ACC07;WEGE3;2;3522;502;501;18.44;64945.68;9256.88;9238.44;
;ACC07;BBAS3;1;7315;4643;4642;10.62;77685.30;49308.66;49298.04;
;ACC01;ITUB4;1;5687;3878;3877;17.26;98157.62;66934.28;66917.02;
;ACC03;MGLU3;1;8507;3162;3161;19.52;166056.64;61722.24;61702.72;
;ACC09;LREN3;1;2246;2233;2232;14.07;31601.22;31418.31;31404.24;
;ACC04;ITUB4;1;9921;3676;3675;17.16;170244.36;63080.16;63063.00;
;ACC02;ABEV3;2;2873;2647;2646;11.95;34332.35;31631.65;31619.70;
;ACC01;PETR4;1;8401;5522;5521;13.17;110641.17;72724.74;72711.57;
;ACC07;BBDC4;2;2122;1683;1682;14.13;29983.86;23780.79;23766.66;
;ACC08;LREN3;2;3653;2706;2705;12.07;44091.71;32661.42;32649.35;
;ACC08;B3SA3;2;3013;1931;1930;16.54;49835.02;31938.74;31922.20;
;ACC03;PETR4;1;7544;2496;2495;14.69;110821.36;36666.24;36651.55;
;ACC03;LREN3;1;7980;5746;5745;14.35;114513.00;82455.10;82440.75;
;ACC01;BBAS3;2;4411;1682;1681;12.72;56107.92;21395.04;21382.32;
;ACC09;VALE3;2;8977;8463;8462;13.94;125139.38;117974.22;117960.28;
;ACC06;ITUB4;1;1986;161;160;13.86;27525.96;2231.46;2217.60;
;ACC02;LREN3;1;1327;672;671;13.63;18087.01;9159.36;9145.73;
;ACC08;WEGE3;2;2615;753;752;17.27;45161.05;13004.31;12987.04;
;ACC05;BBAS3;1;7032;5684;5683;19.51;137194.32;110894.84;110875.33;
;ACC02;VALE3;1;9501;984;983;11.93;113346.93;11739.12;11727.19;
;ACC04;LREN3;1;9854;3185;3184;14.93;147120.22;47552.05;47537.12;
;ACC01;VALE3;1;3517;78;77;12.52;44032.84;976.56;964.04;
;ACC08;BBDC4;2;6525;3806;3805;14.78;96439.50;56252.68;56237.90;
;ACC01;WEGE3;1;8523;2246;2245;10.48;89321.04;23538.08;23527.60;
;ACC06;VALE3;1;2799;500;499;18.19;50913.81;9095.00;9076.81;
;ACC10;ITUB4;1;9169;5356;5355;19.96;183013.24;106905.76;106885.80;
;ACC10;ITUB4;2;5726;3462;3461;15.83;90642.58;54803.46;54787.63;
;ACC03;ABEV3;2;9609;7503;7502;11.06;106275.54;82983.18;82972.12;
;ACC08;PETR4;1;4964;4400;4399;10.36;51427.04;45584.00;45573.64;
;ACC07;B3SA3;2;3999;2251;2250;15.29;61144.71;34417.79;34402.50;
;ACC04;ABEV3;1;6677;1228;1227;11.24;75049.48;13802.72;13791.48;
;ACC08;VALE3;1;3172;605;604;10.64;33750.08;6437.20;6426.56;
;ACC05;ABEV3;1;1674;815;814;17.48;29261.52;14246.20;14228.72;
;ACC01;BBDC4;1;9634;5001;5000;16.10;155107.40;80516.10;80500.00;
;ACC08;B3SA3;2;3863;3738;3737;14.53;56129.39;54313.14;54298.61;
;ACC09;MGLU3;1;6374;56;55;17.98;114604.52;1006.88;988.90;
;ACC06;ABEV3;2;7854;4089;4088;13.83;108620.82;56550.87;56537.04;
;ACC10;BBAS3;2;5152;348;347;13.02;67079.04;4530.96;4517.94;
;ACC08;B3SA3;2;8648;5438;5437;16.27;140702.96;88476.26;88459.99;
;ACC05;MGLU3;2;9604;1316;1315;15.63;150110.52;20569.08;20553.45;
;ACC08;ABEV3;1;4274;2280;2279;13.15;56203.10;29982.00;29968.85;
;ACC08;B3SA3;1;4459;2230;2229;19.05;84943.95;42481.50;42462.45;
;ACC03;VALE3;1;6764;3842;3841;10.71;72442.44;41147.82;41137.11;
;ACC04;LREN3;2;8866;2731;2730;12.96;114903.36;35393.76;35380.80;
;ACC03;BBAS3;1;4043;1935;1934;16.98;68650.14;32856.30;32839.32;
;ACC06;ITUB4;2;9161;2286;2285;12.33;112955.13;28186.38;28174.05;
;ACC07;VALE3;1;1871;688;687;11.96;22377.16;8228.48;8216.52;
;ACC09;BBDC4;1;2339;44;43;14.88;34804.32;654.72;639.84;
;ACC01;BBAS3;1;3205;526;525;14.93;47850.65;7853.18;7838.25;
;ACC08;WEGE3;1;8964;7514;7513;17.15;153732.60;128865.10;128847.95;
;ACC10;VALE3;1;3277;417;416;14.78;48434.06;6163.26;6148.48;
;ACC09;ABEV3;1;5101;3051;3050;11.39;58100.39;34750.89;34739.50;
;ACC03;ABEV3;1;6523;4691;4690;12.22;79711.06;57324.02;57311.80;
;ACC04;LREN3;1;5289;4509;4508;18.32;96894.48;82604.88;82586.56;
;ACC01;LREN3;1;4434;1409;1408;14.92;66155.28;21022.28;21007.36;
;ACC01;ABEV3;1;5235;3520;3519;13.01;68107.35;45795.20;45782.19;
;ACC03;B3SA3;1;2491;783;782;19.13;47652.83;14978.79;14959.66;
;ACC03;MGLU3;2;4052;1938;1937;13.87;56201.24;26880.06;26866.19;
;ACC04;LREN3;1;6722;5228;5227;14.06;94511.32;73505.68;73491.62;
;ACC03;VALE3;2;5344;2344;2343;17.00;90848.00;39848.00;39831.00;
;ACC03;WEGE3;1;6112;4922;4921;17.57;107387.84;86479.54;86461.97;
;ACC01;B3SA3;2;2001;428;427;10.99;21990.99;4703.72;4692.73;
;ACC09;BBDC4;1;9120;7182;7181;14.27;130142.40;102487.14;102472.87;
;ACC09;B3SA3;2;2290;601;600;19.34;44288.60;11623.34;11604.00;
;ACC06;WEGE3;2;3261;2480;2479;19.76;64437.36;49004.80;48985.04;
;ACC04;VALE3;2;6836;4784;4783;10.44;71367.84;49944.96;49934.52;
;ACC03;WEGE3;2;3986;2211;2210;17.06;68001.16;37719.66;37702.60;
;ACC05;BBAS3;1;9955;3006;3005;17.65;175705.75;53055.90;53038.25;
;ACC01;MGLU3;2;1472;682;681;13.92;20490.24;9493.44;9479.52;
;ACC09;LREN3;1;5329;2754;2753;14.10;75138.90;38831.40;38817.30;
;ACC06;VALE3;2;9868;6650;6649;13.69;135092.92;91038.50;91024.81;
;ACC10;BBDC4;1;7909;3584;3583;18.85;149084.65;67558.40;67539.55;
;ACC04;VALE3;2;7777;2841;2840;15.38;119610.26;43694.58;43679.20;
;ACC01;ABEV3;1;3898;708;707;12.78;49816.44;9048.24;9035.46;
;ACC03;BBDC4;1;9380;8611;8610;14.75;138355.00;127012.25;126997.50;
;ACC02;PETR4;1;8731;7969;7968;14.32;125027.92;114116.08;114101.76;
;ACC05;ABEV3;2;1040;63;62;13.87;14424.80;873.81;859.94;
;ACC06;PETR4;2;4450;4393;4392;17.39;77385.50;76394.27;76376.88;
;ACC05;B3SA3;1;5503;2013;2012;14.73;81059.19;29651.49;29636.76;
;ACC03;ITUB4;1;8290;5575;5574;18.23;151126.70;101632.25;101614.02;
;ACC06;LREN3;2;1036;605;604;12.23;12670.28;7399.15;7386.92;
;ACC09;VALE3;1;7437;2006;2005;15.25;113414.25;30591.50;30576.25;
;ACC10;VALE3;1;7705;1672;1671;12.59;97005.95;21050.48;21037.89;
;ACC10;WEGE3;1;9485;4525;4524;14.43;136868.55;65295.75;65281.32;
;ACC07;BBDC4;1;8072;2886;2885;10.85;87581.20;31313.10;31302.25;
;ACC04;VALE3;2;2773;1170;1169;10.42;28894.66;12191.40;12180.98;
;ACC09;ABEV3;1;9869;5422;5421;13.58;134021.02;73630.76;73617.18;
;ACC07;LREN3;2;6455;2517;2516;15.47;99858.85;38937.99;38922.52;
;ACC08;B3SA3;2;2106;468;467;15.33;32284.98;7174.44;7159.11;
;ACC02;MGLU3;1;1335;644;643;11.28;15058.80;7264.32;7253.04;
;ACC07;BBAS3;1;8953;5541;5540;10.09;90335.77;55908.69;55898.60;
;ACC04;ITUB4;1;2302;1507;1506;10.94;25183.88;16486.58;16475.64;
;ACC08;ITUB4;2;3956;1756;1755;11.36;44940.16;19948.16;19936.80;
;ACC10;MGLU3;2;5174;2061;2060;11.11;57483.14;22897.71;22886.60;
;ACC04;ITUB4;2;4871;666;665;16.87;82173.77;11235.42;11218.55;
;ACC09;ITUB4;2;3668;1216;1215;16.52;60595.36;20088.32;20071.80;
;ACC03;LREN3;2;1556;1101;1100;16.73;26031.88;18419.73;18403.00;
;ACC02;LREN3;1;9400;102;101;11.97;112518.00;1220.94;1208.97;
;ACC06;BBAS3;2;8093;277;276;15.97;129245.21;4423.69;4407.72;
;ACC09;VALE3;2;2254;690;689;18.94;42690.76;13068.60;13049.66;
;ACC05;BBAS3;1;5404;259;258;15.31;82735.24;3965.29;3949.98;
;ACC02;WEGE3;2;8712;6930;6929;16.92;147407.04;117255.60;117238.68;
;ACC07;PETR4;1;1997;854;853;16.12;32191.64;13766.48;13750.36;
;ACC10;MGLU3;1;3600;2849;2848;11.71;42156.00;33361.79;33350.08;
;ACC06;ITUB4;1;5577;347;346;18.23;101668.71;6325.81;6307.58;
;ACC04;WEGE3;2;9138;6639;6638;15.57;142278.66;103369.23;103353.66;
;ACC05;BBDC4;1;5052;1007;1006;11.83;59765.16;11912.81;11900.98;
;ACC04;VALE3;2;8926;3755;3754;16.71;149153.46;62746.05;62729.34;
;ACC05;ABEV3;1;2888;1239;1238;16.97;49009.36;21025.83;21008.86;
;ACC10;VALE3;1;5241;440;439;17.88;93709.08;7867.20;7849.32;
;ACC07;BBAS3;2;1998;1482;1481;16.89;33746.22;25030.98;25014.09;
;ACC04;VALE3;1;4004;2070;2069;16.54;66226.16;34237.80;34221.26;
;ACC08;MGLU3;2;2483;249;248;13.69;33992.27;3408.81;3395.12;
;ACC09;ITUB4;2;6474;2530;2529;11.39;73738.86;28816.70;28805.31;
;ACC01;MGLU3;2;9791;3108;3107;17.62;172517.42;54762.96;54745.34;
;ACC04;ITUB4;1;8550;4230;4229;12.76;109098.00;53974.80;53962.04;
;ACC07;VALE3;2;1119;1055;1054;13.50;15106.50;14242.50;14229.00;
;ACC01;PETR4;1;5186;2364;2363;16.66;86398.76;39384.24;39367.58;
;ACC05;LREN3;2;7779;1754;1753;10.51;81757.29;18434.54;18424.03;
;ACC02;WEGE3;2;8776;2529;2528;14.89;130674.64;37656.81;37641.92;
;ACC01;WEGE3;2;3055;2437;2436;13.85;42311.75;33752.45;33738.60;
;ACC06;ITUB4;1;5403;1072;1071;16.13;87150.39;17291.36;17275.23;
;ACC08;ITUB4;1;4766;4019;4018;19.58;93318.28;78692.02;78672.44;
;ACC09;ABEV3;2;9222;7134;7133;15.30;141096.60;109150.20;109134.90;
;ACC08;VALE3;2;1033;1002;1001;16.03;16558.99;16062.06;16046.03;
;ACC05;MGLU3;1;3346;1539;1538;11.22;37542.12;17267.58;17256.36;
;ACC08;PETR4;2;8956;5216;5215;18.22;163178.32;95035.52;95017.30;
;ACC07;LREN3;2;3747;3661;3660;14.82;55530.54;54256.02;54241.20;
;ACC06;VALE3;2;1224;156;155;13.63;16683.12;2126.28;2112.65;
;ACC06;MGLU3;1;1179;610;609;12.80;15091.20;7808.00;7795.20;
;ACC02;LREN3;2;1360;318;317;10.65;14484.00;3386.70;3376.05;
;ACC04;B3SA3;2;9157;1364;1363;14.27;130670.39;19464.28;19450.01;
;ACC01;WEGE3;1;7447;3782;3781;13.22;98449.34;49998.04;49984.82;
;ACC01;MGLU3;1;8490;6697;6696;19.96;169460.40;133672.12;133652.16;
;ACC06;B3SA3;2;2160;1594;1593;17.91;38685.60;28548.54;28530.63;
;ACC01;MGLU3;1;2630;1066;1065;16.76;44078.80;17866.16;17849.40;
;ACC06;B3SA3;1;2236;558;557;11.96;26742.56;6673.68;6661.72;
;ACC03;PETR4;2;4491;2515;2514;12.09;54296.19;30406.35;30394.26;
;ACC08;ABEV3;2;4990;573;572;13.46;67165.40;7712.58;7699.12;
;ACC04;MGLU3;2;4379;1282;1281;15.82;69275.78;20281.24;20265.42;
;ACC06;B3SA3;2;3105;401;400;17.35;53871.75;6957.35;6940.00;
;ACC08;ABEV3;2;3338;813;812;19.32;64490.16;15707.16;15687.84;
;ACC06;LREN3;2;9480;9264;9263;13.29;125989.20;123118.56;123105.27;
;ACC03;MGLU3;1;6928;94;93;14.33;99278.24;1347.02;1332.69;
;ACC08;MGLU3;2;8212;2864;2863;14.07;115542.84;40296.48;40282.41;
;ACC08;B3SA3;2;9778;3141;3140;16.23;158696.94;50978.43;50962.20;
;ACC10;PETR4;1;2712;2413;2412;15.70;42578.40;37884.10;37868.40;
;ACC02;PETR4;2;6210;330;329;19.32;119977.20;6375.60;6356.28;
;ACC10;B3SA3;1;3975;1122;1121;12.83;50999.25;14395.26;14382.43;
;ACC02;MGLU3;2;5385;3151;3150;13.91;74905.35;43830.41;43816.50;
;ACC01;ABEV3;1;9291;5962;5961;15.55;144475.05;92709.10;92693.55;
;ACC02;VALE3;1;8467;5394;5393;17.54;148511.18;94610.76;94593.22;
;ACC08;ABEV3;2;9791;504;503;16.34;159984.94;8235.36;8219.02;
;ACC04;ABEV3;2;7225;1891;1890;15.35;110903.75;29026.85;29011.50;
;ACC10;VALE3;2;9333;3307;3306;18.13;169207.29;59955.91;59937.78;
;ACC04;B3SA3;2;7664;3478;3477;16.87;129291.68;58673.86;58656.99;
;ACC04;MGLU3;1;2064;1154;1153;17.31;35727.84;19975.74;19958.43;
;ACC04;MGLU3;1;2008;1892;1891;19.13;38413.04;36193.96;36174.83;
;ACC03;WEGE3;1;9762;7040;7039;17.60;171811.20;123904.00;123886.40;
;ACC01;WEGE3;2;1716;1183;1182;18.56;31848.96;21956.48;21937.92;
;ACC09;B3SA3;1;7158;5296;5295;13.59;97277.22;71972.64;71959.05;
;ACC07;B3SA3;2;9312;2654;2653;16.42;152903.04;43578.68;43562.26;
;ACC01;PETR4;2;7366;555;554;14.98;110342.68;8313.90;8298.92;
;ACC07;VALE3;1;7285;927;926;15.28;111314.80;14164.56;14149.28;
;ACC06;ABEV3;1;7485;2692;2691;15.25;114146.25;41053.00;41037.75;
;ACC09;BBDC4;2;7054;5313;5312;16.34;115262.36;86814.42;86798.08;
;ACC05;ABEV3;2;9325;4445;4444;10.73;100057.25;47694.85;47684.12;
;ACC03;LREN3;1;7502;233;232;19.99;149964.98;4657.67;4637.68;
;ACC04;ABEV3;2;4864;4202;4201;18.90;91929.60;79417.80;79398.90;
;ACC02;BBDC4;2;8278;2705;2704;14.58;120693.24;39438.90;39424.32;
;ACC02;VALE3;1;5434;1571;1570;12.05;65479.70;18930.55;18918.50;
;ACC02;BBAS3;1;9664;6456;6455;19.82;191540.48;127957.92;127938.10;
;ACC05;PETR4;2;1347;811;810;12.06;16244.82;9780.66;9768.60;
;ACC02;ABEV3;1;9708;5086;5085;10.98;106593.84;55844.28;55833.30;
;ACC10;VALE3;2;5997;3310;3309;10.11;60629.67;33464.10;33453.99;
;ACC06;ITUB4;1;7685;592;591;13.55;104131.75;8021.60;8008.05;
;ACC03;LREN3;1;6643;4119;4118;14.87;98781.41;61249.53;61234.66;
;ACC09;BBDC4;1;2280;1466;1465;16.50;37620.00;24189.00;24172.50;
;ACC05;LREN3;2;9295;8537;8536;16.17;150300.15;138043.29;138027.12;
;ACC03;ABEV3;2;5550;4374;4373;11.62;64491.00;50825.88;50814.26;
;ACC10;VALE3;2;8444;4710;4709;18.60;157058.40;87606.00;87587.40;
;ACC03;MGLU3;1;3843;2439;2438;10.09;38775.87;24609.51;24599.42;
;ACC08;WEGE3;1;1053;673;672;16.55;17427.15;11138.15;11121.60;
;ACC02;ITUB4;2;3887;3345;3344;18.05;70160.35;60377.25;60359.20;
;ACC07;PETR4;1;2186;1634;1633;19.09;41730.74;31193.06;31173.97;
;ACC04;MGLU3;1;7511;6131;6130;16.10;120927.10;98709.10;98693.00;
;ACC02;ITUB4;2;4057;2171;2170;15.87;64384.59;34453.77;34437.90;
;ACC03;ITUB4;1;4828;833;832;10.07;48617.96;8388.31;8378.24;
;ACC01;VALE3;1;7889;5088;5087;17.81;140503.09;90617.28;90599.47;
;ACC04;VALE3;2;8801;3584;3583;13.04;114765.04;46735.36;46722.32;
;ACC02;B3SA3;2;8999;8214;8213;18.48;166301.52;151794.72;151776.24;
;ACC02;BBAS3;1;7689;1682;1681;10.86;83502.54;18266.52;18255.66;
;ACC06;LREN3;2;2533;1999;1998;15.04;38096.32;30064.96;30049.92;
;ACC08;ITUB4;1;9670;6184;6183;16.16;156267.20;99933.44;99917.28;
;ACC10;ITUB4;1;8317;3854;3853;19.61;163096.37;75576.94;75557.33;
;ACC06;ITUB4;1;3762;2978;2977;18.19;68430.78;54169.82;54151.63;
;ACC10;ITUB4;1;3346;2130;2129;15.04;50323.84;32035.20;32020.16;
;ACC08;BBAS3;2;9208;5497;5496;18.33;168782.64;100760.01;100741.68;
;ACC08;ABEV3;1;9150;4925;4924;10.88;99552.00;53584.00;53573.12;
;ACC09;BBAS3;1;6730;1110;1109;13.80;92874.00;15318.00;15304.20;
;ACC01;WEGE3;1;3420;283;282;18.37;62825.40;5198.71;5180.34;
;ACC10;PETR4;2;9596;549;548;14.23;136551.08;7812.27;7798.04;
;ACC06;LREN3;2;7414;1738;1737;15.56;115361.84;27043.28;27027.72;
;ACC03;ITUB4;1;9663;8357;8356;18.68;180504.84;156108.76;156090.08;
;ACC09;ITUB4;2;4758;2162;2161;16.18;76984.44;34981.16;34964.98;
;ACC02;BBAS3;1;1822;1297;1296;12.88;23467.36;16705.36;16692.48;
;ACC03;WEGE3;2;2936;1841;1840;18.32;53787.52;33727.12;33708.80;
;ACC05;LREN3;2;1459;728;727;19.08;27837.72;13890.24;13871.16;
;ACC09;VALE3;1;1598;1297;1296;11.69;18680.62;15161.93;15150.24;
;ACC10;ITUB4;1;2137;169;168;13.48;28806.76;2278.12;2264.64;
;ACC08;WEGE3;2;6410;1615;1614;14.52;93073.20;23449.80;23435.28;
;ACC05;LREN3;2;3579;802;801;18.44;65996.76;14788.88;14770.44;
;ACC07;MGLU3;1;9806;4619;4618;13.66;133949.96;63095.54;63081.88;
;ACC01;BBAS3;2;7395;2039;2038;19.59;144868.05;39944.01;39924.42;
;ACC08;ABEV3;1;1646;893;892;14.17;23323.82;12653.81;12639.64;
;ACC03;VALE3;2;3692;3461;3460;10.03;37030.76;34713.83;34703.80;
;ACC07;ABEV3;2;5795;880;879;16.91;97993.45;14880.80;14863.89;
;ACC10;ITUB4;1;2175;1116;1115;16.60;36105.00;18525.60;18509.00;
;ACC09;PETR4;2;9761;147;146;15.34;149733.74;2254.98;2239.64;
;ACC05;ABEV3;1;5432;4771;4770;15.54;84413.28;74141.34;74125.80;
;ACC06;BBDC4;1;8386;1693;1692;15.04;126125.44;25462.72;25447.68;
;ACC07;VALE3;2;3920;1725;1724;17.53;68717.60;30239.25;30221.72;
;ACC05;VALE3;2;5959;5456;5455;12.26;73057.34;66890.56;66878.30;
;ACC02;VALE3;2;9492;2387;2386;14.36;136305.12;34277.32;34262.96;
;ACC06;ABEV3;1;1365;760;759;10.03;13690.95;7622.80;7612.77;
;ACC10;ABEV3;1;4204;444;443;12.18;51204.72;5407.92;5395.74;
;ACC02;BBAS3;2;2836;915;914;12.89;36556.04;11794.35;11781.46;
;ACC05;ABEV3;1;2820;145;144;18.76;52903.20;2720.20;2701.44;
;ACC08;WEGE3;1;4297;3020;3019;14.08;60501.76;42521.60;42507.52;
;ACC03;BBAS3;2;9957;7329;7328;14.54;144774.78;106563.66;106549.12;
;ACC10;MGLU3;1;7452;2915;2914;11.11;82791.72;32385.65;32374.54;
;ACC05;LREN3;1;5147;4684;4683;19.89;102373.83;93164.76;93144.87;
;ACC08;ITUB4;1;6250;891;890;18.45;115312.50;16438.95;16420.50;
;ACC08;PETR4;2;2001;1056;1055;13.58;27173.58;14340.48;14326.90;
;ACC10;ABEV3;1;3051;139;138;18.48;56382.48;2568.72;2550.24;
;ACC06;PETR4;1;3983;1667;1666;19.56;77907.48;32606.52;32586.96;
;ACC04;LREN3;1;9140;3095;3094;14.32;130884.80;44320.40;44306.08;
;ACC02;MGLU3;1;5706;2064;2063;12.33;70354.98;25449.12;25436.79;
;ACC08;VALE3;2;2013;522;521;10.57;21277.41;5517.54;5506.97;
;ACC03;MGLU3;1;6227;1819;1818;12.86;80079.22;23392.34;23379.48;
;ACC10;BBDC4;2;4922;2817;2816;10.82;53256.04;30479.94;30469.12;
;ACC04;VALE3;2;4325;1562;1561;10.29;44504.25;16072.98;16062.69;
;ACC02;BBDC4;1;1158;376;375;12.82;14845.56;4820.32;4807.50;
;ACC07;LREN3;1;1546;299;298;16.61;25679.06;4966.39;4949.78;
;ACC04;PETR4;2;1530;1488;1487;15.09;23087.70;22453.92;22438.83;
;ACC03;ITUB4;2;2566;564;563;14.16;36334.56;7986.24;7972.08;
;ACC03;B3SA3;1;6169;4493;4492;11.04;68105.76;49602.72;49591.68;
;ACC06;ITUB4;1;2138;2012;2011;18.61;39788.18;37443.32;37424.71;
;ACC09;VALE3;2;6470;327;326;19.34;125129.80;6324.18;6304.84;
;ACC01;VALE3;1;1649;27;26;11.87;19573.63;320.49;308.62;
;ACC05;LREN3;1;6020;3474;3473;11.43;68808.60;39707.82;39696.39;
;ACC08;VALE3;1;5893;955;954;12.75;75135.75;12176.25;12163.50;
;ACC08;ABEV3;2;7820;4603;4602;10.12;79138.40;46582.36;46572.24;
;ACC10;VALE3;2;6034;1818;1817;14.94;90147.96;27160.92;27145.98;
;ACC09;LREN3;2;6977;304;303;15.16;105771.32;4608.64;4593.48;
;ACC09;WEGE3;1;7896;4061;4060;14.87;117413.52;60387.07;60372.20;
;ACC05;BBAS3;1;6062;2433;2432;14.54;88141.48;35375.82;35361.28;
;ACC02;ITUB4;1;7796;1616;1615;14.22;110859.12;22979.52;22965.30;
;ACC05;B3SA3;1;4966;1506;1505;12.60;62571.60;18975.60;18963.00;
;ACC01;MGLU3;1;2032;574;573;14.54;29545.28;8345.96;8331.42;
;ACC10;VALE3;2;1490;1135;1134;18.61;27728.90;21122.35;21103.74;
;ACC10;ABEV3;1;5325;3920;3919;13.84;73698.00;54252.80;54238.96;
;ACC03;BBDC4;2;9581;8934;8933;11.99;114876.19;107118.66;107106.67;
;ACC09;MGLU3;2;6567;5327;5326;17.53;115119.51;93382.31;93364.78;
;ACC01;B3SA3;1;2802;2162;2161;12.65;35445.30;27349.30;27336.65;
;ACC07;WEGE3;2;2847;646;645;18.57;52868.79;11996.22;11977.65;
;ACC06;B3SA3;2;5387;5264;5263;17.82;95996.34;93804.48;93786.66;
;ACC10;LREN3;1;8906;1049;1048;14.25;126910.50;14948.25;14934.00;
;ACC02;BBDC4;1;6099;1288;1287;18.77;114478.23;24175.76;24156.99;
;ACC08;LREN3;1;7208;2902;2901;19.45;140195.60;56443.90;56424.45;
;ACC10;ITUB4;1;3202;2771;2770;16.89;54081.78;46802.19;46785.30;
;ACC04;BBAS3;1;2554;1901;1900;10.61;27097.94;20169.61;20159.00;
;ACC03;ITUB4;2;9261;2697;2696;13.93;129005.73;37569.21;37555.28;
;ACC01;BBAS3;1;1236;576;575;10.42;12879.12;6001.92;5991.50;
;ACC02;LREN3;2;5595;1783;1782;13.80;77211.00;24605.40;24591.60;
;ACC02;PETR4;2;4855;501;500;15.58;75640.90;7805.58;7790.00;
;ACC01;WEGE3;1;1087;262;261;15.93;17315.91;4173.66;4157.73;
;ACC04;BBAS3;2;8500;5722;5721;17.01;144585.00;97331.22;97314.21;
;ACC09;BBAS3;1;6243;823;822;16.36;102135.48;13464.28;13447.92;
;ACC09;ITUB4;2;8951;7772;7771;15.13;135428.63;117590.36;117575.23;
;ACC06;BBDC4;2;8401;6358;6357;12.08;101484.08;76804.64;76792.56;
;ACC07;ABEV3;1;8842;2094;2093;19.96;176486.32;41796.24;41776.28;
;ACC06;VALE3;1;9317;8487;8486;14.93;139102.81;126710.91;126695.98;
;ACC03;ITUB4;1;5543;4444;4443;13.49;74775.07;59949.56;59936.07;
;ACC02;LREN3;1;2568;2496;2495;13.72;35232.96;34245.12;34231.40;
;ACC08;ABEV3;1;1426;678;677;19.33;27564.58;13105.74;13086.41;
;ACC03;MGLU3;1;5654;4765;4764;15.69;88711.26;74762.85;74747.16;
;ACC04;B3SA3;1;8891;7492;7491;16.84;149724.44;126165.28;126148.44;
;ACC04;BBAS3;2;1993;474;473;10.90;21723.70;5166.60;5155.70;
;ACC06;BBDC4;1;4247;1227;1226;19.83;84218.01;24331.41;24311.58;
;ACC04;MGLU3;2;9866;2906;2905;15.70;154896.20;45624.20;45608.50;
;ACC09;BBDC4;2;1808;627;626;12.07;21822.56;7567.89;7555.82;
;ACC01;B3SA3;1;9646;8062;8061;14.03;135333.38;113109.86;113095.83;
;ACC09;BBDC4;1;2183;1812;1811;14.47;31588.01;26219.64;26205.17;
;ACC01;MGLU3;1;3510;392;391;17.42;61144.20;6828.64;6811.22;
;ACC07;BBAS3;2;2560;100;99;11.47;29363.20;1147.00;1135.53;
;ACC10;PETR4;2;5692;2750;2749;17.63;100349.96;48482.50;48464.87;
;ACC03;PETR4;2;9804;7714;7713;16.37;160491.48;126278.18;126261.81;
;ACC02;B3SA3;1;9316;64;63;17.85;166290.60;1142.40;1124.55;
;ACC02;MGLU3;1;3303;20;19;18.08;59718.24;361.60;343.52;
;ACC04;MGLU3;1;3127;3029;3028;11.12;34772.24;33682.48;33671.36;
;ACC09;PETR4;1;5988;3936;3935;14.06;84191.28;55340.16;55326.10;
;ACC06;PETR4;2;9537;4783;4782;17.25;164513.25;82506.75;82489.50;
;ACC01;B3SA3;2;8723;7589;7588;17.00;148291.00;129013.00;128996.00;
;ACC08;BBAS3;1;4995;3926;3925;11.65;58191.75;45737.90;45726.25;
;ACC01;VALE3;1;3937;3008;3007;14.96;58897.52;44999.68;44984.72;
;ACC06;PETR4;1;5408;3413;3412;12.41;67113.28;42355.33;42342.92;
;ACC01;LREN3;2;8663;2197;2196;17.44;151082.72;38315.68;38298.24;
;ACC09;WEGE3;1;3436;2008;2007;14.09;48413.24;28292.72;28278.63;
;ACC09;BBAS3;1;8872;318;317;12.27;108859.44;3901.86;3889.59;
;ACC04;BBDC4;2;9671;2644;2643;19.50;188584.50;51558.00;51538.50;
;ACC09;VALE3;1;7039;2652;2651;10.63;74824.57;28190.76;28180.13;
;ACC06;BBAS3;2;2605;505;504;13.00;33865.00;6565.00;6552.00;
;ACC10;B3SA3;1;5797;291;290;10.16;58897.52;2956.56;2946.40;
;ACC04;WEGE3;2;2857;1253;1252;11.47;32769.79;14371.91;14360.44;
;ACC03;ITUB4;2;5374;3760;3759;18.51;99472.74;69597.60;69579.09;
;ACC05;ABEV3;1;6668;5585;5584;11.70;78015.60;65344.50;65332.80;
;ACC08;ABEV3;1;6972;1971;1970;12.23;85267.56;24105.33;24093.10;
;ACC08;WEGE3;2;6337;5689;5688;15.06;95435.22;85676.34;85661.28;
;ACC07;ABEV3;2;3449;1669;1668;18.31;63151.19;30559.39;30541.08;
;ACC08;ITUB4;1;7828;7807;7806;13.45;105286.60;105004.15;104990.70;
;ACC09;BBDC4;1;7185;669;668;18.37;131988.45;12289.53;12271.16;
;ACC10;VALE3;2;4789;1342;1341;12.32;59000.48;16533.44;16521.12;
;ACC03;ITUB4;2;1165;753;752;17.83;20771.95;13425.99;13408.16;
;ACC04;WEGE3;1;8264;334;333;19.65;162387.60;6563.10;6543.45;
;ACC06;BBDC4;2;6136;6027;6026;14.88;91303.68;89681.76;89666.88;
;ACC07;BBAS3;2;4471;2825;2824;11.79;52713.09;33306.75;33294.96;
;ACC08;PETR4;2;2148;1679;1678;16.72;35914.56;28072.88;28056.16;
;ACC05;MGLU3;1;4517;2729;2728;10.10;45621.70;27562.90;27552.80;
;ACC05;ABEV3;2;6380;2310;2309;12.93;82493.40;29868.30;29855.37;
;ACC02;B3SA3;2;5517;3641;3640;14.15;78065.55;51520.15;51506.00;
;ACC10;LREN3;1;9595;6333;6332;18.36;176164.20;116273.88;116255.52;
;ACC09;ITUB4;2;9480;7575;7574;10.42;98781.60;78931.50;78921.08;
;ACC06;B3SA3;2;4275;3495;3494;10.35;44246.25;36173.25;36162.90;
;ACC05;PETR4;2;7329;4880;4879;17.51;128330.79;85448.80;85431.29;
;ACC05;VALE3;2;7966;3675;3674;17.78;141635.48;65341.50;65323.72;
;ACC05;WEGE3;1;9835;5204;5203;11.42;112315.70;59429.68;59418.26;
;ACC08;B3SA3;1;6239;427;426;11.74;73245.86;5012.98;5001.24;
;ACC01;ITUB4;2;3160;1722;1721;17.23;54446.80;29670.06;29652.83;
;ACC06;LREN3;2;2025;1149;1148;10.24;20736.00;11765.76;11755.52;
;ACC01;BBDC4;2;9291;4975;4974;15.61;145032.51;77659.75;77644.14;
;ACC01;MGLU3;2;5206;3782;3781;11.86;61743.16;44854.52;44842.66;
;ACC09;MGLU3;2;8334;5515;5514;15.37;128093.58;84765.55;84750.18;
;ACC07;VALE3;1;1512;1153;1152;15.68;23708.16;18079.04;18063.36;
;ACC09;B3SA3;2;5132;1415;1414;15.79;81034.28;22342.85;22327.06;
;ACC01;WEGE3;1;3554;1206;1205;17.40;61839.60;20984.40;20967.00;
;ACC10;MGLU3;2;8295;8165;8164;14.63;121355.85;119453.95;119439.32;
;ACC02;MGLU3;2;7031;6467;6466;14.03;98644.93;90732.01;90717.98;
;ACC10;WEGE3;1;2394;459;458;10.68;25567.92;4902.12;4891.44;
;ACC01;ABEV3;2;6824;2336;2335;12.04;82160.96;28125.44;28113.40;
;ACC06;B3SA3;2;1711;1625;1624;11.89;20343.79;19321.25;19309.36;
;ACC10;WEGE3;1;7217;4042;4041;16.31;117709.27;65925.02;65908.71;
;ACC04;ABEV3;2;9528;5277;5276;12.62;120243.36;66595.74;66583.12;
;ACC02;BBDC4;2;9917;7589;7588;19.84;196753.28;150565.76;150545.92;
;ACC01;WEGE3;2;2049;1666;1665;16.37;33542.13;27272.42;27256.05;
;ACC01;ABEV3;2;6252;3458;3457;16.51;103220.52;57091.58;57075.07;
;ACC01;ITUB4;2;5524;562;561;12.35;68221.40;6940.70;6928.35;
;ACC07;PETR4;2;8067;4756;4755;11.90;95997.30;56596.40;56584.50;
;ACC05;BBAS3;2;1859;1643;1642;17.29;32142.11;28407.47;28390.18;
;ACC07;PETR4;2;9171;8819;8818;19.35;177458.85;170647.65;170628.30;
;ACC08;WEGE3;1;3921;2115;2114;15.87;62226.27;33565.05;33549.18;
;ACC03;WEGE3;2;2958;688;687;11.43;33809.94;7863.84;7852.41;
;ACC03;VALE3;2;9871;8978;8977;16.14;159317.94;144904.92;144888.78;
;ACC05;B3SA3;2;5225;795;794;18.86;98543.50;14993.70;14974.84;
;ACC05;ABEV3;2;8338;2073;2072;18.35;153002.30;38039.55;38021.20;
;ACC05;LREN3;2;5020;1290;1289;12.09;60691.80;15596.10;15584.01;
;ACC09;PETR4;2;2107;595;594;18.50;38979.50;11007.50;10989.00;
;ACC05;MGLU3;2;8579;425;424;12.72;109124.88;5406.00;5393.28;
;ACC10;BBDC4;1;2436;1015;1014;10.13;24676.68;10281.95;10271.82;
;ACC10;BBDC4;1;1744;1541;1540;14.64;25532.16;22560.24;22545.60;
;ACC10;LREN3;1;4627;342;341;13.97;64639.19;4777.74;4763.77;
;ACC03;BBAS3;2;9172;5007;5006;19.48;178670.56;97536.36;97516.88;
;ACC01;ABEV3;2;4114;2513;2512;13.96;57431.44;35081.48;35067.52;
;ACC04;PETR4;2;1352;481;480;14.93;20185.36;7181.33;7166.40;
;ACC09;BBDC4;1;9937;6839;6838;19.43;193075.91;132881.77;132862.34;
;ACC05;BBAS3;1;9178;5643;5642;18.55;170251.90;104677.65;104659.10;
;ACC02;WEGE3;2;7801;6507;6506;11.15;86981.15;72553.05;72541.90;
;ACC07;MGLU3;2;6010;4173;4172;19.31;116053.10;80580.63;80561.32;
;ACC08;B3SA3;1;3110;2234;2233;10.87;33805.70;24283.58;24272.71;
;ACC04;WEGE3;1;1059;151;150;16.80;17791.20;2536.80;2520.00;
;ACC01;B3SA3;2;6313;2751;2750;12.50;78912.50;34387.50;34375.00;
;ACC09;ITUB4;1;8849;5009;5008;12.32;109019.68;61710.88;61698.56;
;ACC07;ITUB4;2;1006;849;848;16.23;16327.38;13779.27;13763.04;
;ACC01;BBAS3;2;9517;5914;5913;15.79;150273.43;93382.06;93366.27;
;ACC02;BBAS3;2;7254;2102;2101;14.39;104385.06;30247.78;30233.39;
;ACC01;LREN3;2;7562;4279;4278;13.22;99969.64;56568.38;56555.16;
;ACC01;BBAS3;1;8796;1638;1637;19.97;175656.12;32710.86;32690.89;
;ACC01;MGLU3;1;1483;626;625;12.29;18226.07;7693.54;7681.25;
;ACC04;PETR4;1;3796;1272;1271;11.59;43995.64;14742.48;14730.89;
;ACC02;ITUB4;1;7369;6502;6501;15.73;115914.37;102276.46;102260.73;
;ACC02;PETR4;2;7070;4985;4984;11.02;77911.40;54934.70;54923.68;
;ACC04;WEGE3;1;3448;824;823;15.07;51961.36;12417.68;12402.61;
;ACC09;VALE3;1;1958;514;513;11.83;23163.14;6080.62;6068.79;
;ACC04;WEGE3;1;2162;270;269;19.54;42245.48;5275.80;5256.26;
;ACC02;ABEV3;2;3807;2236;2235;10.34;39364.38;23120.24;23109.90;
;ACC04;PETR4;2;7185;1150;1149;17.47;125521.95;20090.50;20073.03;
;ACC09;VALE3;1;5042;3809;3808;12.52;63125.84;47688.68;47676.16;
;ACC09;VALE3;2;5321;2834;2833;10.21;54327.41;28935.14;28924.93;
;ACC01;WEGE3;1;8306;3819;3818;12.97;107728.82;49532.43;49519.46;
;ACC03;MGLU3;2;6923;5569;5568;10.79;74699.17;60089.51;60078.72;
;ACC07;MGLU3;2;3906;1139;1138;14.52;56715.12;16538.28;16523.76;
;ACC05;PETR4;1;3121;1314;1313;12.32;38450.72;16188.48;16176.16;
;ACC08;B3SA3;2;6988;6331;6330;19.75;138013.00;125037.25;125017.50;
;ACC01;BBDC4;2;4392;2112;2111;13.51;59335.92;28533.12;28519.61;
;ACC09;VALE3;2;6459;3936;3935;17.94;115874.46;70611.84;70593.90;
;ACC07;ITUB4;2;8632;7366;7365;11.03;95210.96;81246.98;81235.95;
;ACC09;VALE3;1;3017;547;546;13.57;40940.69;7422.79;7409.22;
;ACC03;VALE3;1;7149;5522;5521;11.37;81284.13;62785.14;62773.77;
;ACC07;ITUB4;2;2585;103;102;15.10;39033.50;1555.30;1540.20;
;ACC10;LREN3;1;4865;1834;1833;16.84;81926.60;30884.56;30867.72;
;ACC08;BBAS3;2;5406;3681;3680;15.13;81792.78;55693.53;55678.40;
;ACC02;ITUB4;2;6414;4486;4485;13.19;84600.66;59170.34;59157.15;
;ACC02;ABEV3;2;2689;2537;2536;15.47;41598.83;39247.39;39231.92;
;ACC09;VALE3;2;2695;1229;1228;18.79;50639.05;23092.91;23074.12;
;ACC08;MGLU3;1;6221;4468;4467;13.39;83299.19;59826.52;59813.13;
;ACC10;PETR4;1;7479;6565;6564;17.59;131555.61;115478.35;115460.76;
;ACC02;VALE3;2;1620;677;676;17.68;28641.60;11969.36;11951.68;
;ACC08;B3SA3;1;7631;4898;4897;10.93;83406.83;53535.14;53524.21;
;ACC01;VALE3;1;3627;2478;2477;15.48;56145.96;38359.44;38343.96;
;ACC10;VALE3;2;7339;1698;1697;15.46;113460.94;26251.08;26235.62;
;ACC01;MGLU3;2;6169;2909;2908;13.73;84700.37;39940.57;39926.84;
;ACC09;MGLU3;1;4998;3029;3028;17.08;85365.84;51735.32;51718.24;
;ACC04;ABEV3;2;3507;1318;1317;11.24;39418.68;14814.32;14803.08;
;ACC07;LREN3;1;7432;3685;3684;13.31;98919.92;49047.35;49034.04;
;ACC01;ITUB4;2;6451;1101;1100;10.07;64961.57;11087.07;11077.00;
;ACC10;BBDC4;1;9614;6669;6668;18.95;182185.30;126377.55;126358.60;
;ACC09;WEGE3;2;7091;4861;4860;17.31;122745.21;84143.91;84126.60;
;ACC02;B3SA3;2;2169;1556;1555;12.40;26895.60;19294.40;19282.00;
;ACC09;VALE3;2;2398;485;484;10.94;26234.12;5305.90;5294.96;
;ACC01;LREN3;2;7892;6685;6684;12.57;99202.44;84030.45;84017.88;
;ACC08;PETR4;2;4694;3298;3297;15.83;74306.02;52207.34;52191.51;
;ACC07;ITUB4;2;8409;4870;4869;18.71;157332.39;91117.70;91098.99;
;ACC03;LREN3;1;1150;699;698;18.64;21436.00;13029.36;13010.72;
;ACC01;B3SA3;1;2540;2049;2048;18.06;45872.40;37004.94;36986.88;
;ACC07;LREN3;1;8927;5874;5873;12.62;112658.74;74129.88;74117.26;
;ACC06;BBAS3;2;6678;5711;5710;18.73;125078.94;106967.03;106948.30;
;ACC05;PETR4;2;2838;720;719;15.97;45322.86;11498.40;11482.43;
;ACC09;MGLU3;2;5810;847;846;17.66;102604.60;14958.02;14940.36;
;ACC06;B3SA3;2;5620;3862;3861;10.02;56312.40;38697.24;38687.22;
;ACC05;BBAS3;2;7482;6375;6374;16.06;120160.92;102382.50;102366.44;
;ACC06;MGLU3;1;7035;6776;6775;15.65;110097.75;106044.40;106028.75;
;ACC01;VALE3;2;7225;3926;3925;17.16;123981.00;67370.16;67353.00;
;ACC04;VALE3;2;6143;1448;1447;19.27;118375.61;27902.96;27883.69;
;ACC05;ITUB4;1;6618;3595;3594;13.82;91460.76;49682.90;49669.08;
;ACC08;LREN3;1;8650;2400;2399;11.90;102935.00;28560.00;28548.10;
;ACC07;BBDC4;2;2095;1761;1760;15.60;32682.00;27471.60;27456.00;
;ACC07;MGLU3;1;7918;7738;7737;17.45;138169.10;135028.10;135010.65;
;ACC04;LREN3;2;9986;9499;9498;17.94;179148.84;170412.06;170394.12;
;ACC02;BBAS3;1;1261;907;906;19.01;23971.61;17242.07;17223.06;
;ACC01;BBAS3;2;7743;6862;6861;18.26;141387.18;125300.12;125281.86;
;ACC10;BBDC4;1;6563;3763;3762;14.00;91882.00;52682.00;52668.00;
;ACC06;MGLU3;2;9870;3119;3118;16.19;159795.30;50496.61;50480.42;
;ACC02;WEGE3;2;8017;2005;2004;12.07;96765.19;24200.35;24188.28;
;ACC05;BBDC4;2;9748;6441;6440;18.10;176438.80;116582.10;116564.00;
;ACC01;ABEV3;1;7283;4715;4714;11.79;85866.57;55589.85;55578.06;
;ACC10;ITUB4;2;3194;1873;1872;18.06;57683.64;33826.38;33808.32;
;ACC10;ITUB4;2;3490;2420;2419;14.66;51163.40;35477.20;35462.54;
;ACC08;MGLU3;2;3388;1384;1383;10.33;34998.04;14296.72;14286.39;
;ACC06;VALE3;1;5842;2037;2036;17.80;103987.60;36258.60;36240.80;
;ACC10;B3SA3;1;9410;4593;4592;10.51;98899.10;48272.43;48261.92;
;ACC08;PETR4;2;8164;1918;1917;18.70;152666.80;35866.60;35847.90;
;ACC06;LREN3;1;2137;1495;1494;15.49;33102.13;23157.55;23142.06;
;ACC08;VALE3;2;4772;427;426;18.35;87566.20;7835.45;7817.10;
;ACC02;B3SA3;1;7026;2857;2856;14.44;101455.44;41255.08;41240.64;
;ACC08;B3SA3;2;7179;1847;1846;11.32;81266.28;20908.04;20896.72;
;ACC07;ITUB4;1;1080;878;877;15.71;16966.80;13793.38;13777.67;
;ACC05;ABEV3;2;4989;4962;4961;13.89;69297.21;68922.18;68908.29;
;ACC01;VALE3;1;5286;1720;1719;17.10;90390.60;29412.00;29394.90;
;ACC09;MGLU3;2;3043;1578;1577;13.87;42206.41;21886.86;21872.99;
;ACC10;PETR4;1;4269;4016;4015;19.34;82562.46;77669.44;77650.10;
;ACC03;ITUB4;1;9857;8981;8980;10.47;103202.79;94031.07;94020.60;
;ACC05;ABEV3;1;1757;1217;1216;17.47;30694.79;21260.99;21243.52;
;ACC02;ABEV3;1;2908;2834;2833;19.76;57462.08;55999.84;55980.08;
;ACC05;PETR4;2;7950;3352;3351;16.90;134355.00;56648.80;56631.90;
;ACC04;VALE3;1;7319;2980;2979;14.60;106857.40;43508.00;43493.40;
;ACC07;PETR4;1;2075;1422;1421;19.56;40587.00;27814.32;27794.76;
;ACC03;BBDC4;1;6620;5263;5262;19.17;126905.40;100891.71;100872.54;
;ACC10;BBAS3;1;1073;392;391;12.12;13004.76;4751.04;4738.92;
;ACC06;BBAS3;2;9695;4615;4614;10.44;101215.80;48180.60;48170.16;
;ACC10;B3SA3;1;9642;6014;6013;17.15;165360.30;103140.10;103122.95;
;ACC09;PETR4;1;3425;56;55;15.84;54252.00;887.04;871.20;
;ACC09;MGLU3;2;8287;5173;5172;10.54;87344.98;54523.42;54512.88;
;ACC03;B3SA3;2;6414;1592;1591;14.70;94285.80;23402.40;23387.70;
;ACC08;VALE3;2;4763;4556;4555;17.81;84829.03;81142.36;81124.55;
;ACC04;BBAS3;1;7007;5320;5319;17.06;119539.42;90759.20;90742.14;
;ACC10;LREN3;2;9810;7584;7583;19.37;190019.70;146902.08;146882.71;
;ACC02;MGLU3;2;7408;839;838;15.85;117416.80;13298.15;13282.30;
;ACC09;B3SA3;1;7445;2609;2608;16.93;126043.85;44170.37;44153.44;
;ACC05;PETR4;1;4226;2329;2328;11.30;47753.80;26317.70;26306.40;
;ACC03;B3SA3;1;5183;2688;2687;16.05;83187.15;43142.40;43126.35;
;ACC05;WEGE3;1;8153;6738;6737;18.45;150422.85;124316.10;124297.65;
;ACC04;VALE3;1;8939;4930;4929;12.13;108430.07;59800.90;59788.77;
;ACC02;LREN3;1;8782;7383;7382;11.64;102222.48;85938.12;85926.48;
;ACC01;MGLU3;2;7955;5753;5752;19.84;157827.20;114139.52;114119.68;
;ACC06;LREN3;2;3180;2221;2220;11.92;37905.60;26474.32;26462.40;
;ACC03;WEGE3;1;3513;1516;1515;18.27;64182.51;27697.32;27679.05;
;ACC03;PETR4;2;9559;1725;1724;16.17;154569.03;27893.25;27877.08;
;ACC04;ITUB4;2;9568;6393;6392;16.70;159785.60;106763.10;106746.40;
;ACC06;MGLU3;1;6239;476;475;18.94;118166.66;9015.44;8996.50;
;ACC03;LREN3;1;3962;1615;1614;18.46;73138.52;29812.90;29794.44;
;ACC01;BBAS3;2;5288;1060;1059;10.66;56370.08;11299.60;11288.94;
;ACC10;MGLU3;2;7203;3614;3613;12.57;90541.71;45427.98;45415.41;
;ACC07;PETR4;2;9333;7584;7583;18.46;172287.18;140000.64;139982.18;
;ACC02;LREN3;1;9116;6250;6249;15.81;144123.96;98812.50;98796.69;
;ACC10;B3SA3;1;8543;5618;5617;18.08;154457.44;101573.44;101555.36;
;ACC08;VALE3;2;3984;1306;1305;19.85;79082.40;25924.10;25904.25;
;ACC05;BBAS3;2;3465;817;816;18.15;62889.75;14828.55;14810.40;
;ACC02;ABEV3;1;3265;2352;2351;10.99;35882.35;25848.48;25837.49;
;ACC02;WEGE3;2;5806;5705;5704;10.34;60034.04;58989.70;58979.36;
;ACC02;LREN3;1;3786;1567;1566;12.31;46605.66;19289.77;19277.46;
;ACC04;ABEV3;1;2857;2431;2430;11.59;33112.63;28175.29;28163.70;
;ACC05;MGLU3;2;2334;2059;2058;10.66;24880.44;21948.94;21938.28;
;ACC08;BBDC4;2;5467;4137;4136;17.06;93267.02;70577.22;70560.16;
;ACC07;B3SA3;1;5415;4669;4668;13.29;71965.35;62051.01;62037.72;
;ACC01;WEGE3;2;9103;3491;3490;14.88;135452.64;51946.08;51931.20;
;ACC01;VALE3;2;5991;1809;1808;11.67;69914.97;21111.03;21099.36;
;ACC04;B3SA3;2;8536;7216;7215;16.38;139819.68;118198.08;118181.70;
;ACC03;B3SA3;2;3562;1718;1717;12.16;43313.92;20890.88;20878.72;
;ACC02;WEGE3;1;8976;8866;8865;17.91;160760.16;158790.06;158772.15;
;ACC01;LREN3;1;8144;136;135;16.12;131281.28;2192.32;2176.20;
;ACC04;WEGE3;1;3754;216;215;12.89;48389.06;2784.24;2771.35;
;ACC04;VALE3;2;3950;2771;2770;14.19;56050.50;39320.49;39306.30;
;ACC01;MGLU3;2;2168;1083;1082;15.20;32953.60;16461.60;16446.40;
;ACC07;PETR4;1;3365;2369;2368;12.21;41086.65;28925.49;28913.28;
;ACC03;LREN3;2;1901;952;951;17.58;33419.58;16736.16;16718.58;
;ACC05;ITUB4;2;5025;741;740;18.67;93816.75;13834.47;13815.80;
;ACC01;WEGE3;1;5507;4352;4351;11.21;61733.47;48785.92;48774.71;
;ACC02;MGLU3;2;3010;306;305;15.95;48009.50;4880.70;4864.75;
;ACC05;ABEV3;2;9253;1061;1060;14.91;137962.23;15819.51;15804.60;
;ACC06;BBDC4;1;9189;5564;5563;10.41;95657.49;57921.24;57910.83;
;ACC06;ITUB4;2;5581;1283;1282;15.39;85891.59;19745.37;19729.98;
;ACC02;BBDC4;2;1731;1084;1083;18.61;32213.91;20173.24;20154.63;
;ACC06;WEGE3;2;9006;1105;1104;11.89;107081.34;13138.45;13126.56;
;ACC01;WEGE3;2;2167;1295;1294;19.50;42256.50;25252.50;25233.00;
;ACC06;LREN3;2;2186;1877;1876;11.62;25401.32;21810.74;21799.12;
;ACC09;LREN3;1;9796;8223;8222;15.10;147919.60;124167.30;124152.20;
;ACC04;WEGE3;2;7324;7066;7065;14.31;104806.44;101114.46;101100.15;
;ACC10;WEGE3;1;4267;4056;4055;14.42;61530.14;58487.52;58473.10;
;ACC08;B3SA3;1;4422;3406;3405;17.37;76810.14;59162.22;59144.85;
;ACC02;ITUB4;1;9336;4840;4839;18.09;168888.24;87555.60;87537.51;
;ACC10;B3SA3;1;8467;6740;6739;14.96;126666.32;100830.40;100815.44;
;ACC07;BBDC4;2;3485;2576;2575;13.51;47082.35;34801.76;34788.25;
;ACC04;BBDC4;2;4317;533;532;17.33;74813.61;9236.89;9219.56;
;ACC01;ABEV3;2;4997;540;539;12.99;64911.03;7014.60;7001.61;
;ACC04;ABEV3;1;6894;5540;5539;18.97;130779.18;105093.80;105074.83;
;ACC07;PETR4;2;9201;1266;1265;19.67;180983.67;24902.22;24882.55;
;ACC10;ITUB4;1;8450;2750;2749;16.66;140777.00;45815.00;45798.34;
;ACC08;WEGE3;1;9085;6276;6275;18.70;169889.50;117361.20;117342.50;
;ACC08;BBAS3;1;6395;4904;4903;11.20;71624.00;54924.80;54913.60;
;ACC03;PETR4;2;7843;6660;6659;13.45;105488.35;89577.00;89563.55;
;ACC05;BBDC4;2;5811;249;248;18.78;109130.58;4676.22;4657.44;
;ACC01;WEGE3;2;7310;6348;6347;19.24;140644.40;122135.52;122116.28;
;ACC09;BBDC4;2;7484;3700;3699;10.74;80378.16;39738.00;39727.26;
;ACC10;VALE3;1;8439;3840;3839;19.43;163969.77;74611.20;74591.77;
;ACC09;ITUB4;1;4242;1615;1614;12.79;54255.18;20655.85;20643.06;
;ACC01;PETR4;1;1962;426;425;11.20;21974.40;4771.20;4760.00;
;ACC05;ITUB4;1;9646;2364;2363;17.39;167743.94;41109.96;41092.57;
;ACC03;VALE3;2;8657;4664;4663;10.99;95140.43;51257.36;51246.37;
;ACC08;BBAS3;2;2068;159;158;15.35;31743.80;2440.65;2425.30;
;ACC06;ITUB4;2;1798;1597;1596;11.94;21468.12;19068.18;19056.24;
;ACC07;B3SA3;1;3030;2263;2262;15.31;46389.30;34646.53;34631.22;
;ACC09;ITUB4;1;8916;5688;5687;18.23;162538.68;103692.24;103674.01;
;ACC05;ITUB4;1;5533;740;739;12.25;67779.25;9065.00;9052.75;
;ACC10;MGLU3;2;9958;7434;7433;13.67;136125.86;101622.78;101609.11;
;ACC03;WEGE3;2;3038;633;632;18.68;56749.84;11824.44;11805.76;
;ACC03;WEGE3;2;4694;639;638;14.43;67734.42;9220.77;9206.34;
;ACC02;WEGE3;1;4194;57;56;14.51;60854.94;827.07;812.56;
;ACC06;PETR4;1;8342;4746;4745;18.36;153159.12;87136.56;87118.20;
;ACC07;BBAS3;1;6083;2529;2528;14.46;87960.18;36569.34;36554.88;
;ACC08;ABEV3;1;2545;1091;1090;15.67;39880.15;17095.97;17080.30;
;ACC07;B3SA3;1;5088;2514;2513;13.24;67365.12;33285.36;33272.12;
;ACC03;BBDC4;2;1076;193;192;18.28;19669.28;3528.04;3509.76;
;ACC04;WEGE3;2;8144;2046;2045;11.91;96995.04;24367.86;24355.95;
;ACC01;MGLU3;1;2279;1185;1184;11.92;27165.68;14125.20;14113.28;
;ACC08;ITUB4;2;4731;3380;3379;14.86;70302.66;50226.80;50211.94;
;ACC09;VALE3;1;1121;466;465;11.87;13306.27;5531.42;5519.55;
;ACC04;B3SA3;2;2034;1156;1155;12.29;24997.86;14207.24;14194.95;
;ACC04;BBAS3;2;7686;2002;2001;10.04;77167.44;20100.08;20090.04;
;ACC02;ITUB4;2;3920;1672;1671;14.12;55350.40;23608.64;23594.52;
;ACC07;B3SA3;1;1823;1205;1204;10.90;19870.70;13134.50;13123.60;
;ACC06;MGLU3;2;3368;1566;1565;10.57;35599.76;16552.62;16542.05;
;ACC03;VALE3;1;3535;2838;2837;14.73;52070.55;41803.74;41789.01;
;ACC01;PETR4;1;3581;1476;1475;14.71;52676.51;21711.96;21697.25;
;ACC02;BBAS3;2;9928;4984;4983;12.94;128468.32;64492.96;64480.02;
;ACC05;LREN3;1;1312;170;169;10.62;13933.44;1805.40;1794.78;
;ACC10;MGLU3;2;9045;7409;7408;15.58;140921.10;115432.22;115416.64;
;ACC05;PETR4;2;1780;291;290;13.36;23780.80;3887.76;3874.40;
;ACC08;B3SA3;2;6897;5167;5166;13.37;92212.89;69082.79;69069.42;
;ACC04;PETR4;1;7172;1604;1603;19.22;137845.84;30828.88;30809.66;
;ACC09;PETR4;1;8550;5811;5810;19.08;163134.00;110873.88;110854.80;
;ACC04;ITUB4;1;7338;5666;5665;17.61;129222.18;99778.26;99760.65;
;ACC07;B3SA3;2;3398;2076;2075;15.69;53314.62;32572.44;32556.75;
;ACC05;ABEV3;2;6809;6742;6741;17.99;122493.91;121288.58;121270.59;
;ACC01;PETR4;1;7724;6244;6243;11.24;86817.76;70182.56;70171.32;
;ACC07;PETR4;1;1315;422;421;18.14;23854.10;7655.08;7636.94;
;ACC06;BBDC4;1;3963;1856;1855;12.64;50092.32;23459.84;23447.20;
;ACC06;WEGE3;1;8891;8809;8808;12.38;110070.58;109055.42;109043.04;
;ACC08;ABEV3;1;6597;5763;5762;13.49;88993.53;77742.87;77729.38;
;ACC09;B3SA3;1;5203;1609;1608;10.70;55672.10;17216.30;17205.60;
;ACC07;MGLU3;2;6220;2122;2121;13.15;81793.00;27904.30;27891.15;
;ACC08;B3SA3;2;5838;4413;4412;12.75;74434.50;56265.75;56253.00;
;ACC08;BBAS3;1;1043;629;628;16.96;17689.28;10667.84;10650.88;
;ACC01;WEGE3;1;9126;7402;7401;12.53;114348.78;92747.06;92734.53;
;ACC06;LREN3;1;6101;924;923;10.14;61864.14;9369.36;9359.22;
;ACC02;ABEV3;2;4134;2881;2880;12.52;51757.68;36070.12;36057.60;
;ACC07;MGLU3;1;4819;4326;4325;10.00;48190.00;43260.00;43250.00;
;ACC01;BBAS3;2;8320;873;872;18.47;153670.40;16124.31;16105.84;
;ACC04;LREN3;2;3753;303;302;14.11;52954.83;4275.33;4261.22;
;ACC10;WEGE3;1;9679;3436;3435;18.34;177512.86;63016.24;62997.90;
;ACC03;BBDC4;2;1617;499;498;14.09;22783.53;7030.91;7016.82;
;ACC04;VALE3;2;5509;3193;3192;11.57;63739.13;36943.01;36931.44;
;ACC03;VALE3;2;8542;3526;3525;17.56;149997.52;61916.56;61899.00;
;ACC04;ABEV3;1;2044;1023;1022;17.41;35586.04;17810.43;17793.02;
;ACC08;BBDC4;2;6601;872;871;13.03;86011.03;11362.16;11349.13;
;ACC09;BBAS3;2;9856;7254;7253;13.25;130592.00;96115.50;96102.25;
;ACC05;BBAS3;2;6102;2088;2087;15.21;92811.42;31758.48;31743.27;
;ACC04;LREN3;1;6179;2387;2386;16.81;103868.99;40125.47;40108.66;
;ACC04;BBAS3;2;5543;275;274;10.48;58090.64;2882.00;2871.52;
;ACC10;ITUB4;1;3927;361;360;18.08;71000.16;6526.88;6508.80;
;ACC01;LREN3;2;8671;4874;4873;15.08;130758.68;73499.92;73484.84;
;ACC02;WEGE3;1;4774;1839;1838;19.91;95050.34;36614.49;36594.58;
;ACC10;WEGE3;1;2919;472;471;10.78;31466.82;5088.16;5077.38;
;ACC09;MGLU3;2;3052;3034;3033;18.11;55271.72;54945.74;54927.63;
;ACC03;LREN3;2;8691;562;561;15.38;133667.58;8643.56;8628.18;
;ACC10;ABEV3;1;5267;188;187;14.90;78478.30;2801.20;2786.30;
;ACC07;BBDC4;2;6901;4446;4445;18.12;125046.12;80561.52;80543.40;
;ACC05;VALE3;2;3285;1388;1387;11.76;38631.60;16322.88;16311.12;
;ACC07;WEGE3;2;9879;6210;6209;12.15;120029.85;75451.50;75439.35;
;ACC06;BBAS3;1;4148;3267;3266;10.30;42724.40;33650.10;33639.80;
;ACC10;LREN3;2;9477;4430;4429;19.06;180631.62;84435.80;84416.74;
;ACC01;WEGE3;2;2180;65;64;12.30;26814.00;799.50;787.20;
;ACC07;LREN3;2;5511;1529;1528;12.86;70871.46;19662.94;19650.08;
;ACC09;ABEV3;2;3726;1685;1684;12.62;47022.12;21264.70;21252.08;
;ACC09;VALE3;1;5650;1045;1044;13.28;75032.00;13877.60;13864.32;
;ACC06;VALE3;1;2926;2716;2715;10.91;31922.66;29631.56;29620.65;
;ACC06;BBAS3;2;2391;5;4;10.70;25583.70;53.50;42.80;
;ACC07;LREN3;2;3493;3148;3147;11.06;38632.58;34816.88;34805.82;
;ACC02;MGLU3;1;7234;4598;4597;17.73;128258.82;81522.54;81504.81;
;ACC07;PETR4;1;8711;1338;1337;19.23;167512.53;25729.74;25710.51;
;ACC10;MGLU3;2;3171;3052;3051;14.73;46708.83;44955.96;44941.23;
;ACC03;ABEV3;2;9533;6464;6463;14.28;136131.24;92305.92;92291.64;
;ACC09;BBAS3;1;3607;575;574;19.10;68893.70;10982.50;10963.40;
;ACC03;PETR4;2;4675;4245;4244;16.62;77698.50;70551.90;70535.28;
;ACC03;WEGE3;2;2055;1989;1988;10.91;22420.05;21699.99;21689.08;
;ACC07;VALE3;1;5834;3331;3330;14.23;83017.82;47400.13;47385.90;
;ACC04;PETR4;1;9718;7382;7381;19.54;189889.72;144244.28;144224.74;
;ACC03;VALE3;1;5806;4318;4317;16.86;97889.16;72801.48;72784.62;
;ACC08;ITUB4;1;3967;1805;1804;18.86;74817.62;34042.30;34023.44;
;ACC05;B3SA3;1;9808;7819;7818;12.09;118578.72;94531.71;94519.62;
;ACC10;PETR4;2;4923;3839;3838;10.77;53020.71;41346.03;41335.26;
;ACC07;ITUB4;1;4012;1210;1209;19.48;78153.76;23570.80;23551.32;
;ACC07;B3SA3;1;8934;6722;6721;19.50;174213.00;131079.00;131059.50;
;ACC05;WEGE3;1;6603;4839;4838;11.22;74085.66;54293.58;54282.36;
;ACC01;ITUB4;1;1434;857;856;11.50;16491.00;9855.50;9844.00;
;ACC09;ITUB4;2;8656;4364;4363;10.66;92272.96;46520.24;46509.58;
;ACC09;MGLU3;1;5106;1284;1283;18.46;94256.76;23702.64;23684.18;
;ACC01;MGLU3;2;9975;1180;1179;12.21;121794.75;14407.80;14395.59;
;ACC03;ABEV3;2;2535;915;914;13.12;33259.20;12004.80;11991.68;
;ACC02;BBAS3;1;2696;2066;2065;18.72;50469.12;38675.52;38656.80;
;ACC08;ABEV3;2;3221;646;645;10.41;33530.61;6724.86;6714.45;
;ACC08;ABEV3;1;7247;3852;3851;15.06;109139.82;58011.12;57996.06;
;ACC03;VALE3;2;3590;2342;2341;18.78;67420.20;43982.76;43963.98;
;ACC02;BBDC4;2;1799;320;319;19.08;34324.92;6105.60;6086.52;
;ACC02;VALE3;1;6661;6437;6436;19.06;126958.66;122689.22;122670.16;
;ACC01;WEGE3;2;7537;4363;4362;13.31;100317.47;58071.53;58058.22;
;ACC03;BBAS3;2;8819;8307;8306;10.74;94716.06;89217.18;89206.44;
;ACC02;B3SA3;1;1008;143;142;13.94;14051.52;1993.42;1979.48;
;ACC07;VALE3;2;4412;2165;2164;18.12;79945.44;39229.80;39211.68;
;ACC08;ABEV3;2;8471;7579;7578;15.32;129775.72;116110.28;116094.96;
;ACC08;ABEV3;2;6682;2559;2558;11.07;73969.74;28328.13;28317.06;
;ACC04;WEGE3;2;7984;857;856;11.41;91097.44;9778.37;9766.96;
;ACC09;PETR4;2;6559;5024;5023;18.00;118062.00;90432.00;90414.00;
;ACC01;BBAS3;2;7414;3015;3014;17.63;130708.82;53154.45;53136.82;
;ACC06;BBDC4;2;2863;153;152;10.64;30462.32;1627.92;1617.28;
;ACC04;MGLU3;2;8251;1237;1236;19.29;159161.79;23861.73;23842.44;
;ACC01;MGLU3;1;6338;4937;4936;13.35;84612.30;65908.95;65895.60;
;ACC04;LREN3;2;1074;878;877;15.33;16464.42;13459.74;13444.41;
;ACC03;B3SA3;2;5509;1354;1353;11.47;63188.23;15530.38;15518.91;
;ACC07;LREN3;2;3262;1639;1638;18.33;59792.46;30042.87;30024.54;
;ACC03;BBDC4;2;2713;1074;1073;16.45;44628.85;17667.30;17650.85;
;ACC01;MGLU3;1;1543;442;441;14.56;22466.08;6435.52;6420.96;
;ACC04;PETR4;2;2946;821;820;17.36;51142.56;14252.56;14235.20;
;ACC01;BBDC4;1;4819;3628;3627;10.15;48912.85;36824.20;36814.05;
;ACC10;MGLU3;1;6168;5588;5587;11.36;70068.48;63479.68;63468.32;
;ACC05;LREN3;1;6313;4841;4840;12.04;76008.52;58285.64;58273.60;
;ACC09;LREN3;1;7472;2909;2908;17.86;133449.92;51954.74;51936.88;
;ACC10;ITUB4;2;4375;2180;2179;14.73;64443.75;32111.40;32096.67;
;ACC04;BBDC4;2;9187;7255;7254;13.93;127974.91;101062.15;101048.22;
;ACC02;BBDC4;2;3796;1684;1683;16.69;63355.24;28105.96;28089.27;
;ACC10;BBAS3;2;4284;1186;1185;10.58;45324.72;12547.88;12537.30;
;ACC06;VALE3;2;7221;5716;5715;12.34;89107.14;70535.44;70523.10;
;ACC01;B3SA3;2;4022;2928;2927;12.65;50878.30;37039.20;37026.55;
;ACC09;MGLU3;1;8508;1696;1695;18.33;155951.64;31087.68;31069.35;
;ACC07;B3SA3;2;9354;8699;8698;16.78;156960.12;145969.22;145952.44;
;ACC07;MGLU3;2;2371;2229;2228;15.25;36157.75;33992.25;33977.00;
;ACC04;BBDC4;2;8556;1807;1806;15.26;130564.56;27574.82;27559.56;
;ACC06;ITUB4;1;8941;4954;4953;18.40;164514.40;91153.60;91135.20;
;ACC04;PETR4;1;2798;168;167;15.29;42781.42;2568.72;2553.43;
;ACC02;BBAS3;2;2628;438;437;13.78;36213.84;6035.64;6021.86;
;ACC09;BBDC4;2;2331;607;606;16.25;37878.75;9863.75;9847.50;
;ACC07;VALE3;1;9691;4585;4584;17.83;172790.53;81750.55;81732.72;
;ACC10;PETR4;2;4020;574;573;19.78;79515.60;11353.72;11333.94;
;ACC08;ABEV3;2;8179;6292;6291;12.16;99456.64;76510.72;76498.56;
;ACC06;ABEV3;2;7789;2409;2408;10.11;78746.79;24354.99;24344.88;
;ACC01;BBAS3;2;1089;276;275;16.89;18393.21;4661.64;4644.75;
;ACC04;PETR4;2;7512;291;290;14.35;107797.20;4175.85;4161.50;
;ACC08;LREN3;2;7014;6587;6586;18.71;131231.94;123242.77;123224.06;
;ACC03;ITUB4;1;9688;1202;1201;15.46;149776.48;18582.92;18567.46;
;ACC06;ABEV3;2;2980;1257;1256;12.21;36385.80;15347.97;15335.76;
;ACC03;BBAS3;1;7502;2143;2142;12.36;92724.72;26487.48;26475.12;
;ACC03;MGLU3;1;8983;3726;3725;15.81;142021.23;58908.06;58892.25;
;ACC07;LREN3;1;6486;1368;1367;14.97;97095.42;20478.96;20463.99;
;ACC02;ABEV3;2;2649;590;589;15.76;41748.24;9298.40;9282.64;
;ACC03;BBDC4;1;6610;1774;1773;13.70;90557.00;24303.80;24290.10;
;ACC10;VALE3;2;4988;3096;3095;14.33;71478.04;44365.68;44351.35;
;ACC10;LREN3;2;9492;5240;5239;16.10;152821.20;84364.00;84347.90;
;ACC09;BBDC4;2;8706;180;179;11.01;95853.06;1981.80;1970.79;
;ACC10;ITUB4;2;9575;5629;5628;15.28;146306.00;86011.12;85995.84;
;ACC10;B3SA3;1;5327;4795;4794;17.61;93808.47;84439.95;84422.34;
;ACC04;LREN3;1;6694;1049;1048;17.68;118349.92;18546.32;18528.64;
;ACC05;LREN3;2;9724;2495;2494;11.08;107741.92;27644.60;27633.52;
;ACC10;WEGE3;2;4715;2220;2219;19.92;93922.80;44222.40;44202.48;
;ACC02;WEGE3;2;6357;144;143;10.08;64078.56;1451.52;1441.44;
;ACC04;LREN3;1;7752;274;273;17.27;133877.04;4731.98;4714.71;
;ACC09;LREN3;1;7011;909;908;13.98;98013.78;12707.82;12693.84;
;ACC02;B3SA3;2;4024;3841;3840;18.48;74363.52;70981.68;70963.20;
;ACC08;BBAS3;2;4018;1776;1775;15.40;61877.20;27350.40;27335.00;
;ACC06;PETR4;2;8158;2902;2901;14.41;117556.78;41817.82;41803.41;
;ACC10;PETR4;2;1355;208;207;19.95;27032.25;4149.60;4129.65;
;ACC05;ITUB4;2;5899;3444;3443;10.39;61290.61;35783.16;35772.77;
;ACC10;MGLU3;1;6074;900;899;19.23;116803.02;17307.00;17287.77;
;ACC06;LREN3;1;7020;3315;3314;14.60;102492.00;48399.00;48384.40;
;ACC02;ABEV3;1;6800;4487;4486;15.84;107712.00;71074.08;71058.24;
;ACC04;ITUB4;1;2745;1888;1887;17.43;47845.35;32907.84;32890.41;
;ACC03;BBAS3;2;9705;960;959;11.45;111122.25;10992.00;10980.55;
;ACC09;ABEV3;2;4365;3318;3317;19.17;83677.05;63606.06;63586.89;
;ACC05;MGLU3;1;6742;3183;3182;11.56;77937.52;36795.48;36783.92;
;ACC05;ITUB4;2;1716;420;419;15.90;27284.40;6678.00;6662.10;
;ACC09;B3SA3;1;3738;2757;2756;13.12;49042.56;36171.84;36158.72;
;ACC03;B3SA3;1;3367;2353;2352;15.97;53770.99;37577.41;37561.44;
;ACC01;WEGE3;2;6408;4255;4254;13.63;87341.04;57995.65;57982.02;
;ACC08;VALE3;2;6185;1444;1443;12.03;74405.55;17371.32;17359.29;
;ACC10;B3SA3;1;6659;2029;2028;12.85;85568.15;26072.65;26059.80;
;ACC04;ITUB4;1;2676;2421;2420;15.82;42334.32;38300.22;38284.40;
;ACC10;WEGE3;2;8604;7120;7119;10.76;92579.04;76611.20;76600.44;
;ACC07;B3SA3;1;1860;160;159;15.79;29369.40;2526.40;2510.61;
;ACC01;VALE3;1;5366;4052;4051;17.85;95783.10;72328.20;72310.35;
;ACC09;ITUB4;2;4794;2417;2416;19.83;95065.02;47929.11;47909.28;
;ACC03;WEGE3;2;2189;867;866;16.52;36162.28;14322.84;14306.32;
;ACC09;LREN3;1;5809;3240;3239;17.97;104387.73;58222.80;58204.83;
;ACC10;ITUB4;1;9121;4260;4259;14.50;132254.50;61770.00;61755.50;
;ACC08;ABEV3;1;1843;1319;1318;12.54;23111.22;16540.26;16527.72;
;ACC08;WEGE3;2;8286;3657;3656;14.11;116915.46;51600.27;51586.16;
;ACC08;PETR4;2;5787;4967;4966;15.58;90161.46;77385.86;77370.28;
;ACC03;B3SA3;2;9014;4310;4309;13.47;121418.58;58055.70;58042.23;
;ACC07;ABEV3;2;9676;8828;8827;15.88;153654.88;140188.64;140172.76;
;ACC07;LREN3;1;2652;1166;1165;18.14;48107.28;21151.24;21133.10;
;ACC08;VALE3;1;3232;2709;2708;10.61;34291.52;28742.49;28731.88;
;ACC09;WEGE3;1;3907;1687;1686;14.50;56651.50;24461.50;24447.00;
;ACC06;PETR4;1;4201;3370;3369;18.89;79356.89;63659.30;63640.41;
;ACC01;BBAS3;1;6939;5543;5542;18.49;128302.11;102490.07;102471.58;
;ACC10;PETR4;1;9555;2229;2228;17.08;163199.40;38071.32;38054.24;
;ACC08;WEGE3;2;8666;5010;5009;15.65;135622.90;78406.50;78390.85;
;ACC02;B3SA3;1;5054;4169;4168;18.36;92791.44;76542.84;76524.48;
;ACC08;BBDC4;1;8472;6666;6665;11.34;96072.48;75592.44;75581.10;
;ACC06;B3SA3;1;4751;4172;4171;11.38;54066.38;47477.36;47465.98;
;ACC02;ITUB4;2;4984;1629;1628;12.15;60555.60;19792.35;19780.20;
;ACC05;ITUB4;1;4831;1718;1717;15.24;73624.44;26182.32;26167.08;
;ACC03;VALE3;1;4453;1769;1768;12.10;53881.30;21404.90;21392.80;
;ACC10;PETR4;2;9201;448;447;11.01;101303.01;4932.48;4921.47;
;ACC01;B3SA3;1;8533;7658;7657;13.96;119120.68;106905.68;106891.72;
;ACC02;LREN3;2;9914;9021;9020;18.44;182814.16;166347.24;166328.80;
;ACC03;BBDC4;2;4121;2765;2764;17.20;70881.20;47558.00;47540.80;
;ACC08;PETR4;2;9027;2322;2321;18.82;169888.14;43700.04;43681.22;
;ACC09;LREN3;1;5290;2744;2743;13.56;71732.40;37208.64;37195.08;
;ACC10;ABEV3;2;3166;1210;1209;18.28;57874.48;22118.80;22100.52;
;ACC09;WEGE3;2;9812;9569;9568;10.94;107343.28;104684.86;104673.92;
;ACC05;ITUB4;1;8390;1325;1324;12.85;107811.50;17026.25;17013.40;
;ACC02;BBDC4;2;4143;1058;1057;17.15;71052.45;18144.70;18127.55;
;ACC07;LREN3;1;5269;2656;2655;11.62;61225.78;30862.72;30851.10;
;ACC10;MGLU3;1;8111;896;895;13.13;106497.43;11764.48;11751.35;
;ACC08;ITUB4;1;2655;456;455;18.52;49170.60;8445.12;8426.60;
;ACC08;B3SA3;1;8967;8071;8070;13.82;123923.94;111541.22;111527.40;
;ACC01;BBAS3;1;4221;2308;2307;19.66;82984.86;45375.28;45355.62;
;ACC10;ABEV3;1;9024;3694;3693;15.71;141767.04;58032.74;58017.03;
;ACC07;BBAS3;2;4978;4216;4215;11.23;55902.94;47345.68;47334.45;
;ACC07;BBAS3;2;6342;5473;5472;11.86;75216.12;64909.78;64897.92;
;ACC04;LREN3;1;9136;3894;3893;15.11;138044.96;58838.34;58823.23;
;ACC08;ABEV3;2;5602;2160;2159;18.21;102012.42;39333.60;39315.39;
;ACC08;MGLU3;2;6987;2356;2355;12.40;86638.80;29214.40;29202.00;
;ACC03;LREN3;1;5695;4969;4968;17.27;98352.65;85814.63;85797.36;
;ACC09;WEGE3;1;1188;384;383;16.95;20136.60;6508.80;6491.85;
;ACC08;MGLU3;1;5048;3849;3848;17.84;90056.32;68666.16;68648.32;
;ACC08;BBAS3;2;1062;320;319;13.99;14857.38;4476.80;4462.81;
;ACC03;ITUB4;1;5632;4883;4882;11.83;66626.56;57765.89;57754.06;
;ACC06;BBDC4;2;8579;1377;1376;11.08;95055.32;15257.16;15246.08;
;ACC08;MGLU3;1;2664;311;310;11.86;31595.04;3688.46;3676.60;
;ACC03;ITUB4;2;7286;4449;4448;11.44;83351.84;50896.56;50885.12;
;ACC06;LREN3;2;2899;2494;2493;15.78;45746.22;39355.32;39339.54;
;ACC07;BBAS3;1;1682;649;648;11.80;19847.60;7658.20;7646.40;
;ACC07;ABEV3;2;9820;3479;3478;16.76;164583.20;58308.04;58291.28;
;ACC01;VALE3;2;4993;1330;1329;19.92;99460.56;26493.60;26473.68;
;ACC04;BBDC4;2;6949;4538;4537;19.98;138841.02;90669.24;90649.26;
;ACC02;BBDC4;2;9101;7989;7988;19.00;172919.00;151791.00;151772.00;
;ACC01;LREN3;2;4681;651;650;19.72;92309.32;12837.72;12818.00;
;ACC09;MGLU3;2;3978;2318;2317;18.85;74985.30;43694.30;43675.45;
;ACC05;ITUB4;2;8730;7612;7611;12.78;111569.40;97281.36;97268.58;
;ACC04;BBAS3;2;4136;1787;1786;16.33;67540.88;29181.71;29165.38;
;ACC02;BBAS3;1;7347;5346;5345;17.07;125413.29;91256.22;91239.15;
;ACC05;PETR4;2;6012;3503;3502;19.81;119097.72;69394.43;69374.62;
;ACC01;B3SA3;2;2182;1208;1207;16.32;35610.24;19714.56;19698.24;
;ACC03;LREN3;2;4751;15;14;15.09;71692.59;226.35;211.26;
;ACC02;BBAS3;2;8926;8798;8797;14.74;131569.24;129682.52;129667.78;
;ACC01;MGLU3;2;8621;7998;7997;12.71;109572.91;101654.58;101641.87;
;ACC10;BBDC4;2;3389;2190;2189;17.49;59273.61;38303.10;38285.61;
;ACC01;B3SA3;2;3774;3321;3320;18.92;71404.08;62833.32;62814.40;
;ACC06;LREN3;1;5974;3970;3969;15.91;95046.34;63162.70;63146.79;
;ACC02;PETR4;1;7151;3512;3511;15.31;109481.81;53768.72;53753.41;
;ACC03;BBAS3;2;4363;2062;2061;18.41;80322.83;37961.42;37943.01;
;ACC03;BBDC4;1;3545;1469;1468;14.39;51012.55;21138.91;21124.52;
;ACC04;ABEV3;1;4271;2675;2674;10.68;45614.28;28569.00;28558.32;
;ACC08;VALE3;1;9983;8460;8459;11.07;110511.81;93652.20;93641.13;
;ACC01;ABEV3;2;9724;2392;2391;11.53;112117.72;27579.76;27568.23;
;ACC07;ITUB4;2;7316;7034;7033;12.37;90498.92;87010.58;86998.21;
;ACC04;ITUB4;2;1965;1261;1260;12.75;25053.75;16077.75;16065.00;
;ACC01;PETR4;2;9697;7728;7727;10.30;99879.10;79598.40;79588.10;
;ACC01;B3SA3;2;6956;4136;4135;14.27;99262.12;59020.72;59006.45;
;ACC08;ABEV3;2;2338;579;578;15.22;35584.36;8812.38;8797.16;
;ACC01;ITUB4;1;3995;2423;2422;18.26;72948.70;44243.98;44225.72;
;ACC08;LREN3;2;7601;6874;6873;19.63;149207.63;134936.62;134916.99;
;ACC05;B3SA3;1;8966;3702;3701;18.20;163181.20;67376.40;67358.20;
;ACC04;BBAS3;1;8241;2986;2985;14.76;121637.16;44073.36;44058.60;
;ACC07;ITUB4;1;1591;8;7;11.66;18551.06;93.28;81.62;
;ACC07;VALE3;2;3219;2511;2510;14.80;47641.20;37162.80;37148.00;
;ACC09;LREN3;1;8520;7245;7244;17.86;152167.20;129395.70;129377.84;
;ACC05;VALE3;2;5371;727;726;16.18;86902.78;11762.86;11746.68;
;ACC04;PETR4;2;3155;2294;2293;13.66;43097.30;31336.04;31322.38;
;ACC10;B3SA3;1;4323;1780;1779;11.81;51054.63;21021.80;21009.99;
;ACC03;LREN3;1;2324;266;265;14.10;32768.40;3750.60;3736.50;
;ACC05;WEGE3;1;5205;5041;5040;12.62;65687.10;63617.42;63604.80;
;ACC09;ITUB4;1;6949;2791;2790;16.20;112573.80;45214.20;45198.00;
;ACC05;ABEV3;1;3501;2153;2152;11.31;39596.31;24350.43;24339.12;
;ACC10;BBDC4;2;9584;7763;7762;17.00;162928.00;131971.00;131954.00;
;ACC02;LREN3;1;7075;5750;5749;15.67;110865.25;90102.50;90086.83;
;ACC08;LREN3;1;2383;1352;1351;19.61;46730.63;26512.72;26493.11;
;ACC07;VALE3;1;5988;1487;1486;11.40;68263.20;16951.80;16940.40;
;ACC05;BBDC4;1;5078;4916;4915;13.36;67842.08;65677.76;65664.40;
;ACC07;B3SA3;1;7481;2808;2807;16.70;124932.70;46893.60;46876.90;
;ACC05;WEGE3;2;6814;2013;2012;16.68;113657.52;33576.84;33560.16;
;ACC08;ITUB4;2;2854;1162;1161;13.70;39099.80;15919.40;15905.70;
;ACC01;ABEV3;2;6075;2901;2900;13.79;83774.25;40004.79;39991.00;
;ACC08;MGLU3;2;1091;824;823;13.90;15164.90;11453.60;11439.70;
;ACC07;BBDC4;1;7078;6779;6778;18.95;134128.10;128462.05;128443.10;
;ACC10;BBAS3;2;2853;2427;2426;17.71;50526.63;42982.17;42964.46;
;ACC06;B3SA3;1;7051;2863;2862;14.30;100829.30;40940.90;40926.60;
;ACC04;BBDC4;2;6253;2297;2296;10.27;64218.31;23590.19;23579.92;
;ACC02;MGLU3;2;1635;1481;1480;19.98;32667.30;29590.38;29570.40;
;ACC02;LREN3;2;3822;2347;2346;18.59;71050.98;43630.73;43612.14;
;ACC04;B3SA3;1;4722;1713;1712;17.57;82965.54;30097.41;30079.84;
;ACC09;BBAS3;1;9139;5785;5784;17.35;158561.65;100369.75;100352.40;
;ACC06;ITUB4;1;3569;1765;1764;10.70;38188.30;18885.50;18874.80;
;ACC10;ITUB4;2;8446;6606;6605;13.16;111149.36;86934.96;86921.80;
;ACC09;B3SA3;1;3236;1609;1608;18.66;60383.76;30023.94;30005.28;
;ACC05;ITUB4;1;1233;34;33;19.80;24413.40;673.20;653.40;
;ACC01;PETR4;2;7620;3213;3212;11.89;90601.80;38202.57;38190.68;
;ACC10;MGLU3;1;3911;2966;2965;19.25;75286.75;57095.50;57076.25;
;ACC08;PETR4;1;3253;899;898;10.39;33798.67;9340.61;9330.22;
;ACC01;PETR4;2;7970;5947;5946;15.81;126005.70;94022.07;94006.26;
;ACC06;LREN3;1;5944;3272;3271;18.63;110736.72;60957.36;60938.73;
;ACC05;MGLU3;2;9758;398;397;13.41;130854.78;5337.18;5323.77;
;ACC02;ITUB4;1;3974;3285;3284;14.54;57781.96;47763.90;47749.36;
;ACC03;ITUB4;1;1730;592;591;15.61;27005.30;9241.12;9225.51;
;ACC05;ABEV3;2;8685;6342;6341;11.63;101006.55;73757.46;73745.83;
;ACC07;BBDC4;1;2080;270;269;10.95;22776.00;2956.50;2945.55;
;ACC02;MGLU3;1;3134;2763;2762;18.35;57508.90;50701.05;50682.70;
;ACC07;MGLU3;1;4533;2733;2732;10.24;46417.92;27985.92;27975.68;
;ACC04;WEGE3;2;3875;2851;2850;12.15;47081.25;34639.65;34627.50;
;ACC05;WEGE3;2;1506;426;425;13.57;20436.42;5780.82;5767.25;
;ACC08;BBDC4;1;4446;3957;3956;10.66;47394.36;42181.62;42170.96;
;ACC05;PETR4;2;3467;3455;3454;12.03;41708.01;41563.65;41551.62;
;ACC01;MGLU3;1;1025;68;67;16.86;17281.50;1146.48;1129.62;
;ACC02;BBAS3;2;2002;1432;1431;17.21;34454.42;24644.72;24627.51;
;ACC08;BBDC4;2;4592;3364;3363;18.48;84860.16;62166.72;62148.24;
;ACC05;PETR4;1;1073;303;302;12.82;13755.86;3884.46;3871.64;
;ACC01;LREN3;1;8060;263;262;10.53;84871.80;2769.39;2758.86;
;ACC07;WEGE3;1;7003;4030;4029;13.37;93630.11;53881.10;53867.73;
;ACC01;LREN3;2;3177;1121;1120;12.04;38251.08;13496.84;13484.80;
;ACC05;B3SA3;2;4571;4017;4016;17.31;79124.01;69534.27;69516.96;
;ACC10;B3SA3;1;5065;2976;2975;10.50;53182.50;31248.00;31237.50;
;ACC03;BBAS3;2;1419;1324;1323;14.43;20476.17;19105.32;19090.89;
;ACC09;PETR4;1;3949;1957;1956;10.35;40872.15;20254.95;20244.60;
;ACC08;PETR4;1;4037;2300;2299;19.96;80578.52;45908.00;45888.04;
;ACC02;LREN3;2;4746;236;235;13.95;66206.70;3292.20;3278.25;
;ACC03;PETR4;2;8572;4639;4638;10.31;88377.32;47828.09;47817.78;
;ACC08;ABEV3;1;5192;4719;4718;16.31;84681.52;76966.89;76950.58;
;ACC08;B3SA3;2;5803;3215;3214;17.64;102364.92;56712.60;56694.96;
;ACC05;ABEV3;1;7572;7532;7531;17.14;129784.08;129098.48;129081.34;
;ACC04;BBAS3;1;9396;8774;8773;13.41;126000.36;117659.34;117645.93;
;ACC07;BBAS3;2;4182;1273;1272;16.37;68459.34;20839.01;20822.64;
;ACC05;MGLU3;2;6201;312;311;13.06;80985.06;4074.72;4061.66;
;ACC07;BBAS3;1;7235;4030;4029;11.76;85083.60;47392.80;47381.04;
;ACC05;PETR4;1;4469;1029;1028;16.84;75257.96;17328.36;17311.52;
;ACC10;VALE3;2;6699;3582;3581;19.78;132506.22;70851.96;70832.18;
;ACC06;BBDC4;2;7811;3202;3201;14.12;110291.32;45212.24;45198.12;
;ACC05;PETR4;2;3547;692;691;13.33;47281.51;9224.36;9211.03;
;ACC03;PETR4;2;9236;1751;1750;11.05;102057.80;19348.55;19337.50;
;ACC03;B3SA3;1;7715;2370;2369;12.45;96051.75;29506.50;29494.05;
;ACC05;LREN3;2;5700;2404;2403;14.03;79971.00;33728.12;33714.09;
;ACC10;LREN3;1;8495;2771;2770;16.71;141951.45;46303.41;46286.70;
;ACC06;PETR4;2;5717;150;149;13.73;78494.41;2059.50;2045.77;
;ACC07;BBAS3;2;9434;9110;9109;10.31;97264.54;93924.10;93913.79;
;ACC07;LREN3;1;4002;3172;3171;17.23;68954.46;54653.56;54636.33;
;ACC02;PETR4;2;7845;1074;1073;13.63;106927.35;14638.62;14624.99;
;ACC04;B3SA3;1;3172;218;217;17.99;57064.28;3921.82;3903.83;
;ACC10;LREN3;2;3099;1844;1843;17.28;53550.72;31864.32;31847.04;
;ACC02;VALE3;1;5647;65;64;16.15;91199.05;1049.75;1033.60;
;ACC09;BBDC4;2;9599;4338;4337;17.32;166254.68;75134.16;75116.84;
;ACC02;BBDC4;2;6541;3327;3326;13.96;91312.36;46444.92;46430.96;
;ACC10;PETR4;2;5620;4949;4948;12.79;71879.80;63297.71;63284.92;
;ACC06;B3SA3;2;4385;3139;3138;13.82;60600.70;43380.98;43367.16;
;ACC07;ABEV3;1;6195;2081;2080;19.18;118820.10;39913.58;39894.40;
;ACC10;BBAS3;2;9668;41;40;18.65;180308.20;764.65;746.00;
;ACC01;WEGE3;1;7551;4646;4645;13.92;105109.92;64672.32;64658.40;
;ACC07;B3SA3;1;9250;3748;3747;17.24;159470.00;64615.52;64598.28;
;ACC08;BBDC4;1;3427;3192;3191;12.61;43214.47;40251.12;40238.51;
;ACC03;BBAS3;2;8005;4179;4178;19.12;153055.60;79902.48;79883.36;
;ACC04;VALE3;1;8194;1391;1390;17.04;139625.76;23702.64;23685.60;
;ACC05;VALE3;2;9375;2154;2153;16.64;156000.00;35842.56;35825.92;
;ACC07;WEGE3;1;1237;1035;1034;18.75;23193.75;19406.25;19387.50;
;ACC05;BBAS3;1;9099;2509;2508;13.97;127113.03;35050.73;35036.76;
;ACC09;PETR4;2;2807;2374;2373;14.07;39494.49;33402.18;33388.11;
;ACC05;MGLU3;2;9900;2695;2694;15.47;153153.00;41691.65;41676.18;
;ACC01;ITUB4;1;2043;578;577;19.48;39797.64;11259.44;11239.96;
;ACC10;MGLU3;1;4860;2945;2944;18.23;88597.80;53687.35;53669.12;
;ACC06;BBAS3;2;1883;16;15;18.29;34440.07;292.64;274.35;
;ACC07;VALE3;1;7165;6124;6123;16.32;116932.80;99943.68;99927.36;
;ACC02;BBAS3;2;4826;3198;3197;12.33;59504.58;39431.34;39419.01;
;ACC03;MGLU3;1;5122;250;249;16.45;84256.90;4112.50;4096.05;
;ACC06;ABEV3;2;5186;3846;3845;14.73;76389.78;56651.58;56636.85;
;ACC10;WEGE3;1;7470;6296;6295;17.57;131247.90;110620.72;110603.15;
;ACC06;VALE3;2;1870;1227;1226;12.53;23431.10;15374.31;15361.78;
;ACC03;BBAS3;1;3363;1155;1154;19.20;64569.60;22176.00;22156.80;
;ACC05;VALE3;2;6256;3971;3970;10.10;63185.60;40107.10;40097.00;
;ACC06;MGLU3;1;3651;2327;2326;15.90;58050.90;36999.30;36983.40;
;ACC09;MGLU3;2;1491;576;575;17.16;25585.56;9884.16;9867.00;
;ACC09;BBAS3;2;1585;580;579;17.82;28244.70;10335.60;10317.78;
;ACC09;PETR4;2;9921;3299;3298;17.37;172327.77;57303.63;57286.26;
;ACC09;PETR4;1;7928;7181;7180;19.61;155468.08;140819.41;140799.80;
;ACC09;LREN3;2;3133;1038;1037;16.30;51067.90;16919.40;16903.10;
;ACC02;MGLU3;1;8649;4102;4101;12.61;109063.89;51726.22;51713.61;
;ACC05;PETR4;1;6681;974;973;19.79;132216.99;19275.46;19255.67;
;ACC02;LREN3;2;7624;6911;6910;17.78;135554.72;122877.58;122859.80;
;ACC01;BBDC4;2;5855;4401;4400;16.33;95612.15;71868.33;71852.00;
;ACC07;ITUB4;1;4071;2773;2772;19.16;78000.36;53130.68;53111.52;
;ACC03;LREN3;1;7747;4040;4039;19.65;152228.55;79386.00;79366.35;
;ACC03;ITUB4;1;3105;1627;1626;10.23;31764.15;16644.21;16633.98;
;ACC01;PETR4;1;4671;3343;3342;10.18;47550.78;34031.74;34021.56;
;ACC03;LREN3;1;8671;5685;5684;18.17;157552.07;103296.45;103278.28;
;ACC05;ABEV3;2;2549;183;182;16.41;41829.09;3003.03;2986.62;
;ACC06;VALE3;1;9877;4910;4909;13.28;131166.56;65204.80;65191.52;
;ACC07;PETR4;1;8087;7476;7475;19.82;160284.34;148174.32;148154.50;
;ACC07;ITUB4;1;6877;3817;3816;13.50;92839.50;51529.50;51516.00;
;ACC10;BBDC4;1;7057;3772;3771;19.59;138246.63;73893.48;73873.89;
;ACC03;VALE3;1;4729;2384;2383;16.40;77555.60;39097.60;39081.20;
;ACC08;BBAS3;1;1149;979;978;15.65;17981.85;15321.35;15305.70;
;ACC06;LREN3;1;7101;435;434;13.55;96218.55;5894.25;5880.70;
;ACC06;B3SA3;2;3357;1767;1766;11.13;37363.41;19666.71;19655.58;
;ACC01;PETR4;1;7570;5186;5185;14.60;110522.00;75715.60;75701.00;
;ACC10;BBAS3;1;8035;5811;5810;18.08;145272.80;105062.88;105044.80;
;ACC10;BBAS3;2;3546;873;872;10.99;38970.54;9594.27;9583.28;
;ACC02;ABEV3;1;5793;740;739;19.87;115106.91;14703.80;14683.93;
;ACC09;BBDC4;1;4904;3343;3342;11.82;57965.28;39514.26;39502.44;
;ACC04;VALE3;1;6503;368;367;15.58;101316.74;5733.44;5717.86;
;ACC01;MGLU3;1;3950;2184;2183;16.60;65570.00;36254.40;36237.80;
;ACC06;BBDC4;1;1905;845;844;18.31;34880.55;15471.95;15453.64;
;ACC09;PETR4;1;4277;1850;1849;14.84;63470.68;27454.00;27439.16;
;ACC09;BBAS3;1;4457;1219;1218;18.07;80537.99;22027.33;22009.26;
;ACC01;BBDC4;1;8120;4253;4252;12.19;98982.80;51844.07;51831.88;
;ACC08;WEGE3;2;3715;749;748;18.15;67427.25;13594.35;13576.20;
;ACC09;VALE3;1;2897;1001;1000;19.32;55970.04;19339.32;19320.00;
;ACC03;LREN3;2;1665;1085;1084;16.67;27755.55;18086.95;18070.28;
;ACC10;ABEV3;2;7460;4078;4077;18.93;141217.80;77196.54;77177.61;
;ACC05;B3SA3;2;8557;97;96;18.41;157534.37;1785.77;1767.36;
;ACC08;VALE3;1;3010;1936;1935;18.27;54992.70;35370.72;35352.45;
;ACC08;BBAS3;2;4786;2958;2957;10.51;50300.86;31088.58;31078.07;
;ACC09;LREN3;2;2966;1145;1144;17.07;50629.62;19545.15;19528.08;
;ACC07;MGLU3;1;9634;3186;3185;18.18;175146.12;57921.48;57903.30;
;ACC10;B3SA3;2;2202;745;744;13.21;29088.42;9841.45;9828.24;
;ACC08;BBDC4;1;6735;4716;4715;19.16;129042.60;90358.56;90339.40;
;ACC06;BBAS3;2;5394;2552;2551;11.20;60412.80;28582.40;28571.20;
;ACC08;ABEV3;2;6309;4360;4359;17.86;112678.74;77869.60;77851.74;
;ACC03;BBAS3;1;5143;3760;3759;10.48;53898.64;39404.80;39394.32;
;ACC09;PETR4;2;7246;4277;4276;13.06;94632.76;55857.62;55844.56;
;ACC05;B3SA3;2;3204;200;199;13.92;44599.68;2784.00;2770.08;
;ACC08;BBAS3;2;5164;2543;2542;15.06;77769.84;38297.58;38282.52;
;ACC05;ITUB4;1;1067;413;412;18.41;19643.47;7603.33;7584.92;
;ACC03;B3SA3;2;2753;1750;1749;11.07;30475.71;19372.50;19361.43;
;ACC08;ABEV3;2;5575;2769;2768;12.78;71248.50;35387.82;35375.04;
;ACC02;WEGE3;1;4401;2658;2657;19.98;87931.98;53106.84;53086.86;
;ACC10;ITUB4;1;3363;1801;1800;10.27;34538.01;18496.27;18486.00;
;ACC01;ITUB4;2;7013;1126;1125;19.99;140189.87;22508.74;22488.75;
;ACC10;ITUB4;2;2729;92;91;15.47;42217.63;1423.24;1407.77;
;ACC03;LREN3;1;8193;6986;6985;15.45;126581.85;107933.70;107918.25;
;ACC05;BBAS3;2;7795;1885;1884;18.10;141089.50;34118.50;34100.40;
;ACC06;ABEV3;2;1343;406;405;11.28;15149.04;4579.68;4568.40;
;ACC07;MGLU3;2;7148;1733;1732;18.50;132238.00;32060.50;32042.00;
;ACC04;VALE3;1;6912;228;227;16.45;113702.40;3750.60;3734.15;
;ACC02;WEGE3;1;9119;7;6;12.29;112072.51;86.03;73.74;
;ACC09;WEGE3;1;4529;1141;1140;19.74;89402.46;22523.34;22503.60;
;ACC03;BBAS3;1;3110;1011;1010;13.99;43508.90;14143.89;14129.90;
;ACC01;BBDC4;1;5298;3546;3545;14.29;75708.42;50672.34;50658.05;
;ACC06;ITUB4;2;5155;789;788;12.02;61963.10;9483.78;9471.76;
;ACC10;VALE3;1;3536;1340;1339;19.31;68280.16;25875.40;25856.09;
;ACC05;LREN3;1;4633;2475;2474;19.98;92567.34;49450.50;49430.52;
;ACC09;PETR4;2;8571;4328;4327;10.27;88024.17;44448.56;44438.29;
;ACC09;B3SA3;2;5787;4922;4921;11.54;66781.98;56799.88;56788.34;
;ACC09;BBAS3;1;6008;627;626;10.97;65907.76;6878.19;6867.22;
;ACC07;ABEV3;1;3219;2963;2962;18.92;60903.48;56059.96;56041.04;
;ACC01;B3SA3;2;4071;1848;1847;13.98;56912.58;25835.04;25821.06;
;ACC01;VALE3;2;9827;2551;2550;17.22;169220.94;43928.22;43911.00;
;ACC02;MGLU3;1;9676;8138;8137;17.63;170587.88;143472.94;143455.31;
;ACC07;MGLU3;2;9710;3905;3904;19.55;189830.50;76342.75;76323.20;
;ACC07;PETR4;2;1954;1640;1639;11.15;21787.10;18286.00;18274.85;
;ACC09;LREN3;2;5862;4701;4700;10.42;61082.04;48984.42;48974.00;
;ACC08;B3SA3;1;6218;1762;1761;11.17;69455.06;19681.54;19670.37;
;ACC10;LREN3;2;4999;1988;1987;17.06;85282.94;33915.28;33898.22;
;ACC03;ITUB4;1;6303;601;600;16.06;101226.18;9652.06;9636.00;
;ACC05;ITUB4;1;5042;4828;4827;11.27;56823.34;54411.56;54400.29;
;ACC10;BBDC4;2;4717;4691;4690;16.49;77783.33;77354.59;77338.10;
;ACC02;PETR4;1;8154;682;681;16.60;135356.40;11321.20;11304.60;
;ACC01;ITUB4;1;5060;52;51;13.51;68360.60;702.52;689.01;
;ACC05;ABEV3;1;1473;848;847;18.15;26734.95;15391.20;15373.05;
;ACC09;LREN3;1;1168;654;653;17.67;20638.56;11556.18;11538.51;
;ACC03;VALE3;2;2035;516;515;15.10;30728.50;7791.60;7776.50;
;ACC03;ITUB4;2;2604;1256;1255;15.41;40127.64;19354.96;19339.55;
;ACC03;BBAS3;1;8504;5949;5948;18.07;153667.28;107498.43;107480.36;
;ACC01;B3SA3;2;9945;8025;8024;11.21;111483.45;89960.25;89949.04;
;ACC08;BBAS3;2;4389;3055;3054;16.44;72155.16;50224.20;50207.76;
;ACC10;B3SA3;1;1802;1648;1647;16.87;30399.74;27801.76;27784.89;
;ACC10;ITUB4;1;3044;1262;1261;12.84;39084.96;16204.08;16191.24;
;ACC10;MGLU3;2;6354;5045;5044;11.26;71546.04;56806.70;56795.44;
;ACC03;ABEV3;2;7030;1234;1233;14.84;104325.20;18312.56;18297.72;
;ACC10;PETR4;2;9643;2973;2972;16.93;163255.99;50332.89;50315.96;
;ACC08;LREN3;1;3447;3368;3367;16.06;55358.82;54090.08;54074.02;
;ACC02;BBDC4;1;2104;558;557;12.03;25311.12;6712.74;6700.71;
;ACC08;PETR4;1;8601;1339;1338;11.72;100803.72;15693.08;15681.36;
;ACC06;B3SA3;1;3995;3677;3676;18.81;75145.95;69164.37;69145.56;
;ACC05;LREN3;1;8870;3921;3920;15.96;141565.20;62579.16;62563.20;
;ACC06;MGLU3;1;3271;69;68;12.20;39906.20;841.80;829.60;
;ACC03;ITUB4;1;2257;563;562;10.76;24285.32;6057.88;6047.12;
;ACC08;BBDC4;2;6006;1680;1679;14.74;88528.44;24763.20;24748.46;
;ACC04;ABEV3;1;6541;4295;4294;18.99;124213.59;81562.05;81543.06;
;ACC10;PETR4;1;8003;2597;2596;16.40;131249.20;42590.80;42574.40;
;ACC03;B3SA3;2;6108;2645;2644;16.30;99560.40;43113.50;43097.20;
;ACC10;VALE3;2;5617;4577;4576;10.41;58472.97;47646.57;47636.16;
;ACC05;BBAS3;1;8312;4566;4565;19.34;160754.08;88306.44;88287.10;
;ACC02;LREN3;1;4248;3848;3847;18.82;79947.36;72419.36;72400.54;
;ACC01;BBAS3;2;8860;2813;2812;10.15;89929.00;28551.95;28541.80;
;ACC03;WEGE3;2;8613;175;174;13.88;119548.44;2429.00;2415.12;
;ACC06;ABEV3;1;9018;2739;2738;19.16;172784.88;52479.24;52460.08;
;ACC03;ABEV3;1;2458;2039;2038;13.80;33920.40;28138.20;28124.40;
;ACC08;MGLU3;2;9062;8490;8489;11.59;105028.58;98399.10;98387.51;
;ACC09;WEGE3;1;7729;5797;5796;14.19;109674.51;82259.43;82245.24;
;ACC06;B3SA3;2;8009;5452;5451;14.70;117732.30;80144.40;80129.70;
;ACC09;ABEV3;2;2669;254;253;18.58;49590.02;4719.32;4700.74;
;ACC08;BBDC4;1;4478;2597;2596;15.77;70618.06;40954.69;40938.92;
;ACC02;MGLU3;2;3280;1396;1395;14.45;47396.00;20172.20;20157.75;
;ACC01;MGLU3;2;5408;2844;2843;13.19;71331.52;37512.36;37499.17;
;ACC06;BBAS3;1;9261;8641;8640;13.06;120948.66;112851.46;112838.40;
;ACC03;VALE3;1;8888;4219;4218;15.44;137230.72;65141.36;65125.92;
;ACC05;ITUB4;1;7611;942;941;12.29;93539.19;11577.18;11564.89;
;ACC04;B3SA3;1;3538;1731;1730;11.69;41359.22;20235.39;20223.70;
;ACC07;VALE3;1;8046;5685;5684;16.12;129701.52;91642.20;91626.08;
;ACC05;PETR4;1;8850;383;382;15.78;139653.00;6043.74;6027.96;
;ACC02;BBAS3;1;1752;486;485;10.23;17922.96;4971.78;4961.55;
;ACC04;WEGE3;1;7158;1011;1010;19.35;138507.30;19562.85;19543.50;
;ACC06;PETR4;1;6202;6124;6123;18.07;112070.14;110660.68;110642.61;
;ACC07;B3SA3;1;1912;38;37;16.52;31586.24;627.76;611.24;
;ACC05;B3SA3;1;3624;3115;3114;19.07;69109.68;59403.05;59383.98;
;ACC04;B3SA3;1;1722;1463;1462;17.01;29291.22;24885.63;24868.62;
;ACC03;MGLU3;1;4340;523;522;19.27;83631.80;10078.21;10058.94;
;ACC09;B3SA3;2;2687;1345;1344;15.12;40627.44;20336.40;20321.28;
;ACC06;VALE3;1;9847;1420;1419;10.53;103688.91;14952.60;14942.07;
;ACC10;LREN3;1;6938;3288;3287;17.54;121692.52;57671.52;57653.98;
;ACC10;ITUB4;1;7710;5122;5121;11.88;91594.80;60849.36;60837.48;
;ACC10;B3SA3;1;6044;5274;5273;19.80;119671.20;104425.20;104405.40;
;ACC10;ABEV3;1;3545;1434;1433;19.20;68064.00;27532.80;27513.60;
;ACC04;VALE3;2;6457;3105;3104;13.82;89235.74;42911.10;42897.28;
;ACC04;LREN3;2;3020;2009;2008;11.82;35696.40;23746.38;23734.56;
;ACC01;VALE3;1;2875;127;126;11.41;32803.75;1449.07;1437.66;
;ACC02;BBDC4;2;7386;5686;5685;17.29;127703.94;98310.94;98293.65;
;ACC05;BBDC4;1;9501;2243;2242;11.07;105176.07;24830.01;24818.94;
;ACC09;LREN3;1;1092;376;375;17.71;19339.32;6658.96;6641.25;
;ACC04;ITUB4;2;2697;133;132;18.04;48653.88;2399.32;2381.28;
;ACC09;VALE3;1;4022;3970;3969;14.06;56549.32;55818.20;55804.14;
;ACC09;VALE3;1;7289;5018;5017;19.98;145634.22;100259.64;100239.66;
;ACC05;LREN3;1;9657;5371;5370;16.89;163106.73;90716.19;90699.30;
;ACC05;WEGE3;1;2136;129;128;13.00;27768.00;1677.00;1664.00;
;ACC02;MGLU3;1;4528;1270;1269;14.70;66561.60;18669.00;18654.30;
;ACC06;WEGE3;1;9048;498;497;15.75;142506.00;7843.50;7827.75;
;ACC09;VALE3;2;3550;1339;1338;13.51;47960.50;18089.89;18076.38;
;ACC06;PETR4;2;8909;5536;5535;11.07;98622.63;61283.52;61272.45;
;ACC04;BBAS3;1;7558;99;98;13.87;104829.46;1373.13;1359.26;
;ACC07;BBAS3;1;8831;5219;5218;17.88;157898.28;93315.72;93297.84;
;ACC01;BBDC4;1;6625;2806;2805;13.75;91093.75;38582.50;38568.75;
;ACC02;BBDC4;1;9051;4244;4243;18.09;163732.59;76773.96;76755.87;
;ACC08;VALE3;2;6954;1176;1175;18.77;130526.58;22073.52;22054.75;
;ACC08;BBAS3;2;7019;6764;6763;15.80;110900.20;106871.20;106855.40;
;ACC01;ABEV3;1;2700;2596;2595;13.01;35127.00;33773.96;33760.95;
;ACC01;ABEV3;1;1272;296;295;18.92;24066.24;5600.32;5581.40;
;ACC09;ABEV3;1;2842;232;231;16.83;47830.86;3904.56;3887.73;
;ACC03;BBDC4;1;3926;705;704;15.31;60107.06;10793.55;10778.24;
;ACC08;PETR4;2;4309;2065;2064;10.23;44081.07;21124.95;21114.72;
;ACC03;BBAS3;1;8447;3164;3163;18.61;157198.67;58882.04;58863.43;
;ACC05;MGLU3;2;1360;567;566;12.84;17462.40;7280.28;7267.44;
;ACC02;BBAS3;1;9989;8619;8618;10.85;108380.65;93516.15;93505.30;
;ACC08;B3SA3;1;7110;4668;4667;14.28;101530.80;66659.04;66644.76;
;ACC01;B3SA3;1;2179;453;452;12.00;26148.00;5436.00;5424.00;
;ACC04;LREN3;2;5689;568;567;10.85;61725.65;6162.80;6151.95;
;ACC06;WEGE3;2;6868;2477;2476;18.62;127882.16;46121.74;46103.12;
;ACC09;MGLU3;1;2044;1543;1542;17.42;35606.48;26879.06;26861.64;
;ACC03;BBAS3;2;8322;7907;7906;16.60;138145.20;131256.20;131239.60;
;ACC08;PETR4;1;3145;2141;2140;15.44;48558.80;33057.04;33041.60;
;ACC09;BBAS3;1;7719;3872;3871;15.43;119104.17;59744.96;59729.53;
;ACC01;B3SA3;1;7635;4580;4579;10.81;82534.35;49509.80;49498.99;
;ACC09;ITUB4;1;6446;539;538;13.73;88503.58;7400.47;7386.74;
;ACC07;B3SA3;1;9196;5515;5514;17.71;162861.16;97670.65;97652.94;
;ACC07;B3SA3;2;2738;1678;1677;18.51;50680.38;31059.78;31041.27;
;ACC07;MGLU3;1;7551;1930;1929;17.09;129046.59;32983.70;32966.61;
;ACC06;ITUB4;2;5516;1143;1142;13.10;72259.60;14973.30;14960.20;
;ACC02;PETR4;1;2734;1869;1868;10.77;29445.18;20129.13;20118.36;
;ACC05;BBAS3;2;3873;3655;3654;10.99;42564.27;40168.45;40157.46;
;ACC03;PETR4;1;9964;716;715;15.07;150157.48;10790.12;10775.05;
;ACC10;ITUB4;1;8793;2847;2846;15.61;137258.73;44441.67;44426.06;
;ACC06;WEGE3;2;6155;4112;4111;19.79;121807.45;81376.48;81356.69;
;ACC03;ABEV3;1;7103;4510;4509;18.31;130055.93;82578.10;82559.79;
;ACC01;PETR4;2;4757;2596;2595;11.43;54372.51;29672.28;29660.85;
;ACC07;MGLU3;1;9359;2729;2728;19.52;182687.68;53270.08;53250.56;
;ACC02;BBAS3;2;2678;1464;1463;11.65;31198.70;17055.60;17043.95;
;ACC03;B3SA3;1;7298;6645;6644;10.39;75826.22;69041.55;69031.16;
;ACC04;BBDC4;1;9184;1121;1120;14.57;133810.88;16332.97;16318.40;
;ACC08;WEGE3;2;8291;3854;3853;14.91;123618.81;57463.14;57448.23;
;ACC06;ITUB4;1;5381;4971;4970;19.19;103261.39;95393.49;95374.30;
;ACC02;MGLU3;2;4228;2889;2888;14.67;62024.76;42381.63;42366.96;
;ACC02;WEGE3;2;9240;4040;4039;15.42;142480.80;62296.80;62281.38;
;ACC05;LREN3;1;4153;572;571;11.49;47717.97;6572.28;6560.79;
;ACC08;ITUB4;2;7914;7492;7491;14.94;118235.16;111930.48;111915.54;
;ACC02;ITUB4;1;5571;1107;1106;14.91;83063.61;16505.37;16490.46;
;ACC07;WEGE3;2;4856;29;28;10.44;50696.64;302.76;292.32;
;ACC10;B3SA3;2;3020;1904;1903;14.74;44514.80;28064.96;28050.22;
;ACC04;ITUB4;2;8603;812;811;19.49;167672.47;15825.88;15806.39;
;ACC03;WEGE3;2;6249;2428;2427;10.86;67864.14;26368.08;26357.22;
;ACC04;WEGE3;2;2685;2022;2021;11.59;31119.15;23434.98;23423.39;
;ACC01;LREN3;1;4058;2492;2491;15.29;62046.82;38102.68;38087.39;
;ACC09;ITUB4;2;8338;5418;5417;19.46;162257.48;105434.28;105414.82;
;ACC04;LREN3;1;8691;3060;3059;13.74;119414.34;42044.40;42030.66;
;ACC05;VALE3;1;4700;3589;3588;18.45;86715.00;66217.05;66198.60;
;ACC05;MGLU3;2;9342;3123;3122;16.73;156291.66;52247.79;52231.06;
;ACC10;BBAS3;1;2964;1828;1827;19.92;59042.88;36413.76;36393.84;
;ACC07;MGLU3;1;6205;2686;2685;12.50;77562.50;33575.00;33562.50;
;ACC02;B3SA3;2;9511;1960;1959;17.37;165206.07;34045.20;34027.83;
;ACC06;MGLU3;2;3403;3283;3282;16.67;56728.01;54727.61;54710.94;
;ACC06;WEGE3;2;1886;22;21;16.49;31100.14;362.78;346.29;
;ACC04;ITUB4;1;9915;5086;5085;15.98;158441.70;81274.28;81258.30;
;ACC08;ABEV3;2;6843;3465;3464;12.65;86563.95;43832.25;43819.60;
;ACC02;BBAS3;1;2023;877;876;16.13;32630.99;14146.01;14129.88;
;ACC01;BBAS3;1;1442;828;827;12.00;17304.00;9936.00;9924.00;
;ACC04;VALE3;2;7041;4584;4583;15.82;111388.62;72518.88;72503.06;
;ACC01;MGLU3;1;2740;1289;1288;14.90;40826.00;19206.10;19191.20;
;ACC08;LREN3;1;4036;3450;3449;12.27;49521.72;42331.50;42319.23;
;ACC05;BBAS3;1;7285;6485;6484;12.65;92155.25;82035.25;82022.60;
;ACC05;WEGE3;2;9867;7015;7014;15.19;149879.73;106557.85;106542.66;
;ACC05;WEGE3;2;1390;1259;1258;11.36;15790.40;14302.24;14290.88;
;ACC02;MGLU3;1;6039;1907;1906;19.43;117337.77;37053.01;37033.58;
;ACC02;WEGE3;2;8874;7959;7958;18.82;167008.68;149788.38;149769.56;
;ACC05;ITUB4;1;4812;2860;2859;18.41;88588.92;52652.60;52634.19;
;ACC08;LREN3;2;4445;2332;2331;13.34;59296.30;31108.88;31095.54;
;ACC02;ITUB4;1;4812;897;896;13.48;64865.76;12091.56;12078.08;
;ACC08;BBAS3;2;1903;1791;1790;15.38;29268.14;27545.58;27530.20;
;ACC05;B3SA3;1;1194;1170;1169;16.32;19486.08;19094.40;19078.08;
;ACC05;B3SA3;1;6140;2054;2053;15.76;96766.40;32371.04;32355.28;
;ACC07;BBAS3;1;7584;5350;5349;14.51;110043.84;77628.50;77613.99;
;ACC08;VALE3;2;4151;950;949;16.64;69072.64;15808.00;15791.36;
;ACC03;WEGE3;2;1272;462;461;12.48;15874.56;5765.76;5753.28;
;ACC09;B3SA3;1;8561;4399;4398;13.69;117200.09;60222.31;60208.62;
;ACC05;VALE3;2;5125;1725;1724;12.82;65702.50;22114.50;22101.68;
;ACC03;LREN3;2;8085;363;362;10.83;87560.55;3931.29;3920.46;
;ACC03;WEGE3;2;3265;1645;1644;15.25;49791.25;25086.25;25071.00;
;ACC03;BBAS3;1;9927;9695;9694;10.99;109097.73;106548.05;106537.06;
;ACC08;BBAS3;2;1927;844;843;13.25;25532.75;11183.00;11169.75;
;ACC05;BBDC4;1;4711;4012;4011;19.13;90121.43;76749.56;76730.43;
;ACC01;B3SA3;2;6138;5590;5589;10.59;65001.42;59198.10;59187.51;
;ACC05;VALE3;2;5097;717;716;16.08;81959.76;11529.36;11513.28;
;ACC01;WEGE3;1;2860;2461;2460;12.80;36608.00;31500.80;31488.00;
;ACC04;BBAS3;2;4527;581;580;14.35;64962.45;8337.35;8323.00;
;ACC06;PETR4;2;6592;33;32;10.79;71127.68;356.07;345.28;
;ACC06;MGLU3;2;9916;2881;2880;19.66;194948.56;56640.46;56620.80;
;ACC08;ABEV3;2;7663;6675;6674;16.65;127588.95;111138.75;111122.10;
;ACC06;BBDC4;1;5315;3619;3618;14.07;74782.05;50919.33;50905.26;
;ACC04;B3SA3;1;6805;3621;3620;13.93;94793.65;50440.53;50426.60;
;ACC09;ABEV3;2;1421;1278;1277;19.62;27880.02;25074.36;25054.74;
;ACC05;ITUB4;2;8515;4200;4199;17.34;147650.10;72828.00;72810.66;
;ACC07;WEGE3;2;3621;3050;3049;13.43;48630.03;40961.50;40948.07;
;ACC01;MGLU3;2;5406;4723;4722;19.19;103741.14;90634.37;90615.18;
;ACC04;LREN3;2;9478;5571;5570;17.95;170130.10;99999.45;99981.50;
;ACC06;BBAS3;1;7094;2264;2263;12.48;88533.12;28254.72;28242.24;
;ACC04;LREN3;2;9722;1443;1442;12.49;121427.78;18023.07;18010.58;
;ACC02;BBAS3;1;3951;1600;1599;13.03;51481.53;20848.00;20834.97;
;ACC09;PETR4;2;3052;2844;2843;14.71;44894.92;41835.24;41820.53;
;ACC04;PETR4;1;4514;2611;2610;15.59;70373.26;40705.49;40689.90;
;ACC05;BBAS3;2;2526;413;412;13.09;33065.34;5406.17;5393.08;
;ACC01;B3SA3;1;8796;8368;8367;11.12;97811.52;93052.16;93041.04;
;ACC10;ABEV3;2;7843;4161;4160;14.15;110978.45;58878.15;58864.00;
;ACC02;VALE3;2;3893;2877;2876;15.39;59913.27;44277.03;44261.64;
;ACC06;VALE3;1;3877;2421;2420;10.39;40282.03;25154.19;25143.80;
;ACC04;BBAS3;2;8256;2028;2027;11.09;91559.04;22490.52;22479.43;
;ACC07;LREN3;1;2663;2302;2301;17.81;47428.03;40998.62;40980.81;
;ACC09;BBAS3;2;3257;2975;2974;18.35;59765.95;54591.25;54572.90;
;ACC10;MGLU3;1;1227;193;192;13.86;17006.22;2674.98;2661.12;
;ACC04;BBAS3;2;3921;3714;3713;11.18;43836.78;41522.52;41511.34;
;ACC07;MGLU3;2;9611;7540;7539;19.75;189817.25;148915.00;148895.25;
;ACC05;BBDC4;1;6371;1854;1853;19.55;124553.05;36245.70;36226.15;
;ACC09;ABEV3;1;8763;2246;2245;12.94;113393.22;29063.24;29050.30;
;ACC09;WEGE3;1;1898;1402;1401;19.62;37238.76;27507.24;27487.62;
;ACC09;BBAS3;1;8509;1189;1188;18.81;160054.29;22365.09;22346.28;
;ACC07;WEGE3;2;3263;531;530;16.93;55242.59;8989.83;8972.90;
;ACC06;ITUB4;1;9723;2018;2017;12.22;118815.06;24659.96;24647.74;
;ACC07;WEGE3;1;2622;471;470;19.91;52204.02;9377.61;9357.70;
;ACC01;VALE3;2;7536;3176;3175;12.98;97817.28;41224.48;41211.50;
;ACC10;WEGE3;1;2017;246;245;13.76;27753.92;3384.96;3371.20;
;ACC01;LREN3;2;4877;518;517;11.16;54427.32;5780.88;5769.72;
;ACC07;BBDC4;1;8842;4053;4052;16.82;148722.44;68171.46;68154.64;
;ACC06;MGLU3;2;2199;160;159;10.82;23793.18;1731.20;1720.38;
;ACC10;BBDC4;2;5397;538;537;14.53;78418.41;7817.14;7802.61;
;ACC04;BBAS3;1;9431;6249;6248;13.50;127318.50;84361.50;84348.00;
;ACC07;WEGE3;2;4107;627;626;18.30;75158.10;11474.10;11455.80;
;ACC01;LREN3;1;8439;7439;7438;14.91;125825.49;110915.49;110900.58;
;ACC07;BBDC4;1;7479;1106;1105;19.09;142774.11;21113.54;21094.45;
;ACC03;VALE3;2;3091;2559;2558;11.08;34248.28;28353.72;28342.64;
;ACC05;BBDC4;1;2355;858;857;18.20;42861.00;15615.60;15597.40;
;ACC09;B3SA3;2;7893;2383;2382;12.48;98504.64;29739.84;29727.36;
;ACC04;WEGE3;1;9778;3688;3687;10.12;98953.36;37322.56;37312.44;
;ACC08;ABEV3;1;2734;2130;2129;17.37;47489.58;36998.10;36980.73;
;ACC05;LREN3;2;8735;7322;7321;14.76;128928.60;108072.72;108057.96;
;ACC04;VALE3;2;6995;5154;5153;17.97;125700.15;92617.38;92599.41;
;ACC06;BBAS3;1;9740;4493;4492;18.99;184962.60;85322.07;85303.08;
;ACC06;PETR4;2;9357;4543;4542;15.48;144846.36;70325.64;70310.16;
;ACC06;VALE3;1;7579;1339;1338;19.95;151201.05;26713.05;26693.10;
;ACC08;PETR4;1;1358;496;495;12.78;17355.24;6338.88;6326.10;
;ACC06;WEGE3;2;5535;1598;1597;14.82;82028.70;23682.36;23667.54;
;ACC04;BBAS3;2;1914;1756;1755;15.77;30183.78;27692.12;27676.35;
;ACC02;VALE3;2;6123;4148;4147;14.64;89640.72;60726.72;60712.08;
;ACC07;LREN3;2;1058;217;216;17.03;18017.74;3695.51;3678.48;
;ACC09;WEGE3;1;8169;2042;2041;11.95;97619.55;24401.90;24389.95;
;ACC06;BBDC4;1;9802;6114;6113;18.04;176828.08;110296.56;110278.52;
;ACC05;LREN3;1;8515;639;638;14.60;124319.00;9329.40;9314.80;
;ACC10;MGLU3;2;9883;5196;5195;18.39;181748.37;95554.44;95536.05;
;ACC02;PETR4;2;4244;3955;3954;10.74;45580.56;42476.70;42465.96;
;ACC10;ITUB4;2;9873;6368;6367;13.30;131310.90;84694.40;84681.10;
;ACC10;MGLU3;2;6918;2628;2627;12.26;84814.68;32219.28;32207.02;
;ACC08;LREN3;1;9917;9052;9051;12.99;128821.83;117585.48;117572.49;
;ACC08;WEGE3;2;1221;1144;1143;16.60;20268.60;18990.40;18973.80;
;ACC06;ABEV3;2;4794;2338;2337;10.05;48179.70;23496.90;23486.85;
;ACC01;WEGE3;2;5074;228;227;19.35;98181.90;4411.80;4392.45;
;ACC04;ITUB4;2;5972;3545;3544;13.43;80203.96;47609.35;47595.92;
;ACC05;ITUB4;2;5856;2159;2158;12.44;72848.64;26857.96;26845.52;
;ACC06;VALE3;1;5891;3720;3719;10.22;60206.02;38018.40;38008.18;
;ACC08;ABEV3;2;6026;3100;3099;15.36;92559.36;47616.00;47600.64;
;ACC04;WEGE3;2;5451;5022;5021;18.81;102533.31;94463.82;94445.01;
;ACC05;MGLU3;2;5721;2909;2908;19.34;110644.14;56260.06;56240.72;
;ACC01;ABEV3;1;5679;4222;4221;19.60;111308.40;82751.20;82731.60;
;ACC10;MGLU3;1;1585;212;211;16.76;26564.60;3553.12;3536.36;
;ACC01;ABEV3;2;8320;1876;1875;11.85;98592.00;22230.60;22218.75;
;ACC01;BBAS3;2;4612;1443;1442;10.69;49302.28;15425.67;15414.98;
;ACC09;PETR4;1;5233;2247;2246;17.87;93513.71;40153.89;40136.02;
;ACC09;WEGE3;2;9092;4920;4919;12.12;110195.04;59630.40;59618.28;
;ACC10;PETR4;2;1317;530;529;18.09;23824.53;9587.70;9569.61;
;ACC01;LREN3;1;2277;546;545;14.47;32948.19;7900.62;7886.15;
;ACC07;BBDC4;2;1607;319;318;13.24;21276.68;4223.56;4210.32;
;ACC05;WEGE3;1;9320;245;244;18.02;167946.40;4414.90;4396.88;
;ACC03;BBAS3;2;8336;2326;2325;12.17;101449.12;28307.42;28295.25;
;ACC10;LREN3;1;4736;2846;2845;18.98;89889.28;54017.08;53998.10;
;ACC01;ITUB4;1;4667;1130;1129;16.59;77425.53;18746.70;18730.11;
;ACC03;BBAS3;2;7375;3947;3946;10.70;78912.50;42232.90;42222.20;
;ACC01;ITUB4;1;4227;4106;4105;16.14;68223.78;66270.84;66254.70;
;ACC02;WEGE3;2;6440;5610;5609;16.82;108320.80;94360.20;94343.38;
;ACC03;VALE3;2;3394;1147;1146;10.22;34686.68;11722.34;11712.12;
;ACC07;WEGE3;1;9582;8466;8465;18.71;179279.22;158398.86;158380.15;
;ACC05;WEGE3;1;5995;3578;3577;14.88;89205.60;53240.64;53225.76;
;ACC05;PETR4;1;5691;747;746;12.27;69828.57;9165.69;9153.42;
;ACC07;BBAS3;1;9248;4317;4316;16.18;149632.64;69849.06;69832.88;
;ACC07;ABEV3;1;8993;1005;1004;11.19;100631.67;11245.95;11234.76;
;ACC10;WEGE3;1;5196;31;30;13.54;70353.84;419.74;406.20;
;ACC09;MGLU3;1;4059;1552;1551;16.87;68475.33;26182.24;26165.37;
;ACC07;B3SA3;1;9289;3610;3609;19.14;177791.46;69095.40;69076.26;
;ACC06;ABEV3;2;4948;1225;1224;17.08;84511.84;20923.00;20905.92;
;ACC04;B3SA3;1;5186;1732;1731;12.15;63009.90;21043.80;21031.65;
;ACC08;BBDC4;2;2533;1461;1460;18.45;46733.85;26955.45;26937.00;
;ACC01;BBDC4;1;9073;433;432;18.84;170935.32;8157.72;8138.88;
;ACC04;BBDC4;2;5323;56;55;10.13;53921.99;567.28;557.15;
;ACC05;LREN3;2;2817;2726;2725;12.18;34311.06;33202.68;33190.50;
;ACC04;BBAS3;2;8150;116;115;18.39;149878.50;2133.24;2114.85;
;ACC03;MGLU3;2;8596;5750;5749;17.14;147335.44;98555.00;98537.86;
;ACC09;WEGE3;1;7233;3604;3603;14.72;106469.76;53050.88;53036.16;
;ACC02;LREN3;2;5093;750;749;10.25;52203.25;7687.50;7677.25;
;ACC05;ITUB4;2;5048;4849;4848;12.21;61636.08;59206.29;59194.08;
;ACC08;VALE3;2;4478;2129;2128;14.59;65334.02;31062.11;31047.52;
;ACC06;PETR4;1;8076;6040;6039;17.52;141491.52;105820.80;105803.28;
;ACC03;PETR4;2;1922;189;188;13.87;26658.14;2621.43;2607.56;
;ACC10;MGLU3;1;2720;1607;1606;18.55;50456.00;29809.85;29791.30;
;ACC01;B3SA3;2;4618;55;54;11.62;53661.16;639.10;627.48;
;ACC07;B3SA3;2;5614;5316;5315;19.92;111830.88;105894.72;105874.80;
;ACC06;ITUB4;1;4011;1243;1242;14.29;57317.19;17762.47;17748.18;
;ACC10;BBAS3;1;3682;695;694;11.37;41864.34;7902.15;7890.78;
;ACC03;LREN3;1;1318;491;490;19.24;25358.32;9446.84;9427.60;
;ACC08;ITUB4;1;8813;6540;6539;16.33;143916.29;106798.20;106781.87;
;ACC04;WEGE3;1;6678;1450;1449;11.37;75928.86;16486.50;16475.13;
;ACC01;B3SA3;2;8634;5486;5485;10.56;91175.04;57932.16;57921.60;
;ACC03;ABEV3;1;3461;3055;3054;14.40;49838.40;43992.00;43977.60;
;ACC09;MGLU3;2;4363;3629;3628;13.31;58071.53;48301.99;48288.68;
;ACC01;BBDC4;2;4501;1395;1394;15.57;70080.57;21720.15;21704.58;
;ACC01;WEGE3;1;7748;36;35;15.80;122418.40;568.80;553.00;
;ACC09;WEGE3;1;1754;823;822;14.81;25976.74;12188.63;12173.82;
;ACC01;BBAS3;2;5957;5012;5011;14.46;86138.22;72473.52;72459.06;
;ACC09;MGLU3;1;4429;2825;2824;11.97;53015.13;33815.25;33803.28;
;ACC05;BBAS3;1;6795;2592;2591;18.79;127678.05;48703.68;48684.89;
;ACC01;PETR4;2;9442;4162;4161;18.42;173921.64;76664.04;76645.62;
;ACC08;WEGE3;2;4200;2564;2563;16.20;68040.00;41536.80;41520.60;
;ACC06;PETR4;1;3435;3304;3303;11.39;39124.65;37632.56;37621.17;
;ACC06;B3SA3;2;6589;2626;2625;18.77;123675.53;49290.02;49271.25;
;ACC09;LREN3;1;2185;395;394;12.44;27181.40;4913.80;4901.36;
;ACC04;B3SA3;1;1374;212;211;19.30;26518.20;4091.60;4072.30;
;ACC02;MGLU3;1;1673;998;997;13.55;22669.15;13522.90;13509.35;
;ACC02;ABEV3;1;4540;2742;2741;16.40;74456.00;44968.80;44952.40;
;ACC04;ABEV3;1;9131;3327;3326;16.93;154587.83;56326.11;56309.18;
;ACC08;WEGE3;2;2444;1005;1004;11.29;27592.76;11346.45;11335.16;
;ACC06;BBDC4;1;2436;2036;2035;17.34;42240.24;35304.24;35286.90;
;ACC04;PETR4;1;7254;4994;4993;10.88;78923.52;54334.72;54323.84;
;ACC01;BBDC4;2;4676;2043;2042;17.92;83793.92;36610.56;36592.64;
;ACC02;ITUB4;1;7261;6738;6737;14.68;106591.48;98913.84;98899.16;
;ACC03;BBDC4;2;7368;5189;5188;13.14;96815.52;68183.46;68170.32;
;ACC09;ITUB4;2;1701;1546;1545;15.47;26314.47;23916.62;23901.15;
;ACC01;WEGE3;1;1176;845;844;15.18;17851.68;12827.10;12811.92;
;ACC08;MGLU3;1;2951;874;873;15.94;47038.94;13931.56;13915.62;
;ACC07;VALE3;2;7473;4810;4809;12.16;90871.68;58489.60;58477.44;
;ACC02;VALE3;2;4134;3998;3997;16.34;67549.56;65327.32;65310.98;
;ACC02;ITUB4;1;9067;4132;4131;19.51;176897.17;80615.32;80595.81;
;ACC03;ITUB4;2;7261;1196;1195;10.41;75587.01;12450.36;12439.95;
;ACC04;B3SA3;2;4330;4286;4285;17.98;77853.40;77062.28;77044.30;
;ACC07;PETR4;1;2469;103;102;19.62;48441.78;2020.86;2001.24;
;ACC06;WEGE3;1;5217;3488;3487;14.60;76168.20;50924.80;50910.20;
;ACC01;ITUB4;2;6738;14;13;17.91;120677.58;250.74;232.83;
;ACC06;PETR4;1;5401;5263;5262;15.01;81069.01;78997.63;78982.62;
;ACC10;VALE3;1;2870;984;983;11.94;34267.80;11748.96;11737.02;
;ACC01;MGLU3;1;4814;1410;1409;18.48;88962.72;26056.80;26038.32;
;ACC06;ABEV3;2;4116;201;200;14.26;58694.16;2866.26;2852.00;
;ACC01;MGLU3;1;1889;687;686;19.12;36117.68;13135.44;13116.32;
;ACC07;MGLU3;1;5285;1035;1034;19.14;101154.90;19809.90;19790.76;
;ACC08;PETR4;1;8597;10;9;19.51;167727.47;195.10;175.59;
;ACC07;PETR4;1;8685;474;473;13.60;118116.00;6446.40;6432.80;
;ACC04;B3SA3;1;5917;2122;2121;15.31;90589.27;32487.82;32472.51;
;ACC01;WEGE3;1;3758;295;294;18.40;69147.20;5428.00;5409.60;
;ACC09;BBDC4;2;8628;3640;3639;12.00;103536.00;43680.00;43668.00;
;ACC02;BBDC4;2;5659;4099;4098;16.47;93203.73;67510.53;67494.06;
;ACC03;ITUB4;1;4635;848;847;17.44;80834.40;14789.12;14771.68;
;ACC06;ITUB4;2;5173;2982;2981;18.62;96321.26;55524.84;55506.22;
;ACC06;ABEV3;1;5989;2783;2782;16.30;97620.70;45362.90;45346.60;
;ACC01;ITUB4;1;5096;3399;3398;18.83;95957.68;64003.17;63984.34;
;ACC04;MGLU3;2;9629;1621;1620;15.04;144820.16;24379.84;24364.80;
;ACC06;BBDC4;2;5534;5189;5188;14.20;78582.80;73683.80;73669.60;
;ACC06;PETR4;1;8141;5452;5451;18.57;151178.37;101243.64;101225.07;
;ACC02;ITUB4;2;3649;1116;1115;16.75;61120.75;18693.00;18676.25;
;ACC10;PETR4;1;7904;3048;3047;12.22;96586.88;37246.56;37234.34;
;ACC02;ABEV3;2;9564;4521;4520;17.06;163161.84;77128.26;77111.20;
;ACC03;WEGE3;2;5392;2191;2190;15.08;81311.36;33040.28;33025.20;
;ACC02;B3SA3;1;7874;5533;5532;12.08;95117.92;66838.64;66826.56;
;ACC05;ABEV3;1;2888;2810;2809;13.57;39190.16;38131.70;38118.13;
;ACC08;BBAS3;2;9957;1424;1423;12.03;119782.71;17130.72;17118.69;
;ACC01;LREN3;2;3778;2635;2634;16.02;60523.56;42212.70;42196.68;
;ACC01;B3SA3;2;3175;1335;1334;13.78;43751.50;18396.30;18382.52;
;ACC10;MGLU3;2;1465;1268;1267;12.24;17931.60;15520.32;15508.08;
;ACC08;B3SA3;2;5699;3705;3704;10.53;60010.47;39013.65;39003.12;
;ACC07;PETR4;1;3175;2286;2285;13.96;44323.00;31912.56;31898.60;
;ACC03;PETR4;2;5500;1684;1683;10.23;56265.00;17227.32;17217.09;
;ACC09;PETR4;2;7927;4480;4479;14.97;118667.19;67065.60;67050.63;
;ACC05;B3SA3;1;9715;1473;1472;17.61;171081.15;25939.53;25921.92;
;ACC07;MGLU3;1;8539;1315;1314;11.87;101357.93;15609.05;15597.18;
;ACC09;MGLU3;1;3076;2845;2844;17.22;52968.72;48990.90;48973.68;
;ACC02;MGLU3;1;5766;2565;2564;19.30;111283.80;49504.50;49485.20;
;ACC03;B3SA3;1;9273;3425;3424;17.27;160144.71;59149.75;59132.48;
;ACC03;MGLU3;2;2250;1524;1523;15.65;35212.50;23850.60;23834.95;
;ACC05;LREN3;1;9493;5820;5819;16.84;159862.12;98008.80;97991.96;
;ACC08;MGLU3;2;1978;390;389;17.80;35208.40;6942.00;6924.20;
;ACC08;ITUB4;2;2538;385;384;11.11;28197.18;4277.35;4266.24;
;ACC02;BBAS3;1;4640;3476;3475;16.31;75678.40;56693.56;56677.25;
;ACC09;VALE3;1;5226;3574;3573;12.19;63704.94;43567.06;43554.87;
;ACC08;ITUB4;2;6798;4645;4644;14.34;97483.32;66609.30;66594.96;
;ACC01;LREN3;1;4832;3778;3777;15.32;74026.24;57878.96;57863.64;
;ACC06;LREN3;1;1400;1236;1235;16.68;23352.00;20616.48;20599.80;
;ACC10;BBAS3;2;5862;5533;5532;12.87;75443.94;71209.71;71196.84;
;ACC03;ITUB4;2;4472;1094;1093;17.47;78125.84;19112.18;19094.71;
;ACC06;LREN3;1;8215;2088;2087;10.98;90200.70;22926.24;22915.26;
;ACC09;ABEV3;1;8936;6698;6697;17.66;157809.76;118286.68;118269.02;
;ACC04;BBDC4;2;1310;925;924;16.31;21366.10;15086.75;15070.44;
;ACC06;PETR4;1;1874;1242;1241;15.92;29834.08;19772.64;19756.72;
;ACC01;WEGE3;1;2365;631;630;12.67;29964.55;7994.77;7982.10;
;ACC09;ABEV3;2;9762;5963;5962;19.12;186649.44;114012.56;113993.44;
;ACC01;MGLU3;1;7927;3207;3206;19.95;158143.65;63979.65;63959.70;
;ACC10;WEGE3;2;9394;5088;5087;11.03;103615.82;56120.64;56109.61;
;ACC08;VALE3;2;9653;5498;5497;10.38;100198.14;57069.24;57058.86;
;ACC03;B3SA3;2;9980;5945;5944;10.28;102594.40;61114.60;61104.32;
;ACC08;B3SA3;2;1699;1547;1546;19.18;32586.82;29671.46;29652.28;
;ACC04;BBAS3;2;2258;353;352;11.38;25696.04;4017.14;4005.76;
;ACC02;MGLU3;1;9995;6601;6600;19.83;198200.85;130897.83;130878.00;
;ACC05;MGLU3;1;5440;3894;3893;14.73;80131.20;57358.62;57343.89;
;ACC01;WEGE3;1;2463;1944;1943;16.14;39752.82;31376.16;31360.02;
;ACC02;VALE3;2;6303;2735;2734;14.45;91078.35;39520.75;39506.30;
;ACC01;MGLU3;1;6954;1750;1749;16.01;111333.54;28017.50;28001.49;
;ACC09;VALE3;2;2211;1753;1752;14.99;33142.89;26277.47;26262.48;
;ACC08;WEGE3;2;6343;309;308;14.36;91085.48;4437.24;4422.88;
;ACC08;BBAS3;2;1117;572;571;10.32;11527.44;5903.04;5892.72;
;ACC05;BBDC4;1;1096;159;158;15.05;16494.80;2392.95;2377.90;
;ACC02;BBAS3;2;7161;7041;7040;11.65;83425.65;82027.65;82016.00;
;ACC10;ITUB4;1;7295;851;850;14.15;103224.25;12041.65;12027.50;
;ACC09;B3SA3;1;2160;1949;1948;12.50;27000.00;24362.50;24350.00;
;ACC03;BBDC4;1;1351;1133;1132;19.50;26344.50;22093.50;22074.00;
;ACC10;BBDC4;2;6654;3924;3923;12.07;80313.78;47362.68;47350.61;
;ACC05;ABEV3;2;5579;5335;5334;13.91;77603.89;74209.85;74195.94;
;ACC05;ITUB4;1;8444;8014;8013;10.74;90688.56;86070.36;86059.62;
;ACC05;ITUB4;2;5044;2417;2416;11.84;59720.96;28617.28;28605.44;
;ACC02;BBAS3;1;1662;199;198;13.64;22669.68;2714.36;2700.72;
;ACC03;VALE3;1;4206;3577;3576;12.13;51018.78;43389.01;43376.88;
;ACC05;VALE3;2;3173;2784;2783;11.03;34998.19;30707.52;30696.49;
;ACC07;ITUB4;2;4819;3445;3444;11.33;54599.27;39031.85;39020.52;
;ACC10;LREN3;1;8228;118;117;16.64;136913.92;1963.52;1946.88;
;ACC01;BBAS3;1;3446;1522;1521;15.37;52965.02;23393.14;23377.77;
;ACC07;BBAS3;1;7367;5782;5781;17.54;129217.18;101416.28;101398.74;
;ACC10;BBDC4;1;6576;5089;5088;19.19;126193.44;97657.91;97638.72;
;ACC02;VALE3;2;6870;97;96;11.68;80241.60;1132.96;1121.28;
;ACC01;ITUB4;2;3413;3120;3119;16.90;57679.70;52728.00;52711.10;
;ACC09;WEGE3;2;4853;4751;4750;11.77;57119.81;55919.27;55907.50;
;ACC02;WEGE3;2;7071;2457;2456;17.13;121126.23;42088.41;42071.28;
;ACC06;WEGE3;1;8215;7686;7685;16.64;136697.60;127895.04;127878.40;
;ACC09;B3SA3;2;8961;1482;1481;11.28;101080.08;16716.96;16705.68;
;ACC06;PETR4;2;7597;4929;4928;13.63;103547.11;67182.27;67168.64;
;ACC03;B3SA3;1;3708;3118;3117;14.14;52431.12;44088.52;44074.38;
;ACC04;BBAS3;1;8818;5174;5173;18.26;161016.68;94477.24;94458.98;
;ACC09;LREN3;2;4004;3900;3899;19.69;78838.76;76791.00;76771.31;
;ACC10;WEGE3;2;2985;145;144;19.69;58774.65;2855.05;2835.36;
;ACC10;WEGE3;2;8459;7287;7286;16.63;140673.17;121182.81;121166.18;
;ACC01;VALE3;1;7093;1814;1813;13.24;93911.32;24017.36;24004.12;
;ACC08;VALE3;2;9667;3555;3554;11.15;107787.05;39638.25;39627.10;
;ACC05;BBDC4;1;8623;1736;1735;13.46;116065.58;23366.56;23353.10;
;ACC01;ITUB4;2;2920;318;317;16.91;49377.20;5377.38;5360.47;
;ACC03;WEGE3;1;6298;974;973;13.99;88109.02;13626.26;13612.27;
;ACC06;LREN3;2;3882;3492;3491;14.44;56056.08;50424.48;50410.04;
;ACC01;ABEV3;2;4857;2814;2813;12.76;61975.32;35906.64;35893.88;
;ACC10;PETR4;1;4438;2846;2845;14.97;66436.86;42604.62;42589.65;
;ACC03;VALE3;2;4590;1457;1456;13.81;63387.90;20121.17;20107.36;
;ACC07;BBDC4;2;7382;2962;2961;16.00;118112.00;47392.00;47376.00;
;ACC05;ABEV3;2;7628;2358;2357;19.12;145847.36;45084.96;45065.84;
;ACC05;VALE3;1;9843;5968;5967;18.56;182686.08;110766.08;110747.52;
;ACC05;WEGE3;1;1245;123;122;16.83;20953.35;2070.09;2053.26;
;ACC10;ITUB4;2;2032;1198;1197;18.50;37592.00;22163.00;22144.50;
;ACC09;BBAS3;1;3700;3228;3227;14.31;52947.00;46192.68;46178.37;
;ACC07;ABEV3;1;1537;44;43;16.64;25575.68;732.16;715.52;
;ACC09;ITUB4;2;1587;533;532;17.33;27502.71;9236.89;9219.56;
;ACC09;B3SA3;2;7623;2163;2162;15.34;116936.82;33180.42;33165.08;
;ACC01;ABEV3;1;1861;853;852;18.87;35117.07;16096.11;16077.24;
;ACC05;BBAS3;1;5381;2139;2138;11.10;59729.10;23742.90;23731.80;
;ACC02;ITUB4;2;8980;2928;2927;13.77;123654.60;40318.56;40304.79;
;ACC02;ABEV3;2;2638;1384;1383;15.90;41944.20;22005.60;21989.70;
;ACC06;MGLU3;2;5803;426;425;17.80;103293.40;7582.80;7565.00;
;ACC10;LREN3;2;7108;5666;5665;11.83;84087.64;67028.78;67016.95;
;ACC02;MGLU3;2;9692;8033;8032;12.33;119502.36;99046.89;99034.56;
;ACC04;B3SA3;1;2425;463;462;16.66;40400.50;7713.58;7696.92;
;ACC06;WEGE3;1;7674;4089;4088;18.22;139820.28;74501.58;74483.36;
;ACC04;BBDC4;1;4168;2631;2630;10.10;42096.80;26573.10;26563.00;
;ACC09;ABEV3;1;8359;4011;4010;15.02;125552.18;60245.22;60230.20;
;ACC03;PETR4;1;7819;7653;7652;13.11;102507.09;100330.83;100317.72;
;ACC09;ITUB4;1;7069;6828;6827;14.18;100238.42;96821.04;96806.86;
;ACC06;LREN3;1;2414;1142;1141;15.28;36885.92;17449.76;17434.48;
;ACC07;WEGE3;1;8672;6809;6808;17.37;150632.64;118272.33;118254.96;
;ACC01;ABEV3;2;3698;1456;1455;17.48;64641.04;25450.88;25433.40;
;ACC03;WEGE3;1;7826;4587;4586;13.51;105729.26;61970.37;61956.86;
;ACC05;BBAS3;2;6858;5781;5780;19.83;135994.14;114637.23;114617.40;
;ACC03;VALE3;2;8133;1121;1120;10.70;87023.10;11994.70;11984.00;
;ACC07;BBAS3;2;5336;4340;4339;17.29;92259.44;75038.60;75021.31;
;ACC09;ABEV3;2;6363;1490;1489;11.70;74447.10;17433.00;17421.30;
;ACC03;LREN3;2;7560;2940;2939;17.70;133812.00;52038.00;52020.30;
;ACC03;WEGE3;2;9504;5116;5115;13.94;132485.76;71317.04;71303.10;
;ACC05;B3SA3;1;3811;3302;3301;19.78;75381.58;65313.56;65293.78;
;ACC04;ITUB4;2;7590;1894;1893;17.94;136164.60;33978.36;33960.42;
;ACC02;LREN3;2;5115;3331;3330;10.91;55804.65;36341.21;36330.30;
;ACC03;PETR4;2;8743;3660;3659;10.03;87692.29;36709.80;36699.77;
;ACC05;BBAS3;2;2093;1262;1261;17.04;35664.72;21504.48;21487.44;
;ACC09;BBAS3;1;2189;2055;2054;18.16;39752.24;37318.80;37300.64;
;ACC06;BBAS3;2;3753;691;690;19.62;73633.86;13557.42;13537.80;
;ACC02;PETR4;1;3332;38;37;11.90;39650.80;452.20;440.30;
;ACC07;B3SA3;1;6835;1417;1416;17.07;116673.45;24188.19;24171.12;
;ACC06;B3SA3;2;3229;1507;1506;10.16;32806.64;15311.12;15300.96;
;ACC03;LREN3;1;8029;3885;3884;10.39;83421.31;40365.15;40354.76;
;ACC04;BBDC4;1;4092;1760;1759;13.00;53196.00;22880.00;22867.00;
;ACC02;ITUB4;2;4961;2122;2121;15.63;77540.43;33166.86;33151.23;
;ACC07;LREN3;1;8154;6204;6203;15.82;128996.28;98147.28;98131.46;
;ACC02;LREN3;2;5650;271;270;17.80;100570.00;4823.80;4806.00;
;ACC05;BBDC4;2;8635;1036;1035;17.43;150508.05;18057.48;18040.05;
;ACC08;PETR4;1;9243;1007;1006;13.86;128107.98;13957.02;13943.16;
;ACC02;B3SA3;2;1040;668;667;15.35;15964.00;10253.80;10238.45;
;ACC06;BBDC4;1;6325;4612;4611;14.42;91206.50;66505.04;66490.62;
;ACC03;ABEV3;2;4757;2987;2986;14.60;69452.20;43610.20;43595.60;
;ACC03;PETR4;2;5573;2378;2377;16.79;93570.67;39926.62;39909.83;
;ACC10;WEGE3;2;9939;5544;5543;18.64;185262.96;103340.16;103321.52;
;ACC09;PETR4;2;6907;6879;6878;14.06;97112.42;96718.74;96704.68;
;ACC09;MGLU3;1;2718;737;736;13.49;36665.82;9942.13;9928.64;
;ACC06;VALE3;1;4682;2628;2627;17.65;82637.30;46384.20;46366.55;
;ACC06;B3SA3;1;1191;284;283;18.71;22283.61;5313.64;5294.93;
;ACC07;LREN3;1;3558;975;974;13.35;47499.30;13016.25;13002.90;
;ACC04;LREN3;1;1106;165;164;11.47;12685.82;1892.55;1881.08;
;ACC01;MGLU3;1;4560;3632;3631;12.95;59052.00;47034.40;47021.45;
;ACC03;ITUB4;2;2472;194;193;12.14;30010.08;2355.16;2343.02;
;ACC06;B3SA3;1;4347;1359;1358;16.67;72464.49;22654.53;22637.86;
;ACC10;BBDC4;1;8052;6687;6686;12.71;102340.92;84991.77;84979.06;
;ACC02;LREN3;2;1201;372;371;13.47;16177.47;5010.84;4997.37;
;ACC01;WEGE3;1;4050;3100;3099;11.64;47142.00;36084.00;36072.36;
;ACC04;MGLU3;1;1494;889;888;19.36;28923.84;17211.04;17191.68;
;ACC09;ABEV3;1;5570;2363;2362;11.12;61938.40;26276.56;26265.44;
;ACC06;BBDC4;1;8523;6352;6351;15.98;136197.54;101504.96;101488.98;
;ACC10;MGLU3;1;8832;4021;4020;15.68;138485.76;63049.28;63033.60;
;ACC06;VALE3;2;3875;1104;1103;14.27;55296.25;15754.08;15739.81;
;ACC01;BBDC4;2;2590;1596;1595;12.89;33385.10;20572.44;20559.55;
;ACC03;ITUB4;1;1144;1009;1008;10.84;12400.96;10937.56;10926.72;
;ACC08;BBAS3;1;1440;865;864;10.19;14673.60;8814.35;8804.16;
;ACC04;PETR4;1;4830;4021;4020;16.62;80274.60;66829.02;66812.40;
;ACC08;VALE3;2;6238;3569;3568;13.60;84836.80;48538.40;48524.80;
;ACC07;WEGE3;2;3446;2102;2101;10.42;35907.32;21902.84;21892.42;
;ACC03;ITUB4;1;5196;172;171;17.30;89890.80;2975.60;2958.30;
;ACC07;BBDC4;2;2282;2257;2256;12.19;27817.58;27512.83;27500.64;
;ACC09;ITUB4;2;6636;3263;3262;14.88;98743.68;48553.44;48538.56;
;ACC09;ITUB4;2;8847;4576;4575;13.30;117665.10;60860.80;60847.50;
;ACC04;MGLU3;2;4145;3314;3313;16.20;67149.00;53686.80;53670.60;
;ACC03;WEGE3;2;4461;2304;2303;13.85;61784.85;31910.40;31896.55;
;ACC08;LREN3;2;1709;924;923;15.68;26797.12;14488.32;14472.64;
;ACC09;B3SA3;2;8840;2541;2540;19.31;170700.40;49066.71;49047.40;
;ACC02;BBAS3;2;4859;4729;4728;11.02;53546.18;52113.58;52102.56;
;ACC10;PETR4;1;7986;7547;7546;11.36;90720.96;85733.92;85722.56;
;ACC03;B3SA3;2;9574;4592;4591;13.06;125036.44;59971.52;59958.46;
;ACC05;BBAS3;1;3117;2926;2925;10.41;32447.97;30459.66;30449.25;
;ACC09;ABEV3;1;7750;2054;2053;10.83;83932.50;22244.82;22233.99;
;ACC06;MGLU3;2;6556;5054;5053;19.53;128038.68;98704.62;98685.09;
;ACC05;BBDC4;1;4457;217;216;17.58;78354.06;3814.86;3797.28;
;ACC06;VALE3;1;9338;5199;5198;12.36;115417.68;64259.64;64247.28;
;ACC07;BBAS3;2;7526;7484;7483;16.67;125458.42;124758.28;124741.61;
;ACC07;LREN3;2;3248;498;497;19.68;63920.64;9800.64;9780.96;
;ACC10;BBDC4;1;4323;3804;3803;18.26;78937.98;69461.04;69442.78;
;ACC02;ABEV3;2;7402;2645;2644;12.23;90526.46;32348.35;32336.12;
;ACC04;LREN3;2;5855;3042;3041;10.65;62355.75;32397.30;32386.65;
;ACC02;WEGE3;1;5763;1552;1551;19.45;112090.35;30186.40;30166.95;
;ACC10;ABEV3;1;1559;113;112;12.12;18895.08;1369.56;1357.44;
;ACC03;B3SA3;1;1955;709;708;16.73;32707.15;11861.57;11844.84;
;ACC02;B3SA3;2;1285;330;329;12.18;15651.30;4019.40;4007.22;
;ACC10;ITUB4;2;7799;769;768;15.88;123848.12;12211.72;12195.84;
;ACC06;VALE3;2;3539;2664;2663;13.22;46785.58;35218.08;35204.86;
;ACC10;VALE3;1;4040;3209;3208;16.34;66013.60;52435.06;52418.72;
;ACC10;PETR4;2;2500;190;189;16.18;40450.00;3074.20;3058.02;
;ACC03;PETR4;1;3161;2105;2104;16.88;53357.68;35532.40;35515.52;
;ACC06;B3SA3;2;5186;2555;2554;16.41;85102.26;41927.55;41911.14;
;ACC03;LREN3;2;2860;1459;1458;10.30;29458.00;15027.70;15017.40;
;ACC04;BBDC4;1;4535;4227;4226;18.42;83534.70;77861.34;77842.92;
;ACC01;BBDC4;1;9285;5872;5871;15.93;147910.05;93540.96;93525.03;
;ACC06;BBDC4;1;5247;522;521;10.49;55041.03;5475.78;5465.29;
;ACC08;B3SA3;2;9709;9229;9228;17.36;168548.24;160215.44;160198.08;
;ACC02;BBDC4;2;6852;59;58;12.95;88733.40;764.05;751.10;
;ACC04;VALE3;1;9127;6345;6344;15.20;138730.40;96444.00;96428.80;
;ACC03;MGLU3;1;1152;660;659;16.08;18524.16;10612.80;10596.72;
;ACC01;VALE3;2;8869;8058;8057;17.41;154409.29;140289.78;140272.37;
;ACC07;ITUB4;1;8141;2623;2622;16.50;134326.50;43279.50;43263.00;
;ACC02;BBDC4;1;3602;1954;1953;11.90;42863.80;23252.60;23240.70;
;ACC01;BBAS3;2;8511;1856;1855;12.93;110047.23;23998.08;23985.15;
;ACC07;ITUB4;2;2393;1461;1460;18.90;45227.70;27612.90;27594.00;
;ACC07;ITUB4;2;9104;7048;7047;15.09;137379.36;106354.32;106339.23;
;ACC06;WEGE3;2;1980;1486;1485;13.00;25740.00;19318.00;19305.00;
;ACC08;B3SA3;1;4690;4399;4398;11.92;55904.80;52436.08;52424.16;
;ACC10;ABEV3;1;6333;886;885;17.10;108294.30;15150.60;15133.50;
;ACC04;BBDC4;1;2015;1514;1513;17.59;35443.85;26631.26;26613.67;
;ACC01;ITUB4;2;1584;1228;1227;13.31;21083.04;16344.68;16331.37;
;ACC04;BBDC4;1;9243;8579;8578;16.57;153156.51;142154.03;142137.46;
;ACC04;LREN3;2;3717;3545;3544;18.12;67352.04;64235.40;64217.28;
;ACC09;LREN3;1;3743;280;279;11.40;42670.20;3192.00;3180.60;
;ACC09;MGLU3;1;6561;95;94;11.74;77026.14;1115.30;1103.56;
;ACC02;WEGE3;2;6367;3466;3465;19.11;121673.37;66235.26;66216.15;
;ACC02;B3SA3;1;4109;3037;3036;13.87;56991.83;42123.19;42109.32;
;ACC02;LREN3;2;5668;2276;2275;15.22;86266.96;34640.72;34625.50;
;ACC03;B3SA3;1;6853;1832;1831;11.06;75794.18;20261.92;20250.86;
;ACC01;PETR4;2;2106;1348;1347;16.14;33990.84;21756.72;21740.58;
;ACC08;LREN3;2;6433;1700;1699;12.70;81699.10;21590.00;21577.30;
;ACC07;MGLU3;1;8866;6908;6907;13.86;122882.76;95744.88;95731.02;
;ACC08;ABEV3;1;5758;2881;2880;15.83;91149.14;45606.23;45590.40;
;ACC08;LREN3;1;1384;804;803;18.88;26129.92;15179.52;15160.64;
;ACC06;BBAS3;2;4325;956;955;10.95;47358.75;10468.20;10457.25;
;ACC05;MGLU3;2;5861;4514;4513;10.12;59313.32;45681.68;45671.56;
;ACC07;BBDC4;2;2929;829;828;13.76;40303.04;11407.04;11393.28;
;ACC09;ITUB4;1;7037;519;518;12.93;90988.41;6710.67;6697.74;
;ACC03;BBDC4;1;5933;5281;5280;10.32;61228.56;54499.92;54489.60;
;ACC06;B3SA3;1;5273;4147;4146;18.76;98921.48;77797.72;77778.96;
;ACC10;MGLU3;1;6906;4488;4487;15.31;105730.86;68711.28;68695.97;
;ACC10;BBAS3;2;5372;1635;1634;12.70;68224.40;20764.50;20751.80;
;ACC05;BBDC4;1;7820;5326;5325;16.01;125198.20;85269.26;85253.25;
;ACC08;B3SA3;1;7273;2274;2273;17.52;127422.96;39840.48;39822.96;
;ACC03;LREN3;2;2021;25;24;16.65;33649.65;416.25;399.60;
;ACC07;BBDC4;1;9731;7509;7508;15.28;148689.68;114737.52;114722.24;
;ACC06;B3SA3;2;7152;527;526;10.72;76669.44;5649.44;5638.72;
;ACC10;VALE3;2;3419;2607;2606;10.22;34942.18;26643.54;26633.32;
;ACC08;PETR4;2;6790;4699;4698;10.95;74350.50;51454.05;51443.10;
;ACC07;PETR4;2;8516;8364;8363;19.00;161804.00;158916.00;158897.00;
;ACC03;VALE3;2;6091;3526;3525;19.46;118530.86;68615.96;68596.50;
;ACC10;LREN3;1;6682;4868;4867;16.95;113259.90;82512.60;82495.65;
;ACC06;LREN3;1;6193;2525;2524;12.94;80137.42;32673.50;32660.56;
;ACC03;VALE3;2;2989;2662;2661;11.49;34343.61;30586.38;30574.89;
;ACC04;MGLU3;2;6314;1799;1798;10.17;64213.38;18295.83;18285.66;
;ACC08;BBAS3;1;9521;7698;7697;16.28;155001.88;125323.44;125307.16;
;ACC01;PETR4;2;5626;5096;5095;11.86;66724.36;60438.56;60426.70;
;ACC04;BBDC4;2;2472;1326;1325;12.33;30479.76;16349.58;16337.25;
;ACC05;BBDC4;2;1554;1470;1469;15.17;23574.18;22299.90;22284.73;
;ACC01;BBAS3;2;2861;1277;1276;14.59;41741.99;18631.43;18616.84;
;ACC09;WEGE3;1;1092;642;641;17.69;19317.48;11356.98;11339.29;
;ACC02;ITUB4;1;7674;4160;4159;15.28;117258.72;63564.80;63549.52;
;ACC08;ABEV3;1;6309;5694;5693;18.45;116401.05;105054.30;105035.85;
;ACC01;WEGE3;2;8330;5821;5820;17.45;145358.50;101576.45;101559.00;
;ACC07;PETR4;2;9125;1694;1693;15.67;142988.75;26544.98;26529.31;
;ACC09;ABEV3;1;1720;50;49;15.06;25903.20;753.00;737.94;
;ACC08;VALE3;2;6368;5384;5383;13.73;87432.64;73922.32;73908.59;
;ACC02;BBAS3;1;2533;455;454;18.06;45745.98;8217.30;8199.24;
;ACC03;BBAS3;1;8183;7765;7764;14.21;116280.43;110340.65;110326.44;
;ACC07;LREN3;1;1292;104;103;13.72;17726.24;1426.88;1413.16;
;ACC01;BBAS3;2;5311;3984;3983;18.39;97669.29;73265.76;73247.37;
;ACC02;VALE3;2;1232;361;360;17.78;21904.96;6418.58;6400.80;
;ACC01;B3SA3;1;9656;7770;7769;11.08;106988.48;86091.60;86080.52;
;ACC06;WEGE3;1;9603;3073;3072;11.57;111106.71;35554.61;35543.04;
;ACC05;LREN3;2;8173;4378;4377;18.20;148748.60;79679.60;79661.40;
;ACC06;WEGE3;1;9088;7372;7371;13.73;124778.24;101217.56;101203.83;
;ACC10;B3SA3;2;8058;4646;4645;12.93;104189.94;60072.78;60059.85;
;ACC03;PETR4;1;3009;1700;1699;17.67;53169.03;30039.00;30021.33;
;ACC03;BBAS3;2;8984;4305;4304;17.86;160454.24;76887.30;76869.44;
;ACC10;VALE3;2;2784;1278;1277;18.42;51281.28;23540.76;23522.34;
;ACC02;PETR4;1;2594;544;543;13.08;33929.52;7115.52;7102.44;
;ACC10;MGLU3;1;9505;3223;3222;14.93;141909.65;48119.39;48104.46;
;ACC03;B3SA3;1;5979;5335;5334;12.38;74020.02;66047.30;66034.92;
;ACC06;WEGE3;1;5766;4151;4150;16.54;95369.64;68657.54;68641.00;
;ACC05;ITUB4;2;6436;866;865;12.75;82059.00;11041.50;11028.75;
;ACC05;ITUB4;1;3817;1315;1314;14.72;56186.24;19356.80;19342.08;
;ACC01;WEGE3;1;2169;1582;1581;14.27;30951.63;22575.14;22560.87;
;ACC07;BBAS3;2;4181;2094;2093;13.70;57279.70;28687.80;28674.10;
;ACC04;LREN3;1;7196;5245;5244;10.49;75486.04;55020.05;55009.56;
;ACC07;VALE3;2;7124;6125;6124;16.11;114767.64;98673.75;98657.64;
;ACC08;PETR4;2;6592;984;983;11.54;76071.68;11355.36;11343.82;
;ACC01;MGLU3;1;9504;228;227;12.34;117279.36;2813.52;2801.18;
;ACC01;VALE3;2;6710;6277;6276;14.97;100448.70;93966.69;93951.72;
;ACC04;WEGE3;1;6029;27;26;14.63;88204.27;395.01;380.38;
;ACC06;PETR4;1;8722;4605;4604;11.56;100826.32;53233.80;53222.24;
;ACC02;ITUB4;1;9485;6279;6278;19.66;186475.10;123445.14;123425.48;
;ACC08;VALE3;1;5126;990;989;16.13;82682.38;15968.70;15952.57;
;ACC09;WEGE3;1;8410;7348;7347;15.64;131532.40;114922.72;114907.08;
;ACC05;VALE3;1;3868;2615;2614;15.67;60611.56;40977.05;40961.38;
;ACC01;B3SA3;1;8582;2479;2478;12.65;108562.30;31359.35;31346.70;
;ACC03;WEGE3;2;6064;470;469;19.61;118915.04;9216.70;9197.09;
;ACC10;ITUB4;2;6909;3773;3772;17.26;119249.34;65121.98;65104.72;
;ACC06;VALE3;1;4971;1201;1200;19.71;97978.41;23671.71;23652.00;
;ACC04;B3SA3;2;6504;3442;3441;15.15;98535.60;52146.30;52131.15;
;ACC09;MGLU3;1;1559;663;662;19.47;30353.73;12908.61;12889.14;
;ACC04;BBAS3;1;2824;2824;2824;19.26;54390.24;54390.24;54390.24;
;ACC10;ABEV3;1;4707;4707;4707;18.06;85008.42;85008.42;85008.42;
;ACC08;PETR4;1;7067;7067;7067;19.30;136393.10;136393.10;136393.10;
;ACC08;BBAS3;2;3794;3794;3794;11.04;41885.76;41885.76;41885.76;
;ACC07;VALE3;2;2387;2387;2387;14.14;33752.18;33752.18;33752.18;
;ACC01;BBDC4;1;9801;9801;9801;19.56;191707.56;191707.56;191707.56;
;ACC05;ITUB4;2;7162;7162;7162;17.78;127340.36;127340.36;127340.36;
;ACC03;BBDC4;1;7811;7811;7811;15.81;123491.91;123491.91;123491.91;
;ACC05;VALE3;2;1357;1357;1357;18.19;24683.83;24683.83;24683.83;
;ACC05;ABEV3;2;7908;7908;7908;18.42;145665.36;145665.36;145665.36;
;ACC07;ITUB4;2;8968;8968;8968;17.43;156312.24;156312.24;156312.24;
;ACC07;B3SA3;2;1123;1123;1123;14.23;15980.29;15980.29;15980.29;
;ACC01;BBAS3;1;7764;7764;7764;18.43;143090.52;143090.52;143090.52;
;ACC01;WEGE3;2;3838;3838;3838;13.10;50277.80;50277.80;50277.80;
;ACC02;ABEV3;1;1240;1240;1240;17.27;21414.80;21414.80;21414.80;
;ACC06;ABEV3;1;7073;7073;7073;13.07;92444.11;92444.11;92444.11;
;ACC09;MGLU3;2;1783;1783;1783;16.26;28991.58;28991.58;28991.58;
;ACC02;ITUB4;1;1249;1249;1249;11.52;14388.48;14388.48;14388.48;
;ACC03;B3SA3;1;5844;5844;5844;17.18;100399.92;100399.92;100399.92;
;ACC02;WEGE3;1;5757;5757;5757;15.24;87736.68;87736.68;87736.68;
;ACC08;MGLU3;2;6454;6454;6454;12.46;80416.84;80416.84;80416.84;
;ACC09;BBAS3;2;1340;1340;1340;15.39;20622.60;20622.60;20622.60;
;ACC05;BBAS3;1;2743;2743;2743;19.05;52254.15;52254.15;52254.15;
;ACC07;LREN3;2;8467;8467;8467;17.54;148511.18;148511.18;148511.18;
;ACC03;LREN3;1;4030;4030;4030;19.37;78061.10;78061.10;78061.10;
;ACC10;B3SA3;2;1380;1380;1380;14.74;20341.20;20341.20;20341.20;
;ACC10;BBAS3;2;9839;9839;9839;14.53;142960.67;142960.67;142960.67;
;ACC09;BBDC4;2;4971;4971;4971;15.14;75260.94;75260.94;75260.94;
;ACC07;LREN3;2;7497;7497;7497;18.35;137569.95;137569.95;137569.95;
;ACC05;BBAS3;1;3134;3134;3134;18.07;56631.38;56631.38;56631.38;
;ACC05;ITUB4;1;2885;2885;2885;12.64;36466.40;36466.40;36466.40;
;ACC05;LREN3;2;7356;7356;7356;11.94;87830.64;87830.64;87830.64;
;ACC08;PETR4;1;1624;1624;1624;19.64;31895.36;31895.36;31895.36;
;ACC09;BBAS3;1;8074;8074;8074;13.57;109564.18;109564.18;109564.18;
;ACC09;B3SA3;1;3705;3705;3705;15.84;58687.20;58687.20;58687.20;
;ACC03;WEGE3;2;5039;5039;5039;16.18;81531.02;81531.02;81531.02;
;ACC04;BBDC4;1;9918;9918;9918;19.66;194987.88;194987.88;194987.88;
;ACC10;ABEV3;2;4179;4179;4179;17.46;72965.34;72965.34;72965.34;
;ACC02;BBDC4;1;5797;5797;5797;11.38;65969.86;65969.86;65969.86;
;ACC02;PETR4;1;5656;5656;5656;19.81;112045.36;112045.36;112045.36;
;ACC03;LREN3;2;1979;1979;1979;14.61;28913.19;28913.19;28913.19;
;ACC04;BBAS3;2;9147;9147;9147;11.41;104367.27;104367.27;104367.27;
;ACC07;BBAS3;2;3845;3845;3845;15.25;58636.25;58636.25;58636.25;
;ACC01;LREN3;1;3927;3927;3927;18.37;72138.99;72138.99;72138.99;
;ACC02;ABEV3;1;8561;8561;8561;11.48;98280.28;98280.28;98280.28;
;ACC02;B3SA3;2;8227;8227;8227;11.35;93376.45;93376.45;93376.45;
;ACC09;BBDC4;1;5504;5504;5504;11.01;60599.04;60599.04;60599.04;
;ACC03;B3SA3;2;5421;5421;5421;14.62;79255.02;79255.02;79255.02;
;ACC10;LREN3;2;6734;6734;6734;13.67;92053.78;92053.78;92053.78;
;ACC03;VALE3;1;2615;2615;2615;10.59;27692.85;27692.85;27692.85;
;ACC04;PETR4;1;8239;8239;8239;14.39;118559.21;118559.21;118559.21;
;ACC02;B3SA3;2;4987;4987;4987;18.00;89766.00;89766.00;89766.00;
;ACC04;WEGE3;1;4623;4623;4623;14.85;68651.55;68651.55;68651.55;
;ACC06;ABEV3;2;8400;8400;8400;17.57;147588.00;147588.00;147588.00;
;ACC02;WEGE3;2;2559;2559;2559;14.58;37310.22;37310.22;37310.22;
;ACC04;MGLU3;1;2860;2860;2860;11.64;33290.40;33290.40;33290.40;
;ACC08;VALE3;1;9525;9525;9525;14.32;136398.00;136398.00;136398.00;
;ACC05;MGLU3;2;9682;9682;9682;11.93;115506.26;115506.26;115506.26;
;ACC06;VALE3;1;4254;4254;4254;16.62;70701.48;70701.48;70701.48;
;ACC09;PETR4;2;9731;9731;9731;19.03;185180.93;185180.93;185180.93;
;ACC10;PETR4;1;2830;2830;2830;10.88;30790.40;30790.40;30790.40;
;ACC03;PETR4;2;6013;6013;6013;12.92;77687.96;77687.96;77687.96;
;ACC09;LREN3;2;4463;4463;4463;17.54;78281.02;78281.02;78281.02;
;ACC03;ABEV3;2;7791;7791;7791;10.11;78767.01;78767.01;78767.01;
;ACC04;ITUB4;1;4010;4010;4010;11.02;44190.20;44190.20;44190.20;
;ACC02;VALE3;1;5872;5872;5872;16.26;95478.72;95478.72;95478.72;
;ACC03;LREN3;1;4402;4402;4402;16.34;71928.68;71928.68;71928.68;
;ACC09;BBDC4;2;7731;7731;7731;17.92;138539.52;138539.52;138539.52;
;ACC02;VALE3;2;7912;7912;7912;15.13;119708.56;119708.56;119708.56;
;ACC01;BBAS3;1;6992;6992;6992;15.00;104880.00;104880.00;104880.00;
;ACC05;BBAS3;1;3613;3613;3613;11.97;43247.61;43247.61;43247.61;
;ACC07;WEGE3;1;5587;5587;5587;16.59;92688.33;92688.33;92688.33;
;ACC01;B3SA3;1;6949;6949;6949;12.19;84708.31;84708.31;84708.31;
;ACC03;ITUB4;1;2408;2408;2408;14.52;34964.16;34964.16;34964.16;
;ACC08;LREN3;2;5696;5696;5696;18.26;104008.96;104008.96;104008.96;
;ACC01;WEGE3;2;2058;2058;2058;11.63;23934.54;23934.54;23934.54;
;ACC04;MGLU3;1;1097;1097;1097;16.54;18144.38;18144.38;18144.38;
;ACC06;ITUB4;2;1786;1786;1786;14.84;26504.24;26504.24;26504.24;
;ACC02;BBAS3;2;4424;4424;4424;14.69;64988.56;64988.56;64988.56;
;ACC08;ABEV3;1;1695;1695;1695;18.08;30645.60;30645.60;30645.60;
;ACC03;ITUB4;1;5926;5926;5926;17.73;105067.98;105067.98;105067.98;
;ACC02;MGLU3;1;3931;3931;3931;14.07;55309.17;55309.17;55309.17;
;ACC02;WEGE3;1;9242;9242;9242;11.99;110811.58;110811.58;110811.58;
;ACC04;WEGE3;1;6341;6341;6341;17.52;111094.32;111094.32;111094.32;
;ACC05;ABEV3;1;7669;7669;7669;17.11;131216.59;131216.59;131216.59;
;ACC07;ITUB4;1;8541;8541;8541;16.31;139303.71;139303.71;139303.71;
;ACC10;VALE3;2;9730;9730;9730;11.47;111603.10;111603.10;111603.10;
;ACC08;MGLU3;1;5938;5938;5938;16.14;95839.32;95839.32;95839.32;
;ACC09;VALE3;2;1630;1630;1630;19.53;31833.90;31833.90;31833.90;
;ACC07;PETR4;2;2892;2892;2892;15.99;46243.08;46243.08;46243.08;
;ACC05;ABEV3;1;5552;5552;5552;13.29;73786.08;73786.08;73786.08;
;ACC01;MGLU3;2;9935;9935;9935;12.37;122895.95;122895.95;122895.95;
;ACC05;ABEV3;1;1779;1779;1779;19.23;34210.17;34210.17;34210.17;
;ACC03;WEGE3;2;1107;1107;1107;18.35;20313.45;20313.45;20313.45;
;ACC10;B3SA3;2;9031;9031;9031;17.10;154430.10;154430.10;154430.10;
;ACC08;MGLU3;2;3303;3303;3303;10.20;33690.60;33690.60;33690.60;
;ACC01;WEGE3;1;2426;2426;2426;10.68;25909.68;25909.68;25909.68;
;ACC08;VALE3;2;7353;7353;7353;13.63;100221.39;100221.39;100221.39;
;ACC07;BBDC4;2;5395;5395;5395;15.61;84215.95;84215.95;84215.95;
;ACC01;PETR4;2;3668;3668;3668;16.17;59311.56;59311.56;59311.56;
;ACC04;MGLU3;1;9377;9377;9377;17.68;165785.36;165785.36;165785.36;
;ACC06;MGLU3;1;6336;6336;6336;10.83;68618.88;68618.88;68618.88;
;ACC01;ITUB4;2;9073;9073;9073;18.52;168031.96;168031.96;168031.96;
;ACC08;ITUB4;1;7662;7662;7662;19.89;152397.18;152397.18;152397.18;
;ACC02;WEGE3;1;8170;8170;8170;15.96;130393.20;130393.20;130393.20;
;ACC07;MGLU3;1;3593;3593;3593;15.79;56733.47;56733.47;56733.47;
;ACC08;MGLU3;2;1507;1507;1507;12.85;19364.95;19364.95;19364.95;
;ACC10;B3SA3;2;2403;2403;2403;19.20;46137.60;46137.60;46137.60;
;ACC02;WEGE3;2;5241;5241;5241;10.01;52462.41;52462.41;52462.41;
;ACC09;WEGE3;2;6394;6394;6394;16.37;104669.78;104669.78;104669.78;
;ACC10;ITUB4;1;5970;5970;5970;18.51;110504.70;110504.70;110504.70;
;ACC07;WEGE3;2;1181;1181;1181;18.95;22379.95;22379.95;22379.95;
;ACC08;WEGE3;1;2606;2606;2606;19.03;49592.18;49592.18;49592.18;
;ACC10;PETR4;1;5111;5111;5111;17.90;91486.90;91486.90;91486.90;
;ACC03;ABEV3;2;8077;8077;8077;17.51;141428.27;141428.27;141428.27;
;ACC05;WEGE3;2;5907;5907;5907;12.44;73483.08;73483.08;73483.08;
;ACC07;BBDC4;1;5923;5923;5923;19.82;117393.86;117393.86;117393.86;
;ACC01;BBAS3;1;5210;5210;5210;13.71;71429.10;71429.10;71429.10;
;ACC05;VALE3;1;8714;8714;8714;12.95;112846.30;112846.30;112846.30;
;ACC06;BBAS3;2;5029;5029;5029;16.88;84889.52;84889.52;84889.52;
;ACC07;WEGE3;2;6228;6228;6228;17.17;106934.76;106934.76;106934.76;
;ACC05;WEGE3;2;8489;8489;8489;13.80;117148.20;117148.20;117148.20;
;ACC07;VALE3;1;9317;9317;9317;17.78;165656.26;165656.26;165656.26;
;ACC03;MGLU3;2;6613;6613;6613;12.87;85109.31;85109.31;85109.31;
;ACC06;PETR4;2;9442;9442;9442;15.54;146728.68;146728.68;146728.68;
;ACC03;ABEV3;2;1070;1070;1070;11.31;12101.70;12101.70;12101.70;
;ACC10;VALE3;1;7378;7378;7378;14.77;108973.06;108973.06;108973.06;
;ACC05;BBAS3;1;8301;8301;8301;18.86;156556.86;156556.86;156556.86;
;ACC01;PETR4;2;6146;6146;6146;18.22;111980.12;111980.12;111980.12;
;ACC05;VALE3;1;7282;7282;7282;14.49;105516.18;105516.18;105516.18;
;ACC08;ITUB4;2;6592;6592;6592;12.27;80883.84;80883.84;80883.84;
;ACC08;MGLU3;1;5880;5880;5880;17.24;101371.20;101371.20;101371.20;
;ACC10;WEGE3;2;5685;5685;5685;15.63;88856.55;88856.55;88856.55;
;ACC10;BBAS3;1;5178;5178;5178;10.49;54317.22;54317.22;54317.22;
;ACC01;PETR4;2;3427;3427;3427;16.14;55311.78;55311.78;55311.78;
;ACC10;BBDC4;2;1038;1038;1038;15.67;16265.46;16265.46;16265.46;
;ACC10;ABEV3;2;8660;8660;8660;18.00;155880.00;155880.00;155880.00;
;ACC02;WEGE3;2;4195;4195;4195;16.51;69259.45;69259.45;69259.45;
;ACC08;BBDC4;1;3860;3860;3860;18.66;72027.60;72027.60;72027.60;
;ACC10;PETR4;2;3855;3855;3855;10.04;38704.20;38704.20;38704.20;
;ACC07;BBAS3;1;2403;2403;2403;11.99;28811.97;28811.97;28811.97;
;ACC09;LREN3;1;9169;9169;9169;17.35;159082.15;159082.15;159082.15;
;ACC03;B3SA3;2;9504;9504;9504;14.29;135812.16;135812.16;135812.16;
;ACC05;ABEV3;2;1018;1018;1018;14.47;14730.46;14730.46;14730.46;
;ACC03;VALE3;1;8670;8670;8670;10.79;93549.30;93549.30;93549.30;
;ACC05;VALE3;2;9898;9898;9898;11.50;113827.00;113827.00;113827.00;
;ACC08;BBDC4;2;8091;8091;8091;16.22;131236.02;131236.02;131236.02;
;ACC05;WEGE3;2;8949;8949;8949;15.28;136740.72;136740.72;136740.72;
;ACC09;WEGE3;2;7956;7956;7956;18.26;145276.56;145276.56;145276.56;
;ACC03;ABEV3;1;4473;4473;4473;11.80;52781.40;52781.40;52781.40;
;ACC09;B3SA3;1;5008;5008;5008;17.06;85436.48;85436.48;85436.48;
;ACC08;VALE3;1;1676;1676;1676;10.67;17882.92;17882.92;17882.92;
;ACC06;BBDC4;1;3294;3294;3294;12.47;41076.18;41076.18;41076.18;
;ACC04;VALE3;1;7470;7470;7470;18.36;137149.20;137149.20;137149.20;
;ACC10;LREN3;1;4750;4750;4750;18.08;85880.00;85880.00;85880.00;
;ACC07;BBAS3;2;1551;1551;1551;16.72;25932.72;25932.72;25932.72;
;ACC01;LREN3;2;7227;7227;7227;12.55;90698.85;90698.85;90698.85;
;ACC10;PETR4;1;4914;4914;4914;19.37;95184.18;95184.18;95184.18;
;ACC03;MGLU3;2;4345;4345;4345;11.79;51227.55;51227.55;51227.55;
;ACC03;BBDC4;1;7949;7949;7949;13.02;103495.98;103495.98;103495.98;
;ACC07;WEGE3;2;7939;7939;7939;15.39;122181.21;122181.21;122181.21;
;ACC07;MGLU3;2;9239;9239;9239;19.70;182008.30;182008.30;182008.30;
;ACC02;LREN3;2;4188;4188;4188;18.25;76431.00;76431.00;76431.00;
;ACC01;PETR4;2;9445;9445;9445;14.63;138180.35;138180.35;138180.35;
;ACC05;VALE3;2;4534;4534;4534;19.03;86282.02;86282.02;86282.02;
;ACC07;LREN3;1;1158;1158;1158;12.04;13942.32;13942.32;13942.32;
;ACC03;ITUB4;1;9607;9607;9607;10.62;102026.34;102026.34;102026.34;
;ACC10;PETR4;2;2859;2859;2859;18.84;53863.56;53863.56;53863.56;
;ACC06;MGLU3;2;6233;6233;6233;16.72;104215.76;104215.76;104215.76;
;ACC05;MGLU3;2;7553;7553;7553;13.79;104155.87;104155.87;104155.87;
;ACC05;BBDC4;2;3641;3641;3641;17.35;63171.35;63171.35;63171.35;
;ACC05;LREN3;2;4264;4264;4264;18.64;79480.96;79480.96;79480.96;
;ACC02;BBAS3;1;5285;5285;5285;15.85;83767.25;83767.25;83767.25;
;ACC08;B3SA3;2;4248;4248;4248;16.86;71621.28;71621.28;71621.28;
;ACC03;MGLU3;1;8300;8300;8300;15.84;131472.00;131472.00;131472.00;
;ACC07;PETR4;1;7738;7738;7738;16.17;125123.46;125123.46;125123.46;
;ACC05;ITUB4;1;2275;2275;2275;17.90;40722.50;40722.50;40722.50;
;ACC08;PETR4;1;2425;2425;2425;11.22;27208.50;27208.50;27208.50;
;ACC04;VALE3;1;2344;2344;2344;15.56;36472.64;36472.64;36472.64;
;ACC04;BBDC4;2;9076;9076;9076;16.71;151659.96;151659.96;151659.96;
;ACC10;BBDC4;2;2855;2855;2855;17.94;51218.70;51218.70;51218.70;
;ACC06;WEGE3;2;4375;4375;4375;15.83;69256.25;69256.25;69256.25;
;ACC03;WEGE3;1;2430;2430;2430;10.27;24956.10;24956.10;24956.10;
;ACC10;BBDC4;2;4383;4383;4383;13.86;60748.38;60748.38;60748.38;
;ACC10;BBAS3;1;2384;2384;2384;12.26;29227.84;29227.84;29227.84;
;ACC04;ABEV3;1;1165;1165;1165;19.85;23125.25;23125.25;23125.25;
;ACC08;VALE3;2;5434;5434;5434;11.85;64392.90;64392.90;64392.90;
;ACC06;PETR4;2;7877;7877;7877;10.96;86331.92;86331.92;86331.92;
;ACC05;LREN3;2;1905;1905;1905;13.78;26250.90;26250.90;26250.90;
;ACC03;BBDC4;2;7443;7443;7443;17.57;130773.51;130773.51;130773.51;
;ACC09;BBAS3;2;1068;1068;1068;19.82;21167.76;21167.76;21167.76;
;ACC05;LREN3;2;2638;2638;2638;19.78;52179.64;52179.64;52179.64;
;ACC10;BBAS3;1;3904;3904;3904;10.74;41928.96;41928.96;41928.96;
;ACC07;MGLU3;1;3214;3214;3214;13.47;43292.58;43292.58;43292.58;
;ACC02;ITUB4;2;4261;4261;4261;15.21;64809.81;64809.81;64809.81;
;ACC08;B3SA3;2;7732;7732;7732;11.23;86830.36;86830.36;86830.36;
;ACC01;B3SA3;1;7656;7656;7656;12.75;97614.00;97614.00;97614.00;
;ACC09;ITUB4;1;5086;5086;5086;10.52;53504.72;53504.72;53504.72;
;ACC05;WEGE3;1;5826;5826;5826;18.84;109761.84;109761.84;109761.84;
;ACC07;VALE3;1;6114;6114;6114;11.07;67681.98;67681.98;67681.98;
;ACC10;B3SA3;2;6916;6916;6916;12.04;83268.64;83268.64;83268.64;
;ACC01;VALE3;2;9295;9295;9295;18.51;172050.45;172050.45;172050.45;
;ACC09;BBDC4;2;6478;6478;6478;15.90;103000.20;103000.20;103000.20;
;ACC01;VALE3;2;7546;7546;7546;16.96;127980.16;127980.16;127980.16;
;ACC08;BBAS3;1;4659;4659;4659;17.20;80134.80;80134.80;80134.80;
;ACC03;BBAS3;1;8555;8555;8555;18.46;157925.30;157925.30;157925.30;
;ACC08;MGLU3;1;6417;6417;6417;13.00;83421.00;83421.00;83421.00;
;ACC08;BBAS3;1;6036;6036;6036;18.88;113959.68;113959.68;113959.68;
;ACC03;ABEV3;2;7058;7058;7058;13.08;92318.64;92318.64;92318.64;
;ACC02;BBAS3;2;5430;5430;5430;19.62;106536.60;106536.60;106536.60;
;ACC09;VALE3;1;7272;7272;7272;13.41;97517.52;97517.52;97517.52;
;ACC08;MGLU3;1;3410;3410;3410;17.70;60357.00;60357.00;60357.00;
;ACC05;ABEV3;1;2602;2602;2602;18.16;47252.32;47252.32;47252.32;
;ACC02;PETR4;1;5288;5288;5288;13.12;69378.56;69378.56;69378.56;
;ACC03;MGLU3;2;7120;7120;7120;19.41;138199.20;138199.20;138199.20;
;ACC03;B3SA3;1;1440;1440;1440;12.95;18648.00;18648.00;18648.00;
;ACC04;WEGE3;1;2583;2583;2583;18.96;48973.68;48973.68;48973.68;
;ACC03;LREN3;2;3961;3961;3961;17.80;70505.80;70505.80;70505.80;
;ACC09;ITUB4;1;2796;2796;2796;11.88;33216.48;33216.48;33216.48;
;ACC09;VALE3;2;5018;5018;5018;11.65;58459.70;58459.70;58459.70;
;ACC05;ITUB4;1;3122;3122;3122;17.19;53667.18;53667.18;53667.18;
;ACC08;ABEV3;2;9126;9126;9126;13.82;126121.32;126121.32;126121.32;
;ACC10;BBDC4;1;4375;4375;4375;10.02;43837.50;43837.50;43837.50;
;ACC04;B3SA3;2;3318;3318;3318;19.44;64501.92;64501.92;64501.92;
;ACC01;BBAS3;1;7092;7092;7092;18.26;129499.92;129499.92;129499.92;
;ACC06;MGLU3;2;5777;5777;5777;15.82;91392.14;91392.14;91392.14;
;ACC06;MGLU3;1;7271;7271;7271;14.12;102666.52;102666.52;102666.52;
;ACC03;ITUB4;1;8953;8953;8953;10.60;94901.80;94901.80;94901.80;
;ACC03;VALE3;2;7415;7415;7415;19.40;143851.00;143851.00;143851.00;
;ACC01;MGLU3;1;4318;4318;4318;12.56;54234.08;54234.08;54234.08;
;ACC04;VALE3;2;9911;9911;9911;11.03;109318.33;109318.33;109318.33;
;ACC02;PETR4;2;2374;2374;2374;17.88;42447.12;42447.12;42447.12;
;ACC05;VALE3;2;8906;8906;8906;19.30;171885.80;171885.80;171885.80;
;ACC09;PETR4;2;5322;5322;5322;13.23;70410.06;70410.06;70410.06;
;ACC10;BBAS3;1;6248;6248;6248;11.72;73226.56;73226.56;73226.56;
;ACC05;WEGE3;2;3824;3824;3824;18.27;69864.48;69864.48;69864.48;
;ACC01;BBAS3;1;6504;6504;6504;12.56;81690.24;81690.24;81690.24;
;ACC05;PETR4;2;3956;3956;3956;12.54;49608.24;49608.24;49608.24;
;ACC02;LREN3;2;2636;2636;2636;19.38;51085.68;51085.68;51085.68;
;ACC01;ITUB4;1;4457;4457;4457;10.21;45505.97;45505.97;45505.97;
;ACC03;BBDC4;1;9886;9886;9886;16.93;167369.98;167369.98;167369.98;
;ACC04;WEGE3;1;6951;6951;6951;17.88;124283.88;124283.88;124283.88;
;ACC05;MGLU3;2;5839;5839;5839;10.71;62535.69;62535.69;62535.69;
;ACC10;BBDC4;1;8860;8860;8860;17.31;153366.60;153366.60;153366.60;
;ACC04;BBAS3;2;6768;6768;6768;16.80;113702.40;113702.40;113702.40;
;ACC09;B3SA3;2;9463;9463;9463;10.71;101348.73;101348.73;101348.73;
;ACC08;MGLU3;1;6012;6012;6012;15.86;95350.32;95350.32;95350.32;
;ACC07;BBDC4;2;4373;4373;4373;16.83;73597.59;73597.59;73597.59;
;ACC08;ITUB4;2;5846;5846;5846;15.78;92249.88;92249.88;92249.88;
;ACC08;ITUB4;2;4160;4160;4160;13.67;56867.20;56867.20;56867.20;
;ACC05;WEGE3;2;2856;2856;2856;10.41;29730.96;29730.96;29730.96;
;ACC09;PETR4;2;6537;6537;6537;18.17;118777.29;118777.29;118777.29;
;ACC03;MGLU3;1;3024;3024;3024;16.33;49381.92;49381.92;49381.92;
;ACC01;MGLU3;1;6030;6030;6030;19.34;116620.20;116620.20;116620.20;
;ACC06;ABEV3;2;1733;1733;1733;14.35;24868.55;24868.55;24868.55;
;ACC01;BBDC4;2;1544;1544;1544;11.22;17323.68;17323.68;17323.68;
;ACC06;PETR4;1;9235;9235;9235;16.84;155517.40;155517.40;155517.40;
;ACC02;VALE3;2;1622;1622;1622;12.81;20777.82;20777.82;20777.82;
;ACC06;ITUB4;1;9670;9670;9670;17.13;165647.10;165647.10;165647.10;
;ACC10;PETR4;2;3639;3639;3639;10.80;39301.20;39301.20;39301.20;
;ACC04;ITUB4;1;4398;4398;4398;10.59;46574.82;46574.82;46574.82;
;ACC09;BBAS3;2;4955;4955;4955;18.05;89437.75;89437.75;89437.75;
;ACC01;PETR4;2;4827;4827;4827;17.67;85293.09;85293.09;85293.09;
;ACC10;WEGE3;1;6819;6819;6819;15.73;107262.87;107262.87;107262.87;
;ACC02;WEGE3;2;8742;8742;8742;17.54;153334.68;153334.68;153334.68;
;ACC07;BBDC4;1;7196;7196;7196;17.98;129384.08;129384.08;129384.08;
;ACC06;ABEV3;1;6425;6425;6425;14.43;92712.75;92712.75;92712.75;
;ACC01;B3SA3;1;3639;3639;3639;17.36;63173.04;63173.04;63173.04;
;ACC03;LREN3;2;8042;8042;8042;16.75;134703.50;134703.50;134703.50;
;ACC07;LREN3;1;1130;1130;1130;16.95;19153.50;19153.50;19153.50;
;ACC06;BBDC4;1;9721;9721;9721;11.83;114999.43;114999.43;114999.43;
;ACC10;BBAS3;1;5263;5263;5263;17.45;91839.35;91839.35;91839.35;
;ACC07;B3SA3;2;7004;7004;7004;13.02;91192.08;91192.08;91192.08;
;ACC05;BBDC4;2;1686;1686;1686;12.97;21867.42;21867.42;21867.42;
;ACC01;BBAS3;1;7986;7986;7986;17.38;138796.68;138796.68;138796.68;
;ACC05;PETR4;2;8822;8822;8822;11.33;99953.26;99953.26;99953.26;
;ACC05;VALE3;1;2396;2396;2396;17.59;42145.64;42145.64;42145.64;
;ACC01;BBDC4;1;2689;2689;2689;12.26;32967.14;32967.14;32967.14;
;ACC02;BBDC4;1;3099;3099;3099;13.33;41309.67;41309.67;41309.67;
;ACC05;BBDC4;2;9385;9385;9385;13.26;124445.10;124445.10;124445.10;
;ACC05;LREN3;1;2306;2306;2306;16.96;39109.76;39109.76;39109.76;
;ACC04;LREN3;2;3157;3157;3157;11.65;36779.05;36779.05;36779.05;
;ACC08;PETR4;2;6154;6154;6154;10.21;62832.34;62832.34;62832.34;
;ACC09;BBDC4;2;2087;2087;2087;15.05;31409.35;31409.35;31409.35;
;ACC03;PETR4;2;9288;9288;9288;10.72;99567.36;99567.36;99567.36;
;ACC09;BBDC4;1;2472;2472;2472;18.99;46943.28;46943.28;46943.28;
;ACC10;VALE3;2;3963;3963;3963;17.69;70105.47;70105.47;70105.47;
;ACC03;BBDC4;2;4209;4209;4209;18.91;79592.19;79592.19;79592.19;
;ACC02;VALE3;2;8218;8218;8218;14.24;117024.32;117024.32;117024.32;
;ACC03;ABEV3;2;1640;1640;1640;12.95;21238.00;21238.00;21238.00;
;ACC06;BBDC4;1;2343;2343;2343;14.71;34465.53;34465.53;34465.53;
;ACC03;B3SA3;2;3651;3651;3651;14.00;51114.00;51114.00;51114.00;
;ACC10;LREN3;2;4531;4531;4531;13.94;63162.14;63162.14;63162.14;
;ACC04;BBDC4;1;8680;8680;8680;10.94;94959.20;94959.20;94959.20;
;ACC09;PETR4;1;4290;4290;4290;11.94;51222.60;51222.60;51222.60;
;ACC02;LREN3;1;4413;4413;4413;16.64;73432.32;73432.32;73432.32;
;ACC09;LREN3;2;3996;3996;3996;15.48;61858.08;61858.08;61858.08;
;ACC01;BBAS3;2;5202;5202;5202;14.75;76729.50;76729.50;76729.50;
;ACC07;WEGE3;1;7959;7959;7959;19.99;159100.41;159100.41;159100.41;
;ACC01;MGLU3;1;1595;1595;1595;12.59;20081.05;20081.05;20081.05;
;ACC05;VALE3;1;8988;8988;8988;10.04;90239.52;90239.52;90239.52;
;ACC09;BBAS3;1;3239;3239;3239;15.62;50593.18;50593.18;50593.18;
;ACC08;BBAS3;1;6371;6371;6371;19.00;121049.00;121049.00;121049.00;
;ACC01;PETR4;1;7289;7289;7289;10.85;79085.65;79085.65;79085.65;
;ACC05;MGLU3;2;2367;2367;2367;14.39;34061.13;34061.13;34061.13;
;ACC08;VALE3;2;4521;4521;4521;12.19;55110.99;55110.99;55110.99;
;ACC10;WEGE3;1;7835;7835;7835;14.39;112745.65;112745.65;112745.65;
;ACC10;WEGE3;1;6275;6275;6275;11.56;72539.00;72539.00;72539.00;
;ACC01;VALE3;1;7180;7180;7180;10.62;76251.60;76251.60;76251.60;
;ACC06;BBAS3;1;2137;2137;2137;11.44;24447.28;24447.28;24447.28;
;ACC03;WEGE3;1;3884;3884;3884;18.65;72436.60;72436.60;72436.60;
;ACC06;BBDC4;1;2529;2529;2529;10.38;26251.02;26251.02;26251.02;
;ACC08;MGLU3;2;3190;3190;3190;13.28;42363.20;42363.20;42363.20;
;ACC10;BBAS3;1;7860;7860;7860;15.40;121044.00;121044.00;121044.00;
;ACC02;PETR4;2;5806;5806;5806;15.57;90399.42;90399.42;90399.42;
;ACC04;BBAS3;2;2704;2704;2704;13.07;35341.28;35341.28;35341.28;
;ACC06;ITUB4;1;1398;1398;1398;13.41;18747.18;18747.18;18747.18;
;ACC01;WEGE3;1;2103;2103;2103;16.75;35225.25;35225.25;35225.25;
;ACC09;ABEV3;1;9797;9797;9797;16.71;163707.87;163707.87;163707.87;
;ACC04;BBDC4;2;5715;5715;5715;10.38;59321.70;59321.70;59321.70;
;ACC10;ITUB4;1;8108;8108;8108;19.88;161187.04;161187.04;161187.04;
;ACC06;ABEV3;2;6722;6722;6722;18.42;123819.24;123819.24;123819.24;
;ACC04;VALE3;2;7948;7948;7948;16.44;130665.12;130665.12;130665.12;
;ACC07;B3SA3;2;8905;8905;8905;14.20;126451.00;126451.00;126451.00;
;ACC05;BBDC4;1;3104;3104;3104;10.87;33740.48;33740.48;33740.48;
;ACC10;MGLU3;2;8922;8922;8922;14.11;125889.42;125889.42;125889.42;
;ACC10;BBDC4;2;1175;1175;1175;12.55;14746.25;14746.25;14746.25;
;ACC10;MGLU3;2;8905;8905;8905;15.34;136602.70;136602.70;136602.70;
;ACC09;ABEV3;2;4665;4665;4665;10.21;47629.65;47629.65;47629.65;
;ACC01;B3SA3;1;3480;3480;3480;15.23;53000.40;53000.40;53000.40;
;ACC01;ITUB4;1;1229;1229;1229;12.22;15018.38;15018.38;15018.38;
;ACC04;LREN3;1;9736;9736;9736;14.91;145163.76;145163.76;145163.76;
;ACC09;MGLU3;2;6169;6169;6169;19.73;121714.37;121714.37;121714.37;
;ACC08;ITUB4;1;4975;4975;4975;19.81;98554.75;98554.75;98554.75;
;ACC02;B3SA3;2;2927;2927;2927;14.25;41709.75;41709.75;41709.75;
;ACC10;B3SA3;2;7387;7387;7387;18.08;133556.96;133556.96;133556.96;
;ACC09;MGLU3;2;2627;2627;2627;16.46;43240.42;43240.42;43240.42;
;ACC06;ABEV3;2;2315;2315;2315;19.81;45860.15;45860.15;45860.15;
;ACC04;LREN3;2;8672;8672;8672;17.06;147944.32;147944.32;147944.32;
;ACC07;B3SA3;1;7504;7504;7504;10.75;80668.00;80668.00;80668.00;
;ACC07;B3SA3;1;2954;2954;2954;11.22;33143.88;33143.88;33143.88;
;ACC09;PETR4;1;8396;8396;8396;17.03;142983.88;142983.88;142983.88;
;ACC04;VALE3;2;9409;9409;9409;10.60;99735.40;99735.40;99735.40;
;ACC08;ITUB4;1;4360;4360;4360;18.25;79570.00;79570.00;79570.00;
;ACC09;B3SA3;2;1167;1167;1167;17.63;20574.21;20574.21;20574.21;
;ACC07;VALE3;2;2792;2792;2792;15.73;43918.16;43918.16;43918.16;
;ACC08;B3SA3;2;1569;1569;1569;18.12;28430.28;28430.28;28430.28;
;ACC02;PETR4;1;4159;4159;4159;14.89;61927.51;61927.51;61927.51;
;ACC05;ITUB4;1;3430;3430;3430;10.42;35740.60;35740.60;35740.60;
;ACC09;MGLU3;1;3376;3376;3376;11.73;39600.48;39600.48;39600.48;
;ACC04;LREN3;1;1334;1334;1334;10.51;14020.34;14020.34;14020.34;
;ACC01;BBDC4;1;1892;1892;1892;15.90;30082.80;30082.80;30082.80;
;ACC04;ITUB4;1;7109;7109;7109;11.69;83104.21;83104.21;83104.21;
;ACC01;WEGE3;2;3794;3794;3794;16.03;60817.82;60817.82;60817.82;
;ACC09;ABEV3;1;8419;8419;8419;10.43;87810.17;87810.17;87810.17;
;ACC02;PETR4;1;9277;9277;9277;18.11;168006.47;168006.47;168006.47;
;ACC01;ABEV3;1;9738;9738;9738;10.30;100301.40;100301.40;100301.40;
;ACC04;B3SA3;1;6893;6893;6893;13.35;92021.55;92021.55;92021.55;
;ACC10;LREN3;2;9431;9431;9431;12.26;115624.06;115624.06;115624.06;
;ACC08;PETR4;2;1681;1681;1681;13.96;23466.76;23466.76;23466.76;
;ACC07;MGLU3;1;8257;8257;8257;13.57;112047.49;112047.49;112047.49;
;ACC10;BBDC4;1;7067;7067;7067;17.23;121764.41;121764.41;121764.41;
;ACC08;ITUB4;2;8175;8175;8175;16.77;137094.75;137094.75;137094.75;
;ACC06;WEGE3;2;4474;4474;4474;18.77;83976.98;83976.98;83976.98;
;ACC05;WEGE3;2;7494;7494;7494;11.39;85356.66;85356.66;85356.66;
;ACC08;BBAS3;2;7880;7880;7880;17.44;137427.20;137427.20;137427.20;
;ACC03;BBDC4;2;4832;4832;4832;17.80;86009.60;86009.60;86009.60;
;ACC02;ABEV3;2;9466;9466;9466;15.06;142557.96;142557.96;142557.96;
;ACC05;WEGE3;1;9829;9829;9829;11.46;112640.34;112640.34;112640.34;
;ACC10;PETR4;2;3312;3312;3312;11.02;36498.24;36498.24;36498.24;
;ACC06;B3SA3;2;9252;9252;9252;14.33;132581.16;132581.16;132581.16;
;ACC08;LREN3;2;8450;8450;8450;18.20;153790.00;153790.00;153790.00;
;ACC01;VALE3;2;1435;1435;1435;12.15;17435.25;17435.25;17435.25;
;ACC04;ITUB4;2;9933;9933;9933;14.55;144525.15;144525.15;144525.15;
;ACC05;VALE3;1;1359;1359;1359;11.64;15818.76;15818.76;15818.76;
;ACC06;BBAS3;1;7962;7962;7962;15.48;123251.76;123251.76;123251.76;
;ACC09;B3SA3;2;4248;4248;4248;15.94;67713.12;67713.12;67713.12;
;ACC07;B3SA3;1;1967;1967;1967;14.33;28187.11;28187.11;28187.11;
;ACC04;BBAS3;2;1861;1861;1861;12.60;23448.60;23448.60;23448.60;
;ACC07;BBAS3;1;4954;4954;4954;10.02;49639.08;49639.08;49639.08;
;ACC08;ABEV3;1;9684;9684;9684;17.43;168792.12;168792.12;168792.12;
;ACC06;WEGE3;2;9982;9982;9982;19.37;193351.34;193351.34;193351.34;
;ACC10;LREN3;1;5347;5347;5347;18.06;96566.82;96566.82;96566.82;
;ACC05;PETR4;2;1167;1167;1167;10.14;11833.38;11833.38;11833.38;
;ACC01;MGLU3;2;2018;2018;2018;11.80;23812.40;23812.40;23812.40;
;ACC10;WEGE3;2;9971;9971;9971;12.82;127828.22;127828.22;127828.22;
;ACC03;PETR4;1;7175;7175;7175;16.36;117383.00;117383.00;117383.00;
;ACC08;MGLU3;1;7410;7410;7410;14.27;105740.70;105740.70;105740.70;
;ACC09;VALE3;2;2038;2038;2038;13.12;26738.56;26738.56;26738.56;
;ACC01;BBAS3;2;1428;1428;1428;15.46;22076.88;22076.88;22076.88;
;ACC06;WEGE3;1;9966;9966;9966;16.74;166830.84;166830.84;166830.84;
;ACC09;ABEV3;1;6212;6212;6212;19.29;119829.48;119829.48;119829.48;
;ACC07;PETR4;1;7398;7398;7398;11.21;82931.58;82931.58;82931.58;
;ACC05;VALE3;1;2125;2125;2125;14.44;30685.00;30685.00;30685.00;
;ACC05;WEGE3;1;1457;1457;1457;12.37;18023.09;18023.09;18023.09;
;ACC01;BBAS3;1;1484;1484;1484;19.90;29531.60;29531.60;29531.60;
;ACC02;MGLU3;2;4912;4912;4912;14.61;71764.32;71764.32;71764.32;
;ACC07;LREN3;2;8019;8019;8019;15.12;121247.28;121247.28;121247.28;
;ACC01;B3SA3;2;5668;5668;5668;13.13;74420.84;74420.84;74420.84;
;ACC01;VALE3;2;9881;9881;9881;18.03;178154.43;178154.43;178154.43;
;ACC06;WEGE3;2;8941;8941;8941;16.38;146453.58;146453.58;146453.58;
;ACC02;MGLU3;1;2532;2532;2532;18.34;46436.88;46436.88;46436.88;
;ACC04;BBDC4;2;7493;7493;7493;10.10;75679.30;75679.30;75679.30;
;ACC06;ABEV3;1;9427;9427;9427;10.53;99266.31;99266.31;99266.31;
;ACC04;VALE3;1;2496;2496;2496;16.24;40535.04;40535.04;40535.04;
;ACC07;MGLU3;2;8263;8263;8263;14.37;118739.31;118739.31;118739.31;
;ACC03;BBDC4;1;2509;2509;2509;13.54;33971.86;33971.86;33971.86;
;ACC09;ITUB4;2;7079;7079;7079;14.17;100309.43;100309.43;100309.43;
;ACC08;WEGE3;2;4798;4798;4798;10.37;49755.26;49755.26;49755.26;
;ACC06;VALE3;1;8927;8927;8927;19.25;171844.75;171844.75;171844.75;
;ACC02;ABEV3;2;1331;1331;1331;10.74;14294.94;14294.94;14294.94;
;ACC06;LREN3;2;6467;6467;6467;17.36;112267.12;112267.12;112267.12;
;ACC07;MGLU3;2;6320;6320;6320;18.79;118752.80;118752.80;118752.80;
;ACC01;ITUB4;2;5456;5456;5456;16.18;88278.08;88278.08;88278.08;
;ACC10;MGLU3;2;4603;4603;4603;14.11;64948.33;64948.33;64948.33;
;ACC03;BBDC4;1;7354;7354;7354;18.50;136049.00;136049.00;136049.00;
;ACC04;LREN3;2;5740;5740;5740;14.12;81048.80;81048.80;81048.80;
;ACC07;ITUB4;2;1982;1982;1982;10.21;20236.22;20236.22;20236.22;
;ACC05;LREN3;2;3348;3348;3348;11.63;38937.24;38937.24;38937.24;
;ACC08;ITUB4;2;8705;8705;8705;14.53;126483.65;126483.65;126483.65;
;ACC06;ITUB4;2;9749;9749;9749;15.53;151401.97;151401.97;151401.97;
;ACC10;VALE3;2;7431;7431;7431;16.78;124692.18;124692.18;124692.18;
;ACC02;B3SA3;1;1011;1011;1011;11.33;11454.63;11454.63;11454.63;
;ACC05;PETR4;2;9885;9885;9885;17.76;175557.60;175557.60;175557.60;
;ACC06;LREN3;1;3644;3644;3644;13.25;48283.00;48283.00;48283.00;
;ACC09;MGLU3;2;6901;6901;6901;18.55;128013.55;128013.55;128013.55;
;ACC06;ABEV3;2;1273;1273;1273;11.98;15250.54;15250.54;15250.54;
;ACC04;BBAS3;1;6503;6503;6503;11.45;74459.35;74459.35;74459.35;
;ACC05;WEGE3;2;9186;9186;9186;11.30;103801.80;103801.80;103801.80;
;ACC08;WEGE3;1;5385;5385;5385;17.10;92083.50;92083.50;92083.50;
;ACC07;BBAS3;1;8815;8815;8815;15.87;139894.05;139894.05;139894.05;
;ACC09;BBDC4;1;5788;5788;5788;10.42;60310.96;60310.96;60310.96;
;ACC08;ABEV3;1;8313;8313;8313;12.41;103164.33;103164.33;103164.33;
;ACC10;B3SA3;2;5042;5042;5042;12.69;63982.98;63982.98;63982.98;
;ACC10;WEGE3;2;8682;8682;8682;19.16;166347.12;166347.12;166347.12;
;ACC10;BBDC4;1;7649;7649;7649;18.08;138293.92;138293.92;138293.92;
;ACC07;PETR4;2;6663;6663;6663;12.28;81821.64;81821.64;81821.64;
;ACC01;BBDC4;2;5588;5588;5588;11.56;64597.28;64597.28;64597.28;
;ACC04;ITUB4;2;2416;2416;2416;13.16;31794.56;31794.56;31794.56;
;ACC08;VALE3;2;8444;8444;8444;14.19;119820.36;119820.36;119820.36;
;ACC04;BBAS3;2;4286;4286;4286;13.49;57818.14;57818.14;57818.14;
;ACC06;MGLU3;1;5117;5117;5117;18.31;93692.27;93692.27;93692.27;
;ACC06;MGLU3;2;7407;7407;7407;14.80;109623.60;109623.60;109623.60;
;ACC08;LREN3;1;4846;4846;4846;12.98;62901.08;62901.08;62901.08;
;ACC05;BBAS3;1;7018;7018;7018;19.31;135517.58;135517.58;135517.58;
;ACC09;MGLU3;1;4034;4034;4034;15.58;62849.72;62849.72;62849.72;
;ACC07;ITUB4;2;4692;4692;4692;11.15;52315.80;52315.80;52315.80;
;ACC03;BBDC4;1;3636;3636;3636;10.22;37159.92;37159.92;37159.92;
;ACC07;VALE3;2;5583;5583;5583;12.45;69508.35;69508.35;69508.35;
;ACC06;B3SA3;1;2927;2927;2927;15.86;46422.22;46422.22;46422.22;
;ACC05;MGLU3;1;6856;6856;6856;17.18;117786.08;117786.08;117786.08;
;ACC09;WEGE3;1;8406;8406;8406;14.26;119869.56;119869.56;119869.56;
;ACC06;BBAS3;2;5103;5103;5103;17.43;88945.29;88945.29;88945.29;
;ACC05;MGLU3;2;2549;2549;2549;16.24;41395.76;41395.76;41395.76;
;ACC03;MGLU3;1;3634;3634;3634;12.84;46660.56;46660.56;46660.56;
;ACC04;ITUB4;1;2311;2311;2311;16.96;39194.56;39194.56;39194.56;
;ACC08;WEGE3;1;2357;2357;2357;19.28;45442.96;45442.96;45442.96;
;ACC01;LREN3;2;9518;9518;9518;14.57;138677.26;138677.26;138677.26;
;ACC02;LREN3;2;2841;2841;2841;17.02;48353.82;48353.82;48353.82;
;ACC02;PETR4;1;6603;6603;6603;18.19;120108.57;120108.57;120108.57;
;ACC05;B3SA3;1;6865;6865;6865;19.09;131052.85;131052.85;131052.85;
;ACC04;BBDC4;1;8596;8596;8596;14.29;122836.84;122836.84;122836.84;
;ACC03;BBAS3;2;3682;3682;3682;17.95;66091.90;66091.90;66091.90;
;ACC01;MGLU3;1;1575;1575;1575;14.34;22585.50;22585.50;22585.50;
;ACC02;B3SA3;2;1544;1544;1544;12.53;19346.32;19346.32;19346.32;
;ACC01;VALE3;2;2366;2366;2366;18.58;43960.28;43960.28;43960.28;
;ACC04;ITUB4;1;2664;2664;2664;10.23;27252.72;27252.72;27252.72;
;ACC01;WEGE3;1;1331;1331;1331;19.59;26074.29;26074.29;26074.29;
;ACC04;BBAS3;2;8222;8222;8222;12.99;106803.78;106803.78;106803.78;
;ACC09;BBDC4;2;7195;7195;7195;15.25;109723.75;109723.75;109723.75;
;ACC10;LREN3;2;6310;6310;6310;14.19;89538.90;89538.90;89538.90;
;ACC02;VALE3;1;2219;2219;2219;14.39;31931.41;31931.41;31931.41;
;ACC10;B3SA3;1;7523;7523;7523;14.22;106977.06;106977.06;106977.06;
;ACC08;PETR4;2;7064;7064;7064;12.16;85898.24;85898.24;85898.24;
;ACC09;ITUB4;2;1437;1437;1437;18.63;26771.31;26771.31;26771.31;
;ACC02;BBDC4;2;5779;5779;5779;11.89;68712.31;68712.31;68712.31;
;ACC01;VALE3;2;1647;1647;1647;18.26;30074.22;30074.22;30074.22;
;ACC03;PETR4;1;2517;2517;2517;14.38;36194.46;36194.46;36194.46;
;ACC03;PETR4;2;3523;3523;3523;19.68;69332.64;69332.64;69332.64;
;ACC06;WEGE3;1;2024;2024;2024;19.60;39670.40;39670.40;39670.40;
;ACC06;PETR4;2;6340;6340;6340;14.67;93007.80;93007.80;93007.80;
;ACC07;ABEV3;1;7246;7246;7246;15.44;111878.24;111878.24;111878.24;
;ACC07;PETR4;2;1490;1490;1490;17.42;25955.80;25955.80;25955.80;
;ACC08;PETR4;2;5412;5412;5412;14.11;76363.32;76363.32;76363.32;
;ACC04;ITUB4;1;3407;3407;3407;15.19;51752.33;51752.33;51752.33;
;ACC05;VALE3;1;9036;9036;9036;14.05;126955.80;126955.80;126955.80;
;ACC01;VALE3;2;4377;4377;4377;15.89;69550.53;69550.53;69550.53;
;ACC02;MGLU3;2;9002;9002;9002;15.19;136740.38;136740.38;136740.38;
;ACC02;VALE3;2;3026;3026;3026;18.29;55345.54;55345.54;55345.54;
;ACC09;PETR4;2;6859;6859;6859;18.50;126891.50;126891.50;126891.50;
;ACC09;MGLU3;2;9386;9386;9386;18.11;169980.46;169980.46;169980.46;
;ACC05;B3SA3;1;5112;5112;5112;14.72;75248.64;75248.64;75248.64;
;ACC06;LREN3;2;8096;8096;8096;18.28;147994.88;147994.88;147994.88;
;ACC01;B3SA3;1;3325;3325;3325;13.45;44721.25;44721.25;44721.25;
;ACC09;WEGE3;1;9904;9904;9904;13.54;134100.16;134100.16;134100.16;
;ACC03;ABEV3;1;4379;4379;4379;16.02;70151.58;70151.58;70151.58;
;ACC07;MGLU3;2;7021;7021;7021;11.80;82847.80;82847.80;82847.80;
;ACC07;LREN3;1;9205;9205;9205;19.78;182074.90;182074.90;182074.90;
;ACC01;ABEV3;1;3811;3811;3811;14.98;57088.78;57088.78;57088.78;
;ACC01;ITUB4;1;4284;4284;4284;11.15;47766.60;47766.60;47766.60;
;ACC01;ITUB4;2;9842;9842;9842;15.47;152255.74;152255.74;152255.74;
;ACC10;BBAS3;1;3984;3984;3984;18.63;74221.92;74221.92;74221.92;
;ACC08;MGLU3;2;7577;7577;7577;13.68;103653.36;103653.36;103653.36;
;ACC09;ABEV3;1;3505;3505;3505;12.92;45284.60;45284.60;45284.60;
;ACC02;BBAS3;2;7138;7138;7138;14.78;105499.64;105499.64;105499.64;
;ACC05;LREN3;1;3165;3165;3165;16.05;50798.25;50798.25;50798.25;
;ACC01;PETR4;1;9420;9420;9420;14.84;139792.80;139792.80;139792.80;
;ACC04;VALE3;1;9742;9742;9742;16.07;156553.94;156553.94;156553.94;
;ACC01;B3SA3;1;6772;6772;6772;19.48;131918.56;131918.56;131918.56;
;ACC05;PETR4;2;4309;4309;4309;16.89;72779.01;72779.01;72779.01;
;ACC10;WEGE3;1;1507;1507;1507;10.90;16426.30;16426.30;16426.30;
;ACC01;ABEV3;2;6970;6970;6970;17.44;121556.80;121556.80;121556.80;
;ACC05;WEGE3;2;7797;7797;7797;19.63;153055.11;153055.11;153055.11;
;ACC02;VALE3;2;9661;9661;9661;13.57;131099.77;131099.77;131099.77;
;ACC03;LREN3;2;3096;3096;3096;11.33;35077.68;35077.68;35077.68;
;ACC05;ABEV3;1;3855;3855;3855;19.30;74401.50;74401.50;74401.50;
;ACC08;B3SA3;1;3137;3137;3137;11.57;36295.09;36295.09;36295.09;
;ACC04;MGLU3;2;1711;1711;1711;11.79;20172.69;20172.69;20172.69;
;ACC05;ABEV3;2;3652;3652;3652;17.44;63690.88;63690.88;63690.88;
;ACC03;B3SA3;1;5330;5330;5330;17.39;92688.70;92688.70;92688.70;
;ACC02;LREN3;2;3846;3846;3846;13.68;52613.28;52613.28;52613.28;
;ACC10;LREN3;2;4959;4959;4959;15.51;76914.09;76914.09;76914.09;
;ACC08;B3SA3;2;6929;6929;6929;18.45;127840.05;127840.05;127840.05;
;ACC06;ITUB4;2;6169;6169;6169;16.36;100924.84;100924.84;100924.84;
;ACC08;PETR4;1;4565;4565;4565;17.05;77833.25;77833.25;77833.25;
;ACC06;VALE3;1;7898;7898;7898;15.27;120602.46;120602.46;120602.46;
;ACC09;LREN3;2;8445;8445;8445;13.62;115020.90;115020.90;115020.90;
;ACC09;BBAS3;2;4122;4122;4122;18.88;77823.36;77823.36;77823.36;
;ACC09;ITUB4;1;5446;5446;5446;19.78;107721.88;107721.88;107721.88;
;ACC03;BBDC4;2;8139;8139;8139;17.68;143897.52;143897.52;143897.52;
;ACC08;BBDC4;2;9806;9806;9806;11.48;112572.88;112572.88;112572.88;
;ACC08;B3SA3;2;5800;5800;5800;11.53;66874.00;66874.00;66874.00;
;ACC09;WEGE3;1;3982;3982;3982;13.66;54394.12;54394.12;54394.12;
;ACC09;PETR4;2;7903;7903;7903;10.48;82823.44;82823.44;82823.44;
;ACC04;PETR4;2;1503;1503;1503;13.38;20110.14;20110.14;20110.14;
;ACC01;MGLU3;1;6025;6025;6025;13.61;82000.25;82000.25;82000.25;
;ACC05;WEGE3;2;1575;1575;1575;14.46;22774.50;22774.50;22774.50;
;ACC10;ITUB4;1;9040;9040;9040;14.48;130899.20;130899.20;130899.20;
;ACC03;ABEV3;2;4358;4358;4358;18.34;79925.72;79925.72;79925.72;
;ACC04;ITUB4;2;9691;9691;9691;14.87;144105.17;144105.17;144105.17;
;ACC07;LREN3;2;8356;8356;8356;19.03;159014.68;159014.68;159014.68;
;ACC06;BBAS3;2;4686;4686;4686;13.11;61433.46;61433.46;61433.46;
;ACC08;VALE3;1;3049;3049;3049;12.71;38752.79;38752.79;38752.79;
;ACC10;B3SA3;1;5062;5062;5062;12.78;64692.36;64692.36;64692.36;
;ACC04;PETR4;1;2920;2920;2920;13.49;39390.80;39390.80;39390.80;
;ACC08;PETR4;1;4280;4280;4280;18.18;77810.40;77810.40;77810.40;
;ACC08;LREN3;1;7451;7451;7451;10.55;78608.05;78608.05;78608.05;
;ACC07;LREN3;2;8083;8083;8083;18.95;153172.85;153172.85;153172.85;
;ACC02;MGLU3;1;7130;7130;7130;12.70;90551.00;90551.00;90551.00;
;ACC07;ITUB4;2;9929;9929;9929;10.50;104254.50;104254.50;104254.50;
;ACC05;ABEV3;1;2456;2456;2456;13.75;33770.00;33770.00;33770.00;
;ACC08;B3SA3;1;1858;1858;1858;11.32;21032.56;21032.56;21032.56;
;ACC10;BBDC4;2;8471;8471;8471;13.61;115290.31;115290.31;115290.31;
;ACC01;B3SA3;2;2599;2599;2599;18.74;48705.26;48705.26;48705.26;
;ACC10;WEGE3;2;7737;7737;7737;19.01;147080.37;147080.37;147080.37;
;ACC06;VALE3;2;4954;4954;4954;11.89;58903.06;58903.06;58903.06;
;ACC07;BBAS3;2;6356;6356;6356;19.98;126992.88;126992.88;126992.88;
;ACC06;ABEV3;1;2702;2702;2702;16.79;45366.58;45366.58;45366.58;
;ACC07;VALE3;1;1725;1725;1725;18.02;31084.50;31084.50;31084.50;
;ACC02;BBAS3;1;5881;5881;5881;18.28;107504.68;107504.68;107504.68;
;ACC01;PETR4;2;3053;3053;3053;17.55;53580.15;53580.15;53580.15;
;ACC06;B3SA3;2;7147;7147;7147;17.44;124643.68;124643.68;124643.68;
;ACC04;BBAS3;1;3710;3710;3710;18.09;67113.90;67113.90;67113.90;
;ACC03;ABEV3;2;8348;8348;8348;19.09;159363.32;159363.32;159363.32;
;ACC05;PETR4;1;6991;6991;6991;10.89;76131.99;76131.99;76131.99;
;ACC06;B3SA3;2;8964;8964;8964;17.65;158214.60;158214.60;158214.60;
;ACC07;LREN3;1;9083;9083;9083;19.48;176936.84;176936.84;176936.84;
;ACC09;BBAS3;1;8537;8537;8537;10.76;91858.12;91858.12;91858.12;
;ACC02;BBAS3;1;9934;9934;9934;14.91;148115.94;148115.94;148115.94;
;ACC07;BBAS3;1;6740;6740;6740;15.64;105413.60;105413.60;105413.60;
;ACC01;PETR4;2;3720;3720;3720;19.59;72874.80;72874.80;72874.80;
;ACC08;BBAS3;2;9399;9399;9399;16.26;152827.74;152827.74;152827.74;
;ACC01;MGLU3;2;3076;3076;3076;16.34;50261.84;50261.84;50261.84;
;ACC06;ITUB4;1;2700;2700;2700;11.88;32076.00;32076.00;32076.00;
;ACC03;WEGE3;2;5935;5935;5935;10.55;62614.25;62614.25;62614.25;
;ACC07;LREN3;2;4312;4312;4312;10.45;45060.40;45060.40;45060.40;
;ACC05;WEGE3;1;9711;9711;9711;16.55;160717.05;160717.05;160717.05;
;ACC05;BBDC4;2;1284;1284;1284;10.52;13507.68;13507.68;13507.68;
;ACC06;B3SA3;1;4218;4218;4218;17.92;75586.56;75586.56;75586.56;
;ACC07;ABEV3;2;8029;8029;8029;11.25;90326.25;90326.25;90326.25;
;ACC09;ABEV3;1;6301;6301;6301;16.48;103840.48;103840.48;103840.48;
;ACC01;ITUB4;1;2176;2176;2176;16.87;36709.12;36709.12;36709.12;
;ACC03;ABEV3;2;2367;2367;2367;13.09;30984.03;30984.03;30984.03;
;ACC07;ITUB4;1;2448;2448;2448;12.67;31016.16;31016.16;31016.16;
;ACC03;BBAS3;1;3207;3207;3207;12.91;41402.37;41402.37;41402.37;
;ACC02;WEGE3;2;2246;2246;2246;12.05;27064.30;27064.30;27064.30;
;ACC04;BBAS3;1;5152;5152;5152;18.21;93817.92;93817.92;93817.92;
;ACC09;B3SA3;2;2735;2735;2735;12.24;33476.40;33476.40;33476.40;
;ACC04;BBDC4;2;2775;2775;2775;11.87;32939.25;32939.25;32939.25;
;ACC06;B3SA3;1;2885;2885;2885;12.61;36379.85;36379.85;36379.85;
;ACC07;PETR4;2;1484;1484;1484;11.08;16442.72;16442.72;16442.72;
;ACC03;MGLU3;1;5964;5964;5964;18.78;112003.92;112003.92;112003.92;
;ACC06;PETR4;1;1024;1024;1024;18.21;18647.04;18647.04;18647.04;
;ACC02;ABEV3;2;7658;7658;7658;10.62;81327.96;81327.96;81327.96;
;ACC02;ABEV3;2;2150;2150;2150;10.37;22295.50;22295.50;22295.50;
;ACC03;WEGE3;2;2578;2578;2578;13.80;35576.40;35576.40;35576.40;
;ACC09;BBAS3;1;8984;8984;8984;17.75;159466.00;159466.00;159466.00;
;ACC03;MGLU3;2;7771;7771;7771;13.47;104675.37;104675.37;104675.37;
;ACC10;WEGE3;2;2505;2505;2505;12.14;30410.70;30410.70;30410.70;
;ACC09;VALE3;2;1115;1115;1115;13.23;14751.45;14751.45;14751.45;
;ACC06;PETR4;2;8516;8516;8516;13.85;117946.60;117946.60;117946.60;
;ACC09;BBAS3;2;6174;6174;6174;15.97;98598.78;98598.78;98598.78;
;ACC06;B3SA3;2;9348;9348;9348;18.69;174714.12;174714.12;174714.12;
;ACC05;B3SA3;1;9768;9768;9768;11.75;114774.00;114774.00;114774.00;
;ACC09;BBDC4;2;1326;1326;1326;15.69;20804.94;20804.94;20804.94;
;ACC09;LREN3;2;5905;5905;5905;12.38;73103.90;73103.90;73103.90;
;ACC06;MGLU3;2;8927;8927;8927;15.17;135422.59;135422.59;135422.59;
;ACC06;LREN3;2;7944;7944;7944;14.38;114234.72;114234.72;114234.72;
;ACC07;BBAS3;1;2043;2043;2043;19.61;40063.23;40063.23;40063.23;
;ACC02;MGLU3;1;4451;4451;4451;11.64;51809.64;51809.64;51809.64;
;ACC05;PETR4;2;7063;7063;7063;10.72;75715.36;75715.36;75715.36;
;ACC01;ITUB4;2;7765;7765;7765;15.56;120823.40;120823.40;120823.40;
;ACC01;B3SA3;2;7968;7968;7968;14.35;114340.80;114340.80;114340.80;
;ACC05;MGLU3;1;8927;8927;8927;11.18;99803.86;99803.86;99803.86;
;ACC09;ABEV3;1;3737;3737;3737;14.05;52504.85;52504.85;52504.85;
;ACC09;ITUB4;1;3775;3775;3775;10.29;38844.75;38844.75;38844.75;
;ACC03;VALE3;2;1981;1981;1981;19.16;37955.96;37955.96;37955.96;
;ACC06;LREN3;2;1112;1112;1112;18.39;20449.68;20449.68;20449.68;
;ACC10;PETR4;2;8450;8450;8450;18.87;159451.50;159451.50;159451.50;
;ACC07;LREN3;1;4742;4742;4742;15.85;75160.70;75160.70;75160.70;
;ACC01;WEGE3;2;1598;1598;1598;10.60;16938.80;16938.80;16938.80;
;ACC07;BBDC4;1;3421;3421;3421;17.62;60278.02;60278.02;60278.02;
;ACC04;ABEV3;1;5015;5015;5015;16.24;81443.60;81443.60;81443.60;
;ACC03;BBAS3;2;5159;5159;5159;12.92;66654.28;66654.28;66654.28;
;ACC06;LREN3;1;9984;9984;9984;19.31;192791.04;192791.04;192791.04;
;ACC07;WEGE3;2;6380;6380;6380;14.02;89447.60;89447.60;89447.60;
;ACC08;PETR4;2;6663;6663;6663;16.22;108073.86;108073.86;108073.86;
;ACC04;WEGE3;1;2880;2880;2880;16.24;46771.20;46771.20;46771.20;
;ACC04;PETR4;1;3538;3538;3538;14.75;52185.50;52185.50;52185.50;
;ACC06;LREN3;1;2323;2323;2323;18.77;43602.71;43602.71;43602.71;
;ACC04;ABEV3;2;4496;4496;4496;18.60;83625.60;83625.60;83625.60;
;ACC01;ITUB4;2;8692;8692;8692;13.34;115951.28;115951.28;115951.28;
;ACC01;MGLU3;2;1397;1397;1397;16.43;22952.71;22952.71;22952.71;
;ACC02;VALE3;1;4977;4977;4977;19.92;99141.84;99141.84;99141.84;
;ACC06;LREN3;1;1596;1596;1596;19.23;30691.08;30691.08;30691.08;
;ACC03;LREN3;1;4650;4650;4650;12.77;59380.50;59380.50;59380.50;
;ACC08;MGLU3;1;2874;2874;2874;18.52;53226.48;53226.48;53226.48;
;ACC05;LREN3;1;5011;5011;5011;14.62;73260.82;73260.82;73260.82;
;ACC06;VALE3;2;9591;9591;9591;15.81;151633.71;151633.71;151633.71;
;ACC02;BBDC4;2;1353;1353;1353;14.44;19537.32;19537.32;19537.32;
;ACC01;BBDC4;1;3310;3310;3310;18.51;61268.10;61268.10;61268.10;
;ACC04;MGLU3;2;7610;7610;7610;17.04;129674.40;129674.40;129674.40;
;ACC01;ITUB4;1;3367;3367;3367;12.39;41717.13;41717.13;41717.13;
;ACC07;PETR4;2;2902;2902;2902;10.18;29542.36;29542.36;29542.36;
;ACC01;LREN3;1;5748;5748;5748;15.61;89726.28;89726.28;89726.28;
;ACC08;BBAS3;1;2264;2264;2264;18.84;42653.76;42653.76;42653.76;
;ACC02;ABEV3;2;7183;7183;7183;11.83;84974.89;84974.89;84974.89;
;ACC07;B3SA3;2;7030;7030;7030;14.39;101161.70;101161.70;101161.70;
;ACC08;VALE3;2;7319;7319;7319;16.67;122007.73;122007.73;122007.73;
;ACC02;ITUB4;1;9554;9554;9554;12.30;117514.20;117514.20;117514.20;
;ACC10;ABEV3;1;5401;5401;5401;19.56;105643.56;105643.56;105643.56;
;ACC03;VALE3;1;7808;7808;7808;12.64;98693.12;98693.12;98693.12;
;ACC08;ITUB4;2;7899;7899;7899;16.24;128279.76;128279.76;128279.76;
;ACC05;VALE3;2;4281;4281;4281;14.81;63401.61;63401.61;63401.61;
;ACC06;VALE3;1;9054;9054;9054;11.88;107561.52;107561.52;107561.52;
;ACC02;LREN3;2;6802;6802;6802;11.84;80535.68;80535.68;80535.68;
;ACC01;MGLU3;2;9567;9567;9567;16.66;159386.22;159386.22;159386.22;
;ACC10;VALE3;2;4914;4914;4914;16.52;81179.28;81179.28;81179.28;
;ACC04;LREN3;2;9820;9820;9820;17.71;173912.20;173912.20;173912.20;
;ACC04;VALE3;1;8772;8772;8772;14.16;124211.52;124211.52;124211.52;
;ACC08;WEGE3;2;3040;3040;3040;17.41;52926.40;52926.40;52926.40;
;ACC10;PETR4;1;5405;5405;5405;11.68;63130.40;63130.40;63130.40;
;ACC02;ITUB4;2;5372;5372;5372;13.34;71662.48;71662.48;71662.48;
;ACC09;WEGE3;2;4618;4618;4618;19.57;90374.26;90374.26;90374.26;
;ACC01;MGLU3;2;9685;9685;9685;12.58;121837.30;121837.30;121837.30;
;ACC08;B3SA3;1;7274;7274;7274;10.25;74558.50;74558.50;74558.50;
;ACC03;WEGE3;2;9630;9630;9630;14.64;140983.20;140983.20;140983.20;
;ACC01;ITUB4;1;4898;4898;4898;17.73;86841.54;86841.54;86841.54;
;ACC02;BBAS3;1;3795;3795;3795;17.25;65463.75;65463.75;65463.75;
;ACC03;BBDC4;1;1238;1238;1238;18.29;22643.02;22643.02;22643.02;
;ACC10;ITUB4;1;4202;4202;4202;16.27;68366.54;68366.54;68366.54;
;ACC02;BBDC4;2;3238;3238;3238;10.57;34225.66;34225.66;34225.66;
;ACC01;BBAS3;1;8652;8652;8652;19.96;172693.92;172693.92;172693.92;
;ACC02;VALE3;1;7476;7476;7476;17.10;127839.60;127839.60;127839.60;
;ACC07;ITUB4;1;3820;3820;3820;13.14;50194.80;50194.80;50194.80;
;ACC01;PETR4;2;3604;3604;3604;16.16;58240.64;58240.64;58240.64;
;ACC05;LREN3;2;4024;4024;4024;17.88;71949.12;71949.12;71949.12;
;ACC03;LREN3;2;9809;9809;9809;17.49;171559.41;171559.41;171559.41;
;ACC01;ABEV3;2;5251;5251;5251;16.88;88636.88;88636.88;88636.88;
;ACC06;B3SA3;1;6761;6761;6761;12.96;87622.56;87622.56;87622.56;
;ACC02;BBDC4;1;6568;6568;6568;13.98;91820.64;91820.64;91820.64;
;ACC08;ABEV3;2;8863;8863;8863;13.47;119384.61;119384.61;119384.61;
;ACC08;VALE3;1;8992;8992;8992;11.13;100080.96;100080.96;100080.96;
;ACC10;LREN3;2;3133;3133;3133;10.37;32489.21;32489.21;32489.21;
;ACC02;BBAS3;1;6490;6490;6490;14.76;95792.40;95792.40;95792.40;
;ACC09;BBAS3;2;1443;1443;1443;10.98;15844.14;15844.14;15844.14;
;ACC05;LREN3;1;7079;7079;7079;11.48;81266.92;81266.92;81266.92;
;ACC02;VALE3;1;6872;6872;6872;16.87;115930.64;115930.64;115930.64;
;ACC09;WEGE3;2;9782;9782;9782;10.36;101341.52;101341.52;101341.52;
;ACC09;B3SA3;2;7553;7553;7553;11.30;85348.90;85348.90;85348.90;
;ACC08;ABEV3;1;7475;7475;7475;10.86;81178.50;81178.50;81178.50;
;ACC02;BBAS3;2;4187;4187;4187;14.46;60544.02;60544.02;60544.02;
;ACC01;LREN3;2;9365;9365;9365;13.04;122119.60;122119.60;122119.60;
;ACC10;PETR4;1;4620;4620;4620;14.21;65650.20;65650.20;65650.20;
;ACC08;LREN3;2;6259;6259;6259;13.06;81742.54;81742.54;81742.54;
;ACC04;WEGE3;2;5561;5561;5561;18.15;100932.15;100932.15;100932.15;
;ACC06;VALE3;1;1913;1913;1913;12.11;23166.43;23166.43;23166.43;
;ACC02;VALE3;1;9619;9619;9619;14.40;138513.60;138513.60;138513.60;
;ACC10;BBDC4;1;8332;8332;8332;18.67;155558.44;155558.44;155558.44;
;ACC08;MGLU3;2;7460;7460;7460;18.99;141665.40;141665.40;141665.40;
;ACC05;BBAS3;2;5307;5307;5307;12.41;65859.87;65859.87;65859.87;
;ACC09;PETR4;1;1102;1102;1102;11.16;12298.32;12298.32;12298.32;
;ACC08;ABEV3;1;4038;4038;4038;14.51;58591.38;58591.38;58591.38;
;ACC10;WEGE3;2;1997;1997;1997;11.70;23364.90;23364.90;23364.90;
;ACC09;WEGE3;1;1079;1079;1079;14.51;15656.29;15656.29;15656.29;
;ACC03;VALE3;2;8803;8803;8803;18.86;166024.58;166024.58;166024.58;
;ACC04;ITUB4;2;6875;6875;6875;11.65;80093.75;80093.75;80093.75;
;ACC02;BBAS3;2;9107;9107;9107;16.77;152724.39;152724.39;152724.39;
;ACC08;BBAS3;2;2664;2664;2664;10.97;29224.08;29224.08;29224.08;
;ACC08;MGLU3;1;2596;2596;2596;19.23;49921.08;49921.08;49921.08;
;ACC02;PETR4;2;3911;3911;3911;16.45;64335.95;64335.95;64335.95;
;ACC05;BBDC4;1;9104;9104;9104;11.01;100235.04;100235.04;100235.04;
;ACC04;WEGE3;2;3295;3295;3295;13.56;44680.20;44680.20;44680.20;
;ACC03;ITUB4;2;3143;3143;3143;12.74;40041.82;40041.82;40041.82;
;ACC07;PETR4;2;1695;1695;1695;15.86;26882.70;26882.70;26882.70;
;ACC02;ABEV3;1;8270;8270;8270;16.95;140176.50;140176.50;140176.50;
;ACC02;MGLU3;1;6508;6508;6508;19.54;127166.32;127166.32;127166.32;
;ACC06;WEGE3;1;9769;9769;9769;15.60;152396.40;152396.40;152396.40;
;ACC03;ABEV3;1;8791;8791;8791;15.95;140216.45;140216.45;140216.45;
;ACC09;BBDC4;1;7805;7805;7805;10.46;81640.30;81640.30;81640.30;
;ACC06;VALE3;1;2957;2957;2957;18.00;53226.00;53226.00;53226.00;
;ACC06;ABEV3;1;8972;8972;8972;18.29;164097.88;164097.88;164097.88;
;ACC01;ABEV3;1;8175;8175;8175;18.50;151237.50;151237.50;151237.50;
;ACC10;BBAS3;1;7151;7151;7151;17.01;121638.51;121638.51;121638.51;
;ACC04;PETR4;1;9265;9265;9265;15.49;143514.85;143514.85;143514.85;
;ACC08;BBAS3;1;6499;6499;6499;19.48;126600.52;126600.52;126600.52;
;ACC03;WEGE3;2;4043;4043;4043;15.92;64364.56;64364.56;64364.56;
;ACC03;ITUB4;2;1416;1416;1416;19.21;27201.36;27201.36;27201.36;
;ACC08;MGLU3;2;6277;6277;6277;10.05;63083.85;63083.85;63083.85;
;ACC09;LREN3;1;3401;3401;3401;17.25;58667.25;58667.25;58667.25;
;ACC09;PETR4;2;3342;3342;3342;19.93;66606.06;66606.06;66606.06;
;ACC03;PETR4;1;8724;8724;8724;13.02;113586.48;113586.48;113586.48;
;ACC09;BBDC4;2;1674;1674;1674;12.26;20523.24;20523.24;20523.24;
;ACC04;B3SA3;2;2657;2657;2657;16.29;43282.53;43282.53;43282.53;
;ACC06;PETR4;2;9403;9403;9403;16.29;153174.87;153174.87;153174.87;
;ACC06;BBAS3;2;7201;7201;7201;19.96;143731.96;143731.96;143731.96;
;ACC04;BBDC4;2;1849;1849;1849;14.38;26588.62;26588.62;26588.62;
;ACC03;BBDC4;1;6351;6351;6351;14.12;89676.12;89676.12;89676.12;
;ACC06;WEGE3;2;1463;1463;1463;18.16;26568.08;26568.08;26568.08;
;ACC10;ABEV3;2;7044;7044;7044;18.43;129820.92;129820.92;129820.92;
;ACC08;ABEV3;1;3709;3709;3709;14.24;52816.16;52816.16;52816.16;
;ACC08;LREN3;1;3773;3773;3773;13.60;51312.80;51312.80;51312.80;
;ACC06;ABEV3;1;3271;3271;3271;13.83;45237.93;45237.93;45237.93;
;ACC08;BBAS3;1;4432;4432;4432;14.88;65948.16;65948.16;65948.16;
;ACC01;ITUB4;1;1419;1419;1419;16.08;22817.52;22817.52;22817.52;
;ACC10;ABEV3;2;6529;6529;6529;13.16;85921.64;85921.64;85921.64;
;ACC07;LREN3;1;2083;2083;2083;17.17;35765.11;35765.11;35765.11;
;ACC06;ITUB4;2;1009;1009;1009;13.44;13560.96;13560.96;13560.96;
;ACC01;BBDC4;1;3344;3344;3344;10.68;35713.92;35713.92;35713.92;
;ACC06;PETR4;2;8092;8092;8092;19.30;156175.60;156175.60;156175.60;
;ACC02;MGLU3;2;2413;2413;2413;16.82;40586.66;40586.66;40586.66;
;ACC09;BBDC4;2;4295;4295;4295;17.98;77224.10;77224.10;77224.10;
;ACC07;PETR4;2;6927;6927;6927;15.93;110347.11;110347.11;110347.11;
;ACC03;MGLU3;2;7981;7981;7981;10.98;87631.38;87631.38;87631.38;
;ACC06;ITUB4;1;3057;3057;3057;10.26;31364.82;31364.82;31364.82;
;ACC03;ABEV3;2;3733;3733;3733;15.30;57114.90;57114.90;57114.90;
;ACC07;VALE3;2;9789;9789;9789;15.85;155155.65;155155.65;155155.65;
;ACC04;ITUB4;1;1562;1562;1562;17.84;27866.08;27866.08;27866.08;
;ACC04;ABEV3;1;4497;4497;4497;12.33;55448.01;55448.01;55448.01;
;ACC07;PETR4;2;6682;6682;6682;19.55;130633.10;130633.10;130633.10;
;ACC05;LREN3;1;5195;5195;5195;12.00;62340.00;62340.00;62340.00;
;ACC06;BBDC4;1;5440;5440;5440;19.64;106841.60;106841.60;106841.60;
;ACC08;MGLU3;2;5108;5108;5108;14.18;72431.44;72431.44;72431.44;
;ACC04;PETR4;2;4144;4144;4144;13.21;54742.24;54742.24;54742.24;
;ACC02;BBAS3;1;8999;8999;8999;10.27;92419.73;92419.73;92419.73;
;ACC05;WEGE3;2;2745;2745;2745;15.37;42190.65;42190.65;42190.65;
;ACC02;WEGE3;2;5627;5627;5627;13.81;77708.87;77708.87;77708.87;
;ACC02;B3SA3;2;1504;1504;1504;14.62;21988.48;21988.48;21988.48;
;ACC04;VALE3;1;1391;1391;1391;17.63;24523.33;24523.33;24523.33;
;ACC08;PETR4;2;8884;8884;8884;14.55;129262.20;129262.20;129262.20;
;ACC09;BBDC4;1;9297;9297;9297;13.70;127368.90;127368.90;127368.90;
;ACC07;LREN3;1;1015;1015;1015;19.53;19822.95;19822.95;19822.95;
;ACC08;ITUB4;1;4979;4979;4979;13.49;67166.71;67166.71;67166.71;
;ACC07;WEGE3;2;6227;6227;6227;10.81;67313.87;67313.87;67313.87;
;ACC03;ABEV3;2;9182;9182;9182;17.51;160776.82;160776.82;160776.82;
;ACC05;MGLU3;2;4298;4298;4298;19.02;81747.96;81747.96;81747.96;
;ACC01;BBDC4;2;5454;5454;5454;19.09;104116.86;104116.86;104116.86;
;ACC08;ITUB4;2;1756;1756;1756;17.94;31502.64;31502.64;31502.64;
;ACC01;ABEV3;1;6503;6503;6503;16.63;108144.89;108144.89;108144.89;
;ACC03;MGLU3;1;2692;2692;2692;15.96;42964.32;42964.32;42964.32;
;ACC06;VALE3;2;4280;4280;4280;13.29;56881.20;56881.20;56881.20;
;ACC06;ABEV3;2;5898;5898;5898;19.11;112710.78;112710.78;112710.78;
;ACC02;MGLU3;2;2276;2276;2276;17.61;40080.36;40080.36;40080.36;
;ACC08;BBDC4;2;3233;3233;3233;12.20;39442.60;39442.60;39442.60;
;ACC07;PETR4;2;2459;2459;2459;13.64;33540.76;33540.76;33540.76;
;ACC04;WEGE3;1;3877;3877;3877;12.30;47687.10;47687.10;47687.10;
;ACC06;VALE3;1;8046;8046;8046;14.73;118517.58;118517.58;118517.58;
;ACC02;ABEV3;1;6772;6772;6772;10.89;73747.08;73747.08;73747.08;
;ACC03;ITUB4;1;6816;6816;6816;18.80;128140.80;128140.80;128140.80;
;ACC06;MGLU3;2;7021;7021;7021;13.56;95204.76;95204.76;95204.76;
;ACC02;LREN3;2;2947;2947;2947;13.03;38399.41;38399.41;38399.41;
;ACC08;B3SA3;2;9387;9387;9387;16.82;157889.34;157889.34;157889.34;
;ACC04;PETR4;2;5189;5189;5189;19.62;101808.18;101808.18;101808.18;
;ACC07;B3SA3;2;3493;3493;3493;19.06;66576.58;66576.58;66576.58;
;ACC08;ITUB4;2;7649;7649;7649;18.17;138982.33;138982.33;138982.33;
;ACC08;ITUB4;2;7346;7346;7346;10.35;76031.10;76031.10;76031.10;
;ACC02;WEGE3;1;3717;3717;3717;16.29;60549.93;60549.93;60549.93;
;ACC08;PETR4;1;4892;4892;4892;17.71;86637.32;86637.32;86637.32;
;ACC01;VALE3;1;9780;9780;9780;11.96;116968.80;116968.80;116968.80;
;ACC10;BBDC4;1;8693;8693;8693;10.41;90494.13;90494.13;90494.13;
;ACC07;ABEV3;1;2076;2076;2076;12.24;25410.24;25410.24;25410.24;
;ACC03;PETR4;1;6926;6926;6926;12.31;85259.06;85259.06;85259.06;
;ACC09;WEGE3;2;1723;1723;1723;18.29;31513.67;31513.67;31513.67;
;ACC10;BBDC4;2;2045;2045;2045;19.88;40654.60;40654.60;40654.60;
;ACC08;ABEV3;1;4328;4328;4328;13.64;59033.92;59033.92;59033.92;
;ACC05;ITUB4;2;8335;8335;8335;10.41;86767.35;86767.35;86767.35;
;ACC10;LREN3;2;8241;8241;8241;12.40;102188.40;102188.40;102188.40;
;ACC07;WEGE3;1;3291;3291;3291;16.71;54992.61;54992.61;54992.61;
;ACC09;ABEV3;1;4040;4040;4040;19.98;80719.20;80719.20;80719.20;
;ACC02;MGLU3;1;8557;8557;8557;12.26;104908.82;104908.82;104908.82;
;ACC01;WEGE3;1;1737;1737;1737;19.87;34514.19;34514.19;34514.19;
;ACC09;ABEV3;1;5685;5685;5685;13.56;77088.60;77088.60;77088.60;
;ACC06;BBAS3;1;7313;7313;7313;16.51;120737.63;120737.63;120737.63;
;ACC05;LREN3;2;7844;7844;7844;19.51;153036.44;153036.44;153036.44;
;ACC07;PETR4;1;7049;7049;7049;13.94;98263.06;98263.06;98263.06;
;ACC04;LREN3;2;5467;5467;5467;16.67;91134.89;91134.89;91134.89;
;ACC01;B3SA3;2;5433;5433;5433;12.89;70031.37;70031.37;70031.37;
;ACC02;BBAS3;2;9991;9991;9991;11.99;119792.09;119792.09;119792.09;
;ACC09;B3SA3;1;5316;5316;5316;16.17;85959.72;85959.72;85959.72;
;ACC04;BBDC4;2;4094;4094;4094;17.84;73036.96;73036.96;73036.96;
;ACC10;MGLU3;2;6842;6842;6842;16.44;112482.48;112482.48;112482.48;
;ACC04;LREN3;2;2806;2806;2806;16.21;45485.26;45485.26;45485.26;
;ACC08;PETR4;2;5457;5457;5457;11.54;62973.78;62973.78;62973.78;
;ACC02;B3SA3;2;8080;8080;8080;14.62;118129.60;118129.60;118129.60;
;ACC06;ABEV3;1;2219;2219;2219;19.25;42715.75;42715.75;42715.75;
;ACC08;ABEV3;2;9412;9412;9412;15.95;150121.40;150121.40;150121.40;
;ACC05;B3SA3;2;7866;7866;7866;19.19;150948.54;150948.54;150948.54;
;ACC01;MGLU3;2;6647;6647;6647;12.48;82954.56;82954.56;82954.56;
;ACC03;VALE3;1;4851;4851;4851;10.30;49965.30;49965.30;49965.30;
;ACC05;ITUB4;2;1393;1393;1393;14.36;20003.48;20003.48;20003.48;
;ACC07;MGLU3;1;2708;2708;2708;19.23;52074.84;52074.84;52074.84;
;ACC10;LREN3;1;4940;4940;4940;18.94;93563.60;93563.60;93563.60;
;ACC03;MGLU3;2;3555;3555;3555;12.46;44295.30;44295.30;44295.30;
;ACC03;ITUB4;1;6550;6550;6550;16.52;108206.00;108206.00;108206.00;
;ACC06;BBDC4;1;8679;8679;8679;11.08;96163.32;96163.32;96163.32;
;ACC05;BBDC4;2;7329;7329;7329;10.59;77614.11;77614.11;77614.11;
;ACC03;LREN3;2;4599;4599;4599;14.61;67191.39;67191.39;67191.39;
;ACC08;LREN3;2;2486;2486;2486;15.07;37464.02;37464.02;37464.02;
;ACC01;PETR4;2;7833;7833;7833;19.39;151881.87;151881.87;151881.87;
;ACC02;BBAS3;2;8007;8007;8007;12.27;98245.89;98245.89;98245.89;
;ACC07;PETR4;2;8432;8432;8432;17.20;145030.40;145030.40;145030.40;
;ACC01;ITUB4;1;1064;1064;1064;13.57;14438.48;14438.48;14438.48;
;ACC02;BBDC4;2;8733;8733;8733;10.03;87591.99;87591.99;87591.99;
;ACC07;BBDC4;1;3884;3884;3884;11.82;45908.88;45908.88;45908.88;
;ACC03;ITUB4;1;2456;2456;2456;12.71;31215.76;31215.76;31215.76;
;ACC04;WEGE3;1;1299;1299;1299;15.21;19757.79;19757.79;19757.79;
;ACC01;ABEV3;1;2210;2210;2210;19.13;42277.30;42277.30;42277.30;
;ACC08;ITUB4;2;6060;6060;6060;10.26;62175.60;62175.60;62175.60;
;ACC07;B3SA3;1;2835;2835;2835;11.99;33991.65;33991.65;33991.65;
;ACC10;LREN3;2;5690;5690;5690;19.11;108735.90;108735.90;108735.90;
;ACC09;PETR4;1;6193;6193;6193;17.53;108563.29;108563.29;108563.29;
;ACC05;PETR4;1;6791;6791;6791;13.46;91406.86;91406.86;91406.86;
;ACC02;MGLU3;1;6255;6255;6255;17.56;109837.80;109837.80;109837.80;
;ACC09;WEGE3;1;2454;2454;2454;18.42;45202.68;45202.68;45202.68;
;ACC07;WEGE3;2;1864;1864;1864;11.88;22144.32;22144.32;22144.32;
;ACC04;B3SA3;2;3385;3385;3385;18.69;63265.65;63265.65;63265.65;
;ACC06;B3SA3;2;8271;8271;8271;11.38;94123.98;94123.98;94123.98;
;ACC09;ITUB4;2;1930;1930;1930;10.97;21172.10;21172.10;21172.10;
;ACC04;VALE3;1;1557;1557;1557;11.77;18325.89;18325.89;18325.89;
;ACC03;ABEV3;1;3408;3408;3408;15.56;53028.48;53028.48;53028.48;
;ACC03;LREN3;1;8578;8578;8578;19.63;168386.14;168386.14;168386.14;
;ACC08;WEGE3;2;2160;2160;2160;12.48;26956.80;26956.80;26956.80;
;ACC02;ABEV3;1;1089;1089;1089;11.92;12980.88;12980.88;12980.88;
;ACC03;WEGE3;2;9093;9093;9093;11.01;100113.93;100113.93;100113.93;
;ACC05;BBDC4;1;1770;1770;1770;19.64;34762.80;34762.80;34762.80;
;ACC07;LREN3;2;8730;8730;8730;18.62;162552.60;162552.60;162552.60;
;ACC02;ITUB4;1;3681;3681;3681;14.41;53043.21;53043.21;53043.21;
;ACC06;PETR4;2;7486;7486;7486;10.02;75009.72;75009.72;75009.72;
;ACC10;WEGE3;2;1476;1476;1476;15.95;23542.20;23542.20;23542.20;
;ACC07;ABEV3;2;1133;1133;1133;16.09;18229.97;18229.97;18229.97;
;ACC02;MGLU3;1;9890;9890;9890;12.26;121251.40;121251.40;121251.40;
;ACC04;BBAS3;1;6907;6907;6907;17.78;122806.46;122806.46;122806.46;
;ACC08;ITUB4;2;3179;3179;3179;14.29;45427.91;45427.91;45427.91;
;ACC04;PETR4;2;6792;6792;6792;15.57;105751.44;105751.44;105751.44;
;ACC01;VALE3;2;1866;1866;1866;13.15;24537.90;24537.90;24537.90;
;ACC04;ABEV3;1;3284;3284;3284;11.74;38554.16;38554.16;38554.16;
;ACC03;ITUB4;2;3633;3633;3633;15.91;57801.03;57801.03;57801.03;
;ACC02;BBAS3;2;3865;3865;3865;13.78;53259.70;53259.70;53259.70;
;ACC09;PETR4;1;5038;5038;5038;14.49;73000.62;73000.62;73000.62;
;ACC02;B3SA3;2;7325;7325;7325;19.19;140566.75;140566.75;140566.75;
;ACC01;LREN3;1;3507;3507;3507;13.34;46783.38;46783.38;46783.38;
;ACC05;B3SA3;2;8567;8567;8567;16.18;138614.06;138614.06;138614.06;
;ACC05;BBDC4;2;8908;8908;8908;16.65;148318.20;148318.20;148318.20;
;ACC05;VALE3;1;8568;8568;8568;13.59;116439.12;116439.12;116439.12;
;ACC07;VALE3;1;3079;3079;3079;12.64;38918.56;38918.56;38918.56;
;ACC06;PETR4;2;6755;6755;6755;11.68;78898.40;78898.40;78898.40;
;ACC07;ITUB4;2;7934;7934;7934;13.73;108933.82;108933.82;108933.82;
;ACC09;MGLU3;2;1584;1584;1584;11.13;17629.92;17629.92;17629.92;
;ACC10;BBDC4;2;3509;3509;3509;13.44;47160.96;47160.96;47160.96;
;ACC02;ABEV3;1;2625;2625;2625;10.74;28192.50;28192.50;28192.50;
;ACC06;ITUB4;2;8936;8936;8936;15.21;135916.56;135916.56;135916.56;
;ACC02;ITUB4;2;9782;9782;9782;14.11;138024.02;138024.02;138024.02;
;ACC10;B3SA3;1;8199;8199;8199;15.47;126838.53;126838.53;126838.53;
;ACC07;LREN3;1;9517;9517;9517;16.88;160646.96;160646.96;160646.96;
;ACC08;MGLU3;2;8719;8719;8719;12.03;104889.57;104889.57;104889.57;
;ACC05;ITUB4;2;7317;7317;7317;13.91;101779.47;101779.47;101779.47;
;ACC06;B3SA3;2;2975;2975;2975;18.41;54769.75;54769.75;54769.75;
;ACC01;WEGE3;2;7456;7456;7456;10.20;76051.20;76051.20;76051.20;
;ACC02;B3SA3;2;8646;8646;8646;17.15;148278.90;148278.90;148278.90;
;ACC09;VALE3;2;4816;4816;4816;10.02;48256.32;48256.32;48256.32;
;ACC07;PETR4;1;8427;8427;8427;18.99;160028.73;160028.73;160028.73;
;ACC07;ABEV3;1;2344;2344;2344;11.25;26370.00;26370.00;26370.00;
;ACC10;ITUB4;1;7831;7831;7831;19.72;154427.32;154427.32;154427.32;
;ACC05;ITUB4;2;3484;3484;3484;11.87;41355.08;41355.08;41355.08;
;ACC08;VALE3;1;2335;2335;2335;18.16;42403.60;42403.60;42403.60;
;ACC04;BBDC4;2;5670;5670;5670;12.36;70081.20;70081.20;70081.20;
;ACC05;PETR4;1;3060;3060;3060;18.93;57925.80;57925.80;57925.80;
;ACC01;ABEV3;2;2776;2776;2776;12.27;34061.52;34061.52;34061.52;
;ACC01;PETR4;1;4575;4575;4575;17.60;80520.00;80520.00;80520.00;
;ACC08;B3SA3;2;7290;7290;7290;15.26;111245.40;111245.40;111245.40;
;ACC04;VALE3;1;3849;3849;3849;16.51;63546.99;63546.99;63546.99;
;ACC03;BBDC4;1;7713;7713;7713;19.73;152177.49;152177.49;152177.49;
;ACC06;ITUB4;1;1639;1639;1639;16.77;27486.03;27486.03;27486.03;
;ACC04;LREN3;1;3971;3971;3971;13.27;52695.17;52695.17;52695.17;
;ACC02;BBDC4;2;3175;3175;3175;15.99;50768.25;50768.25;50768.25;
;ACC08;ABEV3;2;4539;4539;4539;16.67;75665.13;75665.13;75665.13;
;ACC06;BBAS3;1;5024;5024;5024;11.56;58077.44;58077.44;58077.44;
;ACC01;ITUB4;1;7595;7595;7595;19.59;148786.05;148786.05;148786.05;
;ACC09;BBAS3;2;2325;2325;2325;12.12;28179.00;28179.00;28179.00;
;ACC02;MGLU3;1;8946;8946;8946;10.11;90444.06;90444.06;90444.06;
;ACC01;PETR4;2;3577;3577;3577;16.12;57661.24;57661.24;57661.24;
;ACC03;VALE3;2;5758;5758;5758;12.47;71802.26;71802.26;71802.26;
;ACC08;VALE3;1;3558;3558;3558;10.88;38711.04;38711.04;38711.04;
;ACC03;MGLU3;1;5087;5087;5087;16.37;83274.19;83274.19;83274.19;
;ACC01;BBAS3;2;1752;1752;1752;10.76;18851.52;18851.52;18851.52;
;ACC07;BBAS3;1;9346;9346;9346;11.64;108787.44;108787.44;108787.44;
;ACC03;BBDC4;2;8890;8890;8890;10.26;91211.40;91211.40;91211.40;
;ACC04;MGLU3;2;5686;5686;5686;13.94;79262.84;79262.84;79262.84;
;ACC02;WEGE3;2;5244;5244;5244;17.12;89777.28;89777.28;89777.28;
;ACC04;B3SA3;2;7641;7641;7641;16.83;128598.03;128598.03;128598.03;
;ACC09;B3SA3;1;3098;3098;3098;16.38;50745.24;50745.24;50745.24;
;ACC03;MGLU3;2;1932;1932;1932;15.04;29057.28;29057.28;29057.28;
;ACC03;LREN3;1;8473;8473;8473;16.30;138109.90;138109.90;138109.90;
;ACC09;MGLU3;1;1979;1979;1979;10.43;20640.97;20640.97;20640.97;
;ACC07;WEGE3;2;7757;7757;7757;19.92;154519.44;154519.44;154519.44;
;ACC09;ABEV3;1;6926;6926;6926;13.01;90107.26;90107.26;90107.26;
;ACC09;ITUB4;1;6206;6206;6206;14.96;92841.76;92841.76;92841.76;
;ACC07;WEGE3;2;5976;5976;5976;17.10;102189.60;102189.60;102189.60;
;ACC03;BBDC4;1;3345;3345;3345;12.51;41845.95;41845.95;41845.95;
;ACC03;ITUB4;2;6221;6221;6221;15.19;94496.99;94496.99;94496.99;
;ACC03;BBDC4;2;1486;1486;1486;17.19;25544.34;25544.34;25544.34;
;ACC10;VALE3;1;7803;7803;7803;17.20;134211.60;134211.60;134211.60;
;ACC04;WEGE3;2;4415;4415;4415;13.49;59558.35;59558.35;59558.35;
;ACC05;LREN3;1;8278;8278;8278;10.91;90312.98;90312.98;90312.98;
;ACC04;WEGE3;1;7305;7305;7305;17.50;127837.50;127837.50;127837.50;
;ACC03;PETR4;1;8178;8178;8178;11.96;97808.88;97808.88;97808.88;
;ACC09;VALE3;1;1694;1694;1694;19.41;32880.54;32880.54;32880.54;
;ACC08;ABEV3;2;5222;5222;5222;17.09;89243.98;89243.98;89243.98;
;ACC10;BBAS3;1;9446;9446;9446;10.16;95971.36;95971.36;95971.36;
;ACC05;ITUB4;2;8904;8904;8904;19.73;175675.92;175675.92;175675.92;
;ACC09;PETR4;2;7307;7307;7307;13.47;98425.29;98425.29;98425.29;
;ACC05;MGLU3;2;6091;6091;6091;15.21;92644.11;92644.11;92644.11;
;ACC01;ABEV3;2;8543;8543;8543;16.92;144547.56;144547.56;144547.56;
;ACC01;WEGE3;1;6109;6109;6109;17.75;108434.75;108434.75;108434.75;
;ACC05;B3SA3;2;8611;8611;8611;11.41;98251.51;98251.51;98251.51;
;ACC09;VALE3;2;9014;9014;9014;18.76;169102.64;169102.64;169102.64;
;ACC03;ITUB4;2;5129;5129;5129;14.58;74780.82;74780.82;74780.82;
;ACC09;MGLU3;1;2436;2436;2436;16.73;40754.28;40754.28;40754.28;
;ACC04;ABEV3;1;8934;8934;8934;17.10;152771.40;152771.40;152771.40;
;ACC09;B3SA3;1;7117;7117;7117;10.49;74657.33;74657.33;74657.33;
;ACC01;BBDC4;1;9518;9518;9518;14.60;138962.80;138962.80;138962.80;
;ACC04;ITUB4;1;4908;4908;4908;17.27;84761.16;84761.16;84761.16;
;ACC02;ITUB4;2;3441;3441;3441;12.00;41292.00;41292.00;41292.00;
;ACC05;VALE3;2;6205;6205;6205;17.62;109332.10;109332.10;109332.10;
;ACC03;VALE3;2;5753;5753;5753;12.38;71222.14;71222.14;71222.14;
;ACC08;LREN3;2;9450;9450;9450;13.45;127102.50;127102.50;127102.50;
;ACC08;LREN3;2;1390;1390;1390;11.88;16513.20;16513.20;16513.20;
;ACC05;B3SA3;2;4269;4269;4269;17.49;74664.81;74664.81;74664.81;
;ACC03;ABEV3;1;3262;3262;3262;16.94;55258.28;55258.28;55258.28;
;ACC07;ABEV3;2;1426;1426;1426;18.99;27079.74;27079.74;27079.74;
;ACC07;LREN3;2;3643;3643;3643;15.27;55628.61;55628.61;55628.61;
;ACC02;B3SA3;2;6286;6286;6286;19.24;120942.64;120942.64;120942.64;
;ACC07;BBAS3;1;1595;1595;1595;13.21;21069.95;21069.95;21069.95;
;ACC05;ITUB4;1;6166;6166;6166;12.60;77691.60;77691.60;77691.60;
;ACC03;BBDC4;2;1372;1372;1372;14.82;20333.04;20333.04;20333.04;
;ACC06;BBDC4;1;5974;5974;5974;19.74;117926.76;117926.76;117926.76;
;ACC09;PETR4;1;8814;8814;8814;16.44;144902.16;144902.16;144902.16;
;ACC10;WEGE3;2;8527;8527;8527;17.23;146920.21;146920.21;146920.21;
;ACC05;LREN3;1;2783;2783;2783;15.14;42134.62;42134.62;42134.62;
;ACC08;VALE3;2;9972;9972;9972;17.68;176304.96;176304.96;176304.96;
;ACC07;ABEV3;2;5724;5724;5724;10.32;59071.68;59071.68;59071.68;
;ACC10;BBDC4;2;7728;7728;7728;13.92;107573.76;107573.76;107573.76;
;ACC10;LREN3;1;1475;1475;1475;13.80;20355.00;20355.00;20355.00;
;ACC03;MGLU3;2;8679;8679;8679;14.49;125758.71;125758.71;125758.71;
;ACC04;MGLU3;1;6995;6995;6995;17.25;120663.75;120663.75;120663.75;
;ACC01;PETR4;1;5185;5185;5185;16.53;85708.05;85708.05;85708.05;
;ACC07;BBDC4;1;1021;1021;1021;11.73;11976.33;11976.33;11976.33;
;ACC03;B3SA3;2;5135;5135;5135;16.31;83751.85;83751.85;83751.85;
;ACC10;BBAS3;1;3565;3565;3565;19.70;70230.50;70230.50;70230.50;
;ACC03;MGLU3;2;1928;1928;1928;12.66;24408.48;24408.48;24408.48;
;ACC03;MGLU3;2;3879;3879;3879;10.75;41699.25;41699.25;41699.25;
;ACC02;PETR4;1;4061;4061;4061;19.76;80245.36;80245.36;80245.36;
;ACC04;VALE3;1;7505;7505;7505;17.62;132238.10;132238.10;132238.10;
;ACC06;PETR4;1;7986;7986;7986;16.83;134404.38;134404.38;134404.38;
;ACC03;ITUB4;1;4926;4926;4926;11.81;58176.06;58176.06;58176.06;
;ACC06;VALE3;1;8855;8855;8855;16.55;146550.25;146550.25;146550.25;
;ACC08;B3SA3;1;5840;5840;5840;17.00;99280.00;99280.00;99280.00;
;ACC01;VALE3;2;7985;7985;7985;11.33;90470.05;90470.05;90470.05;
;ACC05;LREN3;2;9832;9832;9832;14.13;138926.16;138926.16;138926.16;
;ACC01;VALE3;2;5980;5980;5980;14.35;85813.00;85813.00;85813.00;
;ACC02;B3SA3;2;7785;7785;7785;13.67;106420.95;106420.95;106420.95;
;ACC02;BBAS3;1;2800;2800;2800;13.08;36624.00;36624.00;36624.00;
;ACC05;PETR4;1;4150;4150;4150;19.94;82751.00;82751.00;82751.00;
;ACC09;WEGE3;1;9215;9215;9215;15.63;144030.45;144030.45;144030.45;
;ACC01;WEGE3;1;2425;2425;2425;10.92;26481.00;26481.00;26481.00;
;ACC07;LREN3;2;7417;7417;7417;10.02;74318.34;74318.34;74318.34;
;ACC05;BBDC4;2;9437;9437;9437;11.43;107864.91;107864.91;107864.91;
;ACC02;BBAS3;2;9182;9182;9182;12.12;111285.84;111285.84;111285.84;
;ACC06;BBAS3;2;1130;1130;1130;18.74;21176.20;21176.20;21176.20;
;ACC07;MGLU3;2;6294;6294;6294;11.00;69234.00;69234.00;69234.00;
;ACC03;PETR4;1;8140;8140;8140;16.72;136100.80;136100.80;136100.80;
;ACC02;LREN3;2;9322;9322;9322;12.17;113448.74;113448.74;113448.74;
;ACC09;PETR4;1;3542;3542;3542;10.36;36695.12;36695.12;36695.12;
;ACC05;VALE3;1;3157;3157;3157;19.28;60866.96;60866.96;60866.96;
;ACC10;BBAS3;1;8369;8369;8369;11.72;98084.68;98084.68;98084.68;
;ACC03;WEGE3;1;5377;5377;5377;16.04;86247.08;86247.08;86247.08;
;ACC10;PETR4;2;7697;7697;7697;11.73;90285.81;90285.81;90285.81;
;ACC09;BBAS3;2;5398;5398;5398;11.56;62400.88;62400.88;62400.88;
;ACC01;VALE3;2;8982;8982;8982;11.96;107424.72;107424.72;107424.72;
;ACC04;ABEV3;2;3551;3551;3551;11.87;42150.37;42150.37;42150.37;
;ACC06;VALE3;1;2232;2232;2232;14.04;31337.28;31337.28;31337.28;
;ACC08;VALE3;1;4232;4232;4232;14.81;62675.92;62675.92;62675.92;
;ACC06;VALE3;2;3370;3370;3370;13.72;46236.40;46236.40;46236.40;
;ACC08;LREN3;2;6396;6396;6396;11.55;73873.80;73873.80;73873.80;
;ACC09;ITUB4;2;3106;3106;3106;14.30;44415.80;44415.80;44415.80;
;ACC03;B3SA3;2;7938;7938;7938;19.72;156537.36;156537.36;156537.36;
;ACC09;ABEV3;2;1222;1222;1222;12.13;14822.86;14822.86;14822.86;
;ACC02;BBDC4;1;5375;5375;5375;12.47;67026.25;67026.25;67026.25;
;ACC08;ITUB4;2;1057;1057;1057;16.30;17229.10;17229.10;17229.10;
;ACC05;B3SA3;1;6020;6020;6020;16.06;96681.20;96681.20;96681.20;
;ACC05;B3SA3;1;7517;7517;7517;15.85;119144.45;119144.45;119144.45;
;ACC01;WEGE3;1;9336;9336;9336;12.28;114646.08;114646.08;114646.08;
;ACC10;LREN3;1;4660;4660;4660;12.99;60533.40;60533.40;60533.40;
;ACC07;ABEV3;2;1156;1156;1156;17.91;20703.96;20703.96;20703.96;
;ACC02;BBAS3;2;7400;7400;7400;14.91;110334.00;110334.00;110334.00;
;ACC05;VALE3;1;1548;1548;1548;19.70;30495.60;30495.60;30495.60;
;ACC01;B3SA3;1;9540;9540;9540;11.40;108756.00;108756.00;108756.00;
;ACC06;ITUB4;1;1214;1214;1214;10.90;13232.60;13232.60;13232.60;
;ACC10;WEGE3;2;3044;3044;3044;12.27;37349.88;37349.88;37349.88;
;ACC03;ABEV3;1;3970;3970;3970;14.36;57009.20;57009.20;57009.20;
;ACC10;MGLU3;2;4129;4129;4129;15.65;64618.85;64618.85;64618.85;
;ACC04;PETR4;2;9796;9796;9796;12.15;119021.40;119021.40;119021.40;
;ACC02;VALE3;1;9433;9433;9433;17.04;160738.32;160738.32;160738.32;
;ACC10;LREN3;2;2443;2443;2443;12.71;31050.53;31050.53;31050.53;
;ACC10;B3SA3;1;9249;9249;9249;10.55;97576.95;97576.95;97576.95;
;ACC07;ITUB4;2;1909;1909;1909;15.46;29513.14;29513.14;29513.14;
;ACC05;B3SA3;1;7330;7330;7330;11.38;83415.40;83415.40;83415.40;
;ACC04;BBAS3;2;7654;7654;7654;18.89;144584.06;144584.06;144584.06;
;ACC03;MGLU3;1;1388;1388;1388;14.44;20042.72;20042.72;20042.72;
;ACC06;LREN3;2;3329;3329;3329;18.03;60021.87;60021.87;60021.87;
;ACC07;MGLU3;1;8514;8514;8514;16.93;144142.02;144142.02;144142.02;
;ACC06;BBAS3;2;3393;3393;3393;19.15;64975.95;64975.95;64975.95;
;ACC06;ABEV3;1;9687;9687;9687;11.12;107719.44;107719.44;107719.44;
;ACC10;PETR4;2;7546;7546;7546;12.57;94853.22;94853.22;94853.22;
;ACC05;B3SA3;2;9618;9618;9618;13.10;125995.80;125995.80;125995.80;
;ACC09;MGLU3;2;6548;6548;6548;14.32;93767.36;93767.36;93767.36;
;ACC06;ITUB4;2;6458;6458;6458;18.22;117664.76;117664.76;117664.76;
;ACC02;ITUB4;2;1109;1109;1109;15.65;17355.85;17355.85;17355.85;
;ACC10;MGLU3;2;9620;9620;9620;18.92;182010.40;182010.40;182010.40;
;ACC04;ITUB4;2;6464;6464;6464;16.04;103682.56;103682.56;103682.56;
;ACC07;ABEV3;2;9488;9488;9488;16.50;156552.00;156552.00;156552.00;
;ACC10;BBAS3;1;1319;1319;1319;13.88;18307.72;18307.72;18307.72;
;ACC10;ITUB4;1;8579;8579;8579;15.39;132030.81;132030.81;132030.81;
;ACC02;ITUB4;2;6637;6637;6637;13.33;88471.21;88471.21;88471.21;
;ACC07;BBAS3;2;7203;7203;7203;16.47;118633.41;118633.41;118633.41;
;ACC06;BBAS3;1;7693;7693;7693;16.07;123626.51;123626.51;123626.51;
;ACC09;MGLU3;1;4315;4315;4315;12.83;55361.45;55361.45;55361.45;
;ACC10;WEGE3;2;7546;7546;7546;14.01;105719.46;105719.46;105719.46;
;ACC07;LREN3;2;5417;5417;5417;17.10;92630.70;92630.70;92630.70;
;ACC10;MGLU3;2;5947;5947;5947;19.21;114241.87;114241.87;114241.87;
;ACC08;LREN3;2;1559;1559;1559;12.04;18770.36;18770.36;18770.36;
;ACC09;VALE3;1;6630;6630;6630;10.41;69018.30;69018.30;69018.30;
;ACC03;WEGE3;2;1343;1343;1343;14.71;19755.53;19755.53;19755.53;
;ACC07;PETR4;1;4749;4749;4749;18.28;86811.72;86811.72;86811.72;
;ACC03;VALE3;2;1948;1948;1948;10.30;20064.40;20064.40;20064.40;
;ACC05;B3SA3;1;2227;2227;2227;17.49;38950.23;38950.23;38950.23;
;ACC04;BBDC4;1;4824;4824;4824;18.84;90884.16;90884.16;90884.16;
;ACC09;WEGE3;1;7827;7827;7827;12.65;99011.55;99011.55;99011.55;
;ACC03;PETR4;2;5432;5432;5432;10.27;55786.64;55786.64;55786.64;
;ACC06;BBAS3;1;8090;8090;8090;18.36;148532.40;148532.40;148532.40;
;ACC07;MGLU3;2;5202;5202;5202;17.32;90098.64;90098.64;90098.64;
;ACC02;B3SA3;2;9070;9070;9070;13.68;124077.60;124077.60;124077.60;
;ACC10;MGLU3;1;7095;7095;7095;17.58;124730.10;124730.10;124730.10;
;ACC09;WEGE3;1;1305;1305;1305;14.46;18870.30;18870.30;18870.30;
;ACC01;PETR4;1;7645;7645;7645;14.43;110317.35;110317.35;110317.35;
;ACC04;ITUB4;1;9664;9664;9664;18.11;175015.04;175015.04;175015.04;
;ACC08;ABEV3;1;8307;8307;8307;19.43;161405.01;161405.01;161405.01;
;ACC01;WEGE3;1;2042;2042;2042;13.29;27138.18;27138.18;27138.18;
;ACC10;LREN3;1;6456;6456;6456;18.41;118854.96;118854.96;118854.96;
;ACC05;ABEV3;1;2850;2850;2850;15.39;43861.50;43861.50;43861.50;
;ACC05;MGLU3;1;4437;4437;4437;14.40;63892.80;63892.80;63892.80;
;ACC05;ABEV3;1;4022;4022;4022;13.67;54980.74;54980.74;54980.74;
;ACC04;PETR4;1;8330;8330;8330;15.39;128198.70;128198.70;128198.70;
;ACC09;BBDC4;2;2350;2350;2350;16.97;39879.50;39879.50;39879.50;
;ACC08;BBDC4;2;5893;5893;5893;11.06;65176.58;65176.58;65176.58;
;ACC08;B3SA3;2;8103;8103;8103;18.62;150877.86;150877.86;150877.86;
;ACC06;ITUB4;1;7826;7826;7826;14.42;112850.92;112850.92;112850.92;
;ACC10;ITUB4;2;7709;7709;7709;12.49;96285.41;96285.41;96285.41;
;ACC07;VALE3;2;6251;6251;6251;18.46;115393.46;115393.46;115393.46;
;ACC07;ITUB4;2;5436;5436;5436;17.62;95782.32;95782.32;95782.32;
;ACC01;BBDC4;1;5452;5452;5452;14.42;78617.84;78617.84;78617.84;
;ACC07;B3SA3;2;8529;8529;8529;18.46;157445.34;157445.34;157445.34;
;ACC03;MGLU3;2;3204;3204;3204;17.92;57415.68;57415.68;57415.68;
;ACC10;PETR4;1;2732;2732;2732;19.67;53738.44;53738.44;53738.44;
;ACC05;MGLU3;1;4840;4840;4840;18.26;88378.40;88378.40;88378.40;
;ACC07;LREN3;1;9254;9254;9254;12.56;116230.24;116230.24;116230.24;
;ACC01;ABEV3;2;8120;8120;8120;11.65;94598.00;94598.00;94598.00;
;ACC08;ITUB4;2;7438;7438;7438;19.67;146305.46;146305.46;146305.46;
;ACC07;LREN3;2;8411;8411;8411;16.83;141557.13;141557.13;141557.13;
;ACC05;VALE3;2;7624;7624;7624;14.69;111996.56;111996.56;111996.56;
;ACC02;BBAS3;1;5645;5645;5645;11.43;64522.35;64522.35;64522.35;
;ACC03;WEGE3;2;6665;6665;6665;13.41;89377.65;89377.65;89377.65;
;ACC10;PETR4;1;7359;7359;7359;14.86;109354.74;109354.74;109354.74;
;ACC01;BBAS3;2;7501;7501;7501;11.05;82886.05;82886.05;82886.05;
;ACC05;BBDC4;1;5202;5202;5202;16.48;85728.96;85728.96;85728.96;
;ACC09;VALE3;2;9204;9204;9204;17.24;158676.96;158676.96;158676.96;
;ACC07;PETR4;1;6729;6729;6729;12.21;82161.09;82161.09;82161.09;
;ACC07;LREN3;2;8153;8153;8153;15.25;124333.25;124333.25;124333.25;
;ACC03;MGLU3;2;7172;7172;7172;10.79;77385.88;77385.88;77385.88;
;ACC06;BBAS3;2;5116;5116;5116;17.11;87534.76;87534.76;87534.76;
;ACC10;BBAS3;1;8497;8497;8497;16.13;137056.61;137056.61;137056.61;
;ACC06;VALE3;2;3467;3467;3467;11.93;41361.31;41361.31;41361.31;
;ACC08;VALE3;2;4871;4871;4871;10.79;52558.09;52558.09;52558.09;
;ACC06;PETR4;1;7806;7806;7806;10.47;81728.82;81728.82;81728.82;
;ACC08;BBDC4;1;4197;4197;4197;19.26;80834.22;80834.22;80834.22;
;ACC03;ITUB4;1;4087;4087;4087;11.65;47613.55;47613.55;47613.55;
;ACC10;BBAS3;1;9367;9367;9367;13.78;129077.26;129077.26;129077.26;
;ACC03;ABEV3;2;7302;7302;7302;14.34;104710.68;104710.68;104710.68;
;ACC04;LREN3;1;9155;9155;9155;13.33;122036.15;122036.15;122036.15;
;ACC07;MGLU3;1;8135;8135;8135;19.95;162293.25;162293.25;162293.25;
;ACC04;BBAS3;1;2113;2113;2113;15.65;33068.45;33068.45;33068.45;
;ACC08;ITUB4;2;6256;6256;6256;17.99;112545.44;112545.44;112545.44;
;ACC08;ITUB4;2;6304;6304;6304;10.61;66885.44;66885.44;66885.44;
;ACC09;BBAS3;1;9858;9858;9858;18.36;180992.88;180992.88;180992.88;
;ACC07;LREN3;1;5369;5369;5369;14.29;76723.01;76723.01;76723.01;
;ACC06;LREN3;2;8172;8172;8172;13.08;106889.76;106889.76;106889.76;
;ACC07;LREN3;2;6905;6905;6905;10.99;75885.95;75885.95;75885.95;
;ACC04;B3SA3;1;4437;4437;4437;19.25;85412.25;85412.25;85412.25;
;ACC08;PETR4;1;7289;7289;7289;17.16;125079.24;125079.24;125079.24;
;ACC03;ABEV3;2;9671;9671;9671;13.00;125723.00;125723.00;125723.00;
;ACC02;B3SA3;1;3094;3094;3094;11.36;35147.84;35147.84;35147.84;
;ACC09;PETR4;1;5392;5392;5392;19.86;107085.12;107085.12;107085.12;
;ACC03;BBDC4;1;4939;4939;4939;12.92;63811.88;63811.88;63811.88;
;ACC05;ABEV3;1;9925;9925;9925;18.96;188178.00;188178.00;188178.00;
;ACC01;LREN3;2;8814;8814;8814;13.72;120928.08;120928.08;120928.08;
;ACC09;ITUB4;1;6392;6392;6392;19.51;124707.92;124707.92;124707.92;
;ACC10;LREN3;2;9172;9172;9172;13.96;128041.12;128041.12;128041.12;
;ACC10;BBAS3;1;8179;8179;8179;14.28;116796.12;116796.12;116796.12;
;ACC07;BBDC4;2;7747;7747;7747;12.99;100633.53;100633.53;100633.53;
;ACC08;PETR4;2;2756;2756;2756;13.93;38391.08;38391.08;38391.08;
;ACC01;ABEV3;1;2559;2559;2559;10.27;26280.93;26280.93;26280.93;
;ACC02;LREN3;1;6640;6640;6640;11.94;79281.60;79281.60;79281.60;
;ACC05;BBAS3;1;8211;8211;8211;11.30;92784.30;92784.30;92784.30;
;ACC10;MGLU3;2;5403;5403;5403;10.56;57055.68;57055.68;57055.68;
;ACC09;B3SA3;2;2346;2346;2346;13.45;31553.70;31553.70;31553.70;
;ACC08;WEGE3;1;1180;1180;1180;19.56;23080.80;23080.80;23080.80;
;ACC01;VALE3;2;9471;9471;9471;18.73;177391.83;177391.83;177391.83;
;ACC03;LREN3;2;5545;5545;5545;12.29;68148.05;68148.05;68148.05;
;ACC09;PETR4;2;5656;5656;5656;18.64;105427.84;105427.84;105427.84;
;ACC10;WEGE3;1;2025;2025;2025;12.93;26183.25;26183.25;26183.25;
;ACC01;B3SA3;2;1124;1124;1124;17.54;19714.96;19714.96;19714.96;
;ACC02;LREN3;1;8857;8857;8857;13.90;123112.30;123112.30;123112.30;
;ACC10;BBDC4;2;2730;2730;2730;11.36;31012.80;31012.80;31012.80;
;ACC08;PETR4;1;3927;3927;3927;13.00;51051.00;51051.00;51051.00;
;ACC07;VALE3;1;5860;5860;5860;16.22;95049.20;95049.20;95049.20;
;ACC01;PETR4;2;9062;9062;9062;18.25;165381.50;165381.50;165381.50;
;ACC05;B3SA3;2;7043;7043;7043;17.59;123886.37;123886.37;123886.37;
;ACC09;BBAS3;2;4236;4236;4236;14.62;61930.32;61930.32;61930.32;
;ACC05;LREN3;1;5087;5087;5087;16.41;83477.67;83477.67;83477.67;
;ACC04;WEGE3;1;1075;1075;1075;17.68;19006.00;19006.00;19006.00;
;ACC10;MGLU3;1;6304;6304;6304;19.08;120280.32;120280.32;120280.32;
;ACC08;ITUB4;1;8344;8344;8344;12.71;106052.24;106052.24;106052.24;
;ACC02;BBAS3;2;3331;3331;3331;12.29;40937.99;40937.99;40937.99;
;ACC10;ITUB4;2;4378;4378;4378;11.83;51791.74;51791.74;51791.74;
;ACC03;BBDC4;2;5346;5346;5346;10.19;54475.74;54475.74;54475.74;
;ACC07;B3SA3;2;7607;7607;7607;13.75;104596.25;104596.25;104596.25;
;ACC02;BBDC4;2;1325;1325;1325;11.05;14641.25;14641.25;14641.25;
;ACC01;VALE3;1;4121;4121;4121;17.32;71375.72;71375.72;71375.72;
;ACC01;WEGE3;2;5064;5064;5064;17.95;90898.80;90898.80;90898.80;
;ACC08;BBAS3;2;6984;6984;6984;17.86;124734.24;124734.24;124734.24;
;ACC03;WEGE3;1;4595;4595;4595;11.53;52980.35;52980.35;52980.35;
;ACC01;ITUB4;1;5247;5247;5247;15.46;81118.62;81118.62;81118.62;
;ACC07;ABEV3;2;2500;2500;2500;18.46;46150.00;46150.00;46150.00;
;ACC05;ABEV3;2;5298;5298;5298;19.68;104264.64;104264.64;104264.64;
;ACC03;B3SA3;1;8615;8615;8615;15.68;135083.20;135083.20;135083.20;
;ACC07;WEGE3;2;1054;1054;1054;16.79;17696.66;17696.66;17696.66;
;ACC01;ITUB4;2;3953;3953;3953;11.30;44668.90;44668.90;44668.90;
;ACC03;B3SA3;2;5863;5863;5863;19.05;111690.15;111690.15;111690.15;
;ACC02;BBDC4;2;9938;9938;9938;16.04;159405.52;159405.52;159405.52;
;ACC08;MGLU3;2;2634;2634;2634;18.88;49729.92;49729.92;49729.92;
;ACC09;MGLU3;2;5934;5934;5934;19.83;117671.22;117671.22;117671.22;
;ACC05;VALE3;1;7017;7017;7017;16.11;113043.87;113043.87;113043.87;
;ACC04;BBAS3;1;9195;9195;9195;19.49;179210.55;179210.55;179210.55;
;ACC10;BBAS3;2;9327;9327;9327;15.26;142330.02;142330.02;142330.02;
;ACC03;BBAS3;2;7571;7571;7571;12.09;91533.39;91533.39;91533.39;
;ACC02;ABEV3;1;1345;1345;1345;18.32;24640.40;24640.40;24640.40;
;ACC02;B3SA3;2;4186;4186;4186;17.41;72878.26;72878.26;72878.26;
;ACC01;WEGE3;1;9544;9544;9544;18.63;177804.72;177804.72;177804.72;
;ACC07;LREN3;2;1174;1174;1174;19.89;23350.86;23350.86;23350.86;
;ACC08;MGLU3;2;1655;1655;1655;19.68;32570.40;32570.40;32570.40;
;ACC04;B3SA3;1;7083;7083;7083;18.77;132947.91;132947.91;132947.91;
;ACC03;ABEV3;2;1858;1858;1858;18.19;33797.02;33797.02;33797.02;
;ACC03;BBAS3;2;8905;8905;8905;14.98;133396.90;133396.90;133396.90;
;ACC10;MGLU3;1;5549;5549;5549;19.71;109370.79;109370.79;109370.79;
;ACC07;MGLU3;1;7776;7776;7776;13.31;103498.56;103498.56;103498.56;
;ACC09;ITUB4;2;1932;1932;1932;13.98;27009.36;27009.36;27009.36;
;ACC09;VALE3;2;8359;8359;8359;17.04;142437.36;142437.36;142437.36;
;ACC02;BBDC4;1;3606;3606;3606;13.29;47923.74;47923.74;47923.74;
;ACC03;ABEV3;1;6223;6223;6223;11.79;73369.17;73369.17;73369.17;
;ACC04;BBDC4;1;6434;6434;6434;15.75;101335.50;101335.50;101335.50;
;ACC08;ABEV3;1;8425;8425;8425;16.89;142298.25;142298.25;142298.25;
;ACC01;BBDC4;2;9217;9217;9217;10.85;100004.45;100004.45;100004.45;
;ACC06;WEGE3;2;2813;2813;2813;15.59;43854.67;43854.67;43854.67;
;ACC02;ITUB4;1;2192;2192;2192;14.20;31126.40;31126.40;31126.40;
;ACC04;BBAS3;2;4655;4655;4655;19.03;88584.65;88584.65;88584.65;
;ACC10;LREN3;2;5652;5652;5652;12.33;69689.16;69689.16;69689.16;
;ACC01;BBAS3;1;3446;3446;3446;10.74;37010.04;37010.04;37010.04;
;ACC04;ITUB4;1;8392;8392;8392;19.97;167588.24;167588.24;167588.24;
;ACC01;PETR4;2;1065;1065;1065;19.15;20394.75;20394.75;20394.75;
;ACC09;VALE3;1;6650;6650;6650;16.84;111986.00;111986.00;111986.00;
;ACC04;ITUB4;2;9583;9583;9583;10.21;97842.43;97842.43;97842.43;
;ACC05;BBAS3;1;9611;9611;9611;10.53;101203.83;101203.83;101203.83;
;ACC02;PETR4;2;1109;1109;1109;14.19;15736.71;15736.71;15736.71;
;ACC03;B3SA3;1;4414;4414;4414;15.77;69608.78;69608.78;69608.78;
;ACC02;PETR4;2;3538;3538;3538;16.48;58306.24;58306.24;58306.24;
;ACC03;MGLU3;1;5798;5798;5798;18.63;108016.74;108016.74;108016.74;
;ACC05;ITUB4;2;4752;4752;4752;19.45;92426.40;92426.40;92426.40;
;ACC05;BBDC4;1;7962;7962;7962;10.92;86945.04;86945.04;86945.04;
;ACC04;BBDC4;2;2045;2045;2045;15.51;31717.95;31717.95;31717.95;
;ACC08;LREN3;1;9232;9232;9232;15.75;145404.00;145404.00;145404.00;
;ACC07;BBAS3;1;6566;6566;6566;10.75;70584.50;70584.50;70584.50;
;ACC09;BBDC4;1;6902;6902;6902;16.72;115401.44;115401.44;115401.44;
;ACC01;ITUB4;2;2887;2887;2887;18.91;54593.17;54593.17;54593.17;
;ACC06;VALE3;2;2041;2041;2041;19.45;39697.45;39697.45;39697.45;
;ACC06;B3SA3;2;9822;9822;9822;19.82;194672.04;194672.04;194672.04;
;ACC09;B3SA3;2;9468;9468;9468;10.76;101875.68;101875.68;101875.68;
;ACC01;MGLU3;2;2616;2616;2616;10.50;27468.00;27468.00;27468.00;
;ACC08;B3SA3;1;7574;7574;7574;10.75;81420.50;81420.50;81420.50;
;ACC03;LREN3;2;6206;6206;6206;17.16;106494.96;106494.96;106494.96;
;ACC10;WEGE3;1;6193;6193;6193;18.14;112341.02;112341.02;112341.02;
;ACC02;ABEV3;1;2571;2571;2571;15.69;40338.99;40338.99;40338.99;
;ACC04;BBAS3;2;2248;2248;2248;19.38;43566.24;43566.24;43566.24;
;ACC06;BBDC4;1;8208;8208;8208;13.33;109412.64;109412.64;109412.64;
;ACC09;BBDC4;1;5342;5342;5342;12.98;69339.16;69339.16;69339.16;
;ACC01;WEGE3;1;3746;3746;3746;15.31;57351.26;57351.26;57351.26;
;ACC07;MGLU3;2;6444;6444;6444;18.99;122371.56;122371.56;122371.56;
;ACC08;BBDC4;2;5070;5070;5070;10.43;52880.10;52880.10;52880.10;
;ACC06;MGLU3;2;7237;7237;7237;19.91;144088.67;144088.67;144088.67;
;ACC07;LREN3;2;9551;9551;9551;17.38;165996.38;165996.38;165996.38;
;ACC06;ITUB4;1;8772;8772;8772;16.33;143246.76;143246.76;143246.76;
;ACC05;VALE3;2;6424;6424;6424;15.79;101434.96;101434.96;101434.96;
;ACC03;WEGE3;2;4071;4071;4071;15.97;65013.87;65013.87;65013.87;
;ACC02;BBAS3;2;8515;8515;8515;11.81;100562.15;100562.15;100562.15;
;ACC06;B3SA3;2;7916;7916;7916;12.27;97129.32;97129.32;97129.32;
;ACC08;BBAS3;1;1368;1368;1368;19.97;27318.96;27318.96;27318.96;
;ACC01;ABEV3;2;1954;1954;1954;12.51;24444.54;24444.54;24444.54;
;ACC06;B3SA3;1;4397;4397;4397;10.82;47575.54;47575.54;47575.54;
;ACC09;BBDC4;2;6977;6977;6977;17.01;118678.77;118678.77;118678.77;
;ACC03;VALE3;1;9278;9278;9278;16.05;148911.90;148911.90;148911.90;
;ACC08;LREN3;1;9681;9681;9681;19.16;185487.96;185487.96;185487.96;
;ACC08;B3SA3;1;9616;9616;9616;15.93;153182.88;153182.88;153182.88;
;ACC09;B3SA3;1;3627;3627;3627;17.08;61949.16;61949.16;61949.16;
;ACC05;B3SA3;1;9334;9334;9334;14.24;132916.16;132916.16;132916.16;
;ACC06;PETR4;1;5452;5452;5452;11.50;62698.00;62698.00;62698.00;
;ACC06;ITUB4;2;7680;7680;7680;16.60;127488.00;127488.00;127488.00;
;ACC07;PETR4;1;9282;9282;9282;19.18;178028.76;178028.76;178028.76;
;ACC06;ITUB4;1;8491;8491;8491;10.83;91957.53;91957.53;91957.53;
;ACC03;B3SA3;2;7311;7311;7311;15.30;111858.30;111858.30;111858.30;
;ACC07;ABEV3;1;7962;7962;7962;12.15;96738.30;96738.30;96738.30;
;ACC08;BBAS3;2;1686;1686;1686;13.45;22676.70;22676.70;22676.70;
;ACC04;ITUB4;2;7383;7383;7383;15.90;117389.70;117389.70;117389.70;
;ACC02;VALE3;1;9159;9159;9159;19.05;174478.95;174478.95;174478.95;
;ACC02;WEGE3;1;1192;1192;1192;12.88;15352.96;15352.96;15352.96;
;ACC10;LREN3;1;8784;8784;8784;18.92;166193.28;166193.28;166193.28;
;ACC09;BBDC4;2;8032;8032;8032;17.75;142568.00;142568.00;142568.00;
;ACC03;ITUB4;1;7383;7383;7383;10.17;75085.11;75085.11;75085.11;
;ACC06;ABEV3;1;3694;3694;3694;17.90;66122.60;66122.60;66122.60;
;ACC06;BBAS3;2;6293;6293;6293;12.30;77403.90;77403.90;77403.90;
;ACC10;BBDC4;1;1906;1906;1906;11.61;22128.66;22128.66;22128.66;
;ACC02;ABEV3;2;4456;4456;4456;15.07;67151.92;67151.92;67151.92;
;ACC10;ITUB4;2;1427;1427;1427;18.42;26285.34;26285.34;26285.34;
;ACC05;PETR4;1;3802;3802;3802;12.97;49311.94;49311.94;49311.94;
;ACC02;MGLU3;2;3868;3868;3868;14.70;56859.60;56859.60;56859.60;
;ACC01;LREN3;2;2983;2983;2983;11.97;35706.51;35706.51;35706.51;
;ACC08;MGLU3;1;1695;1695;1695;11.76;19933.20;19933.20;19933.20;
;ACC08;VALE3;2;6906;6906;6906;14.39;99377.34;99377.34;99377.34;
;ACC05;VALE3;1;8097;8097;8097;12.60;102022.20;102022.20;102022.20;
;ACC02;BBAS3;1;3801;3801;3801;12.19;46334.19;46334.19;46334.19;
;ACC02;ABEV3;2;7326;7326;7326;11.54;84542.04;84542.04;84542.04;
;ACC10;B3SA3;2;5036;5036;5036;12.21;61489.56;61489.56;61489.56;
;ACC04;VALE3;2;5540;5540;5540;13.26;73460.40;73460.40;73460.40;
;ACC05;MGLU3;2;9225;9225;9225;19.87;183300.75;183300.75;183300.75;
;ACC01;ABEV3;1;5422;5422;5422;13.16;71353.52;71353.52;71353.52;
;ACC02;LREN3;1;6561;6561;6561;12.31;80765.91;80765.91;80765.91;
;ACC01;BBDC4;2;2951;2951;2951;14.65;43232.15;43232.15;43232.15;
;ACC03;ITUB4;1;8083;8083;8083;14.36;116071.88;116071.88;116071.88;
;ACC09;B3SA3;2;6131;6131;6131;18.86;115630.66;115630.66;115630.66;
;ACC05;BBAS3;1;8595;8595;8595;16.65;143106.75;143106.75;143106.75;
;ACC05;ITUB4;1;7314;7314;7314;10.06;73578.84;73578.84;73578.84;
;ACC10;MGLU3;2;1050;1050;1050;18.21;19120.50;19120.50;19120.50;
;ACC04;BBDC4;2;9229;9229;9229;13.13;121176.77;121176.77;121176.77;
;ACC09;LREN3;1;2179;2179;2179;11.22;24448.38;24448.38;24448.38;
;ACC05;BBDC4;1;1290;1290;1290;16.90;21801.00;21801.00;21801.00;
;ACC02;ITUB4;2;6739;6739;6739;18.67;125817.13;125817.13;125817.13;
;ACC06;BBAS3;1;7070;7070;7070;14.85;104989.50;104989.50;104989.50;
;ACC04;ABEV3;2;4601;4601;4601;17.43;80195.43;80195.43;80195.43;
;ACC06;BBAS3;1;5259;5259;5259;12.02;63213.18;63213.18;63213.18;
;ACC04;ABEV3;2;4083;4083;4083;11.09;45280.47;45280.47;45280.47;
;ACC04;ABEV3;1;7815;7815;7815;13.99;109331.85;109331.85;109331.85;
;ACC02;PETR4;2;1939;1939;1939;10.30;19971.70;19971.70;19971.70;
;ACC07;WEGE3;2;5673;5673;5673;16.43;93207.39;93207.39;93207.39;
;ACC05;WEGE3;2;5646;5646;5646;15.31;86440.26;86440.26;86440.26;
;ACC05;MGLU3;2;4467;4467;4467;13.58;60661.86;60661.86;60661.86;
;ACC01;MGLU3;1;7295;7295;7295;10.15;74044.25;74044.25;74044.25;
;ACC01;B3SA3;1;7632;7632;7632;19.66;150045.12;150045.12;150045.12;
;ACC09;VALE3;1;7094;7094;7094;10.19;72287.86;72287.86;72287.86;
;ACC09;BBAS3;1;7946;7946;7946;15.07;119746.22;119746.22;119746.22;
;ACC10;PETR4;1;7105;7105;7105;14.62;103875.10;103875.10;103875.10;
;ACC05;PETR4;1;2272;2272;2272;17.25;39192.00;39192.00;39192.00;
;ACC07;BBDC4;1;7354;7354;7354;13.28;97661.12;97661.12;97661.12;
;ACC08;LREN3;1;3112;3112;3112;17.58;54708.96;54708.96;54708.96;
;ACC02;LREN3;1;3550;3550;3550;16.89;59959.50;59959.50;59959.50;
;ACC06;ABEV3;1;4503;4503;4503;14.22;64032.66;64032.66;64032.66;
;ACC03;MGLU3;2;7441;7441;7441;17.65;131333.65;131333.65;131333.65;
;ACC02;WEGE3;2;9411;9411;9411;14.78;139094.58;139094.58;139094.58;
;ACC02;BBDC4;2;4388;4388;4388;10.07;44187.16;44187.16;44187.16;
;ACC04;PETR4;2;8311;8311;8311;10.69;88844.59;88844.59;88844.59;
;ACC03;BBAS3;1;5571;5571;5571;18.24;101615.04;101615.04;101615.04;
;ACC09;BBDC4;2;9639;9639;9639;17.80;171574.20;171574.20;171574.20;
;ACC07;WEGE3;1;3717;3717;3717;19.92;74042.64;74042.64;74042.64;
;ACC06;BBDC4;1;2582;2582;2582;18.89;48773.98;48773.98;48773.98;
;ACC10;WEGE3;2;1457;1457;1457;11.62;16930.34;16930.34;16930.34;
;ACC07;BBDC4;2;5167;5167;5167;10.31;53271.77;53271.77;53271.77;
;ACC06;ITUB4;2;7233;7233;7233;13.86;100249.38;100249.38;100249.38;
;ACC05;LREN3;2;7450;7450;7450;11.67;86941.50;86941.50;86941.50;
;ACC06;ABEV3;1;3894;3894;3894;18.75;73012.50;73012.50;73012.50;
;ACC02;PETR4;1;9626;9626;9626;13.64;131298.64;131298.64;131298.64;
;ACC01;WEGE3;1;9650;9650;9650;19.24;185666.00;185666.00;185666.00;
;ACC04;ITUB4;2;1157;1157;1157;17.35;20073.95;20073.95;20073.95;
;ACC06;PETR4;2;8742;8742;8742;17.73;154995.66;154995.66;154995.66;
;ACC03;ITUB4;1;9960;9960;9960;16.63;165634.80;165634.80;165634.80;
;ACC01;PETR4;2;2978;2978;2978;17.82;53067.96;53067.96;53067.96;
;ACC02;WEGE3;1;3771;3771;3771;12.60;47514.60;47514.60;47514.60;
;ACC02;VALE3;2;8938;8938;8938;10.01;89469.38;89469.38;89469.38;
;ACC07;B3SA3;1;8408;8408;8408;19.74;165973.92;165973.92;165973.92;
;ACC08;PETR4;1;7400;7400;7400;12.03;89022.00;89022.00;89022.00;
;ACC09;WEGE3;2;6822;6822;6822;15.72;107241.84;107241.84;107241.84;
;ACC01;PETR4;2;9342;9342;9342;16.14;150779.88;150779.88;150779.88;
;ACC10;WEGE3;2;6647;6647;6647;15.50;103028.50;103028.50;103028.50;
;ACC08;ABEV3;2;8249;8249;8249;12.94;106742.06;106742.06;106742.06;
;ACC07;ABEV3;2;4955;4955;4955;16.92;83838.60;83838.60;83838.60;
;ACC06;BBAS3;1;8282;8282;8282;19.97;165391.54;165391.54;165391.54;
;ACC06;WEGE3;1;8686;8686;8686;13.29;115436.94;115436.94;115436.94;
;ACC05;VALE3;1;9291;9291;9291;13.74;127658.34;127658.34;127658.34;
;ACC03;B3SA3;1;5732;5732;5732;16.84;96526.88;96526.88;96526.88;
;ACC02;VALE3;2;3589;3589;3589;18.79;67437.31;67437.31;67437.31;
;ACC03;WEGE3;2;4168;4168;4168;15.13;63061.84;63061.84;63061.84;
;ACC06;MGLU3;1;1508;1508;1508;18.30;27596.40;27596.40;27596.40;
;ACC05;BBDC4;1;3611;3611;3611;10.82;39071.02;39071.02;39071.02;
;ACC09;B3SA3;1;6968;6968;6968;19.47;135666.96;135666.96;135666.96;
;ACC03;B3SA3;1;3679;3679;3679;18.48;67987.92;67987.92;67987.92;
;ACC05;WEGE3;2;3816;3816;3816;13.58;51821.28;51821.28;51821.28;
;ACC07;BBAS3;2;7102;7102;7102;16.94;120307.88;120307.88;120307.88;
;ACC08;ABEV3;1;2303;2303;2303;14.68;33808.04;33808.04;33808.04;
;ACC10;PETR4;2;2714;2714;2714;10.17;27601.38;27601.38;27601.38;
;ACC04;ABEV3;1;7961;7961;7961;12.09;96248.49;96248.49;96248.49;
;ACC07;PETR4;2;3507;3507;3507;12.71;44573.97;44573.97;44573.97;
;ACC08;BBDC4;2;8979;8979;8979;18.83;169074.57;169074.57;169074.57;
;ACC03;MGLU3;2;7061;7061;7061;14.64;103373.04;103373.04;103373.04;
;ACC03;BBDC4;2;1280;1280;1280;13.76;17612.80;17612.80;17612.80;
;ACC05;MGLU3;1;4682;4682;4682;17.36;81279.52;81279.52;81279.52;
;ACC01;BBAS3;2;9802;9802;9802;19.71;193197.42;193197.42;193197.42;
;ACC10;WEGE3;2;6181;6181;6181;14.94;92344.14;92344.14;92344.14;
;ACC08;ABEV3;2;6929;6929;6929;14.15;98045.35;98045.35;98045.35;
;ACC03;B3SA3;2;9307;9307;9307;16.32;151890.24;151890.24;151890.24;
;ACC01;ABEV3;1;5592;5592;5592;13.05;72975.60;72975.60;72975.60;
;ACC10;ABEV3;2;9630;9630;9630;12.87;123938.10;123938.10;123938.10;
;ACC08;BBDC4;1;9093;9093;9093;11.37;103387.41;103387.41;103387.41;
;ACC05;B3SA3;2;5115;5115;5115;17.26;88284.90;88284.90;88284.90;
;ACC10;LREN3;1;5712;5712;5712;11.62;66373.44;66373.44;66373.44;
;ACC04;PETR4;1;5770;5770;5770;18.94;109283.80;109283.80;109283.80;
;ACC03;PETR4;2;3616;3616;3616;18.51;66932.16;66932.16;66932.16;
;ACC02;MGLU3;1;1663;1663;1663;16.02;26641.26;26641.26;26641.26;
;ACC01;MGLU3;1;9147;9147;9147;18.14;165926.58;165926.58;165926.58;
;ACC08;LREN3;2;3312;3312;3312;12.83;42492.96;42492.96;42492.96;
;ACC04;ABEV3;2;3074;3074;3074;12.88;39593.12;39593.12;39593.12;
;ACC06;PETR4;1;2540;2540;2540;17.05;43307.00;43307.00;43307.00;
;ACC03;BBAS3;2;8145;8145;8145;19.11;155650.95;155650.95;155650.95;
;ACC06;LREN3;1;7383;7383;7383;13.37;98710.71;98710.71;98710.71;
;ACC08;MGLU3;2;2930;2930;2930;10.72;31409.60;31409.60;31409.60;
;ACC10;BBDC4;1;5929;5929;5929;10.91;64685.39;64685.39;64685.39;
;ACC06;BBDC4;2;9302;9302;9302;10.01;93113.02;93113.02;93113.02;
;ACC08;VALE3;2;9342;9342;9342;16.48;153956.16;153956.16;153956.16;
;ACC01;VALE3;2;6566;6566;6566;14.84;97439.44;97439.44;97439.44;
;ACC03;VALE3;1;4275;4275;4275;18.09;77334.75;77334.75;77334.75;
;ACC04;MGLU3;1;3364;3364;3364;16.92;56918.88;56918.88;56918.88;
;ACC03;BBDC4;1;1025;1025;1025;10.65;10916.25;10916.25;10916.25;
;ACC04;MGLU3;1;4559;4559;4559;17.77;81013.43;81013.43;81013.43;
;ACC07;BBDC4;2;5971;5971;5971;19.27;115061.17;115061.17;115061.17;
;ACC02;BBAS3;2;9726;9726;9726;17.34;168648.84;168648.84;168648.84;
;ACC09;ITUB4;1;6482;6482;6482;19.26;124843.32;124843.32;124843.32;
;ACC09;B3SA3;1;9968;9968;9968;10.03;99979.04;99979.04;99979.04;
;ACC08;BBDC4;1;6983;6983;6983;19.47;135959.01;135959.01;135959.01;
;ACC04;WEGE3;2;3629;3629;3629;17.04;61838.16;61838.16;61838.16;
;ACC02;BBAS3;2;2481;2481;2481;15.59;38678.79;38678.79;38678.79;
;ACC04;ITUB4;2;5734;5734;5734;19.49;111755.66;111755.66;111755.66;
;ACC09;B3SA3;1;2683;2683;2683;14.42;38688.86;38688.86;38688.86;
;ACC06;BBDC4;1;5468;5468;5468;18.03;98588.04;98588.04;98588.04;
;ACC05;VALE3;1;8393;8393;8393;11.23;94253.39;94253.39;94253.39;
;ACC02;ABEV3;1;5131;5131;5131;16.34;83840.54;83840.54;83840.54;
;ACC02;ABEV3;1;6459;6459;6459;10.35;66850.65;66850.65;66850.65;
;ACC07;ITUB4;1;5079;5079;5079;18.27;92793.33;92793.33;92793.33;
;ACC10;VALE3;1;5608;5608;5608;16.69;93597.52;93597.52;93597.52;
;ACC04;VALE3;1;8300;8300;8300;17.46;144918.00;144918.00;144918.00;
;ACC02;ABEV3;2;9743;9743;9743;10.00;97430.00;97430.00;97430.00;
;ACC04;WEGE3;2;7449;7449;7449;17.92;133486.08;133486.08;133486.08;
;ACC04;VALE3;1;1778;1778;1778;11.30;20091.40;20091.40;20091.40;
;ACC01;PETR4;1;9529;9529;9529;15.62;148842.98;148842.98;148842.98;
;ACC09;ABEV3;2;5081;5081;5081;13.98;71032.38;71032.38;71032.38;
;ACC07;LREN3;1;8682;8682;8682;13.80;119811.60;119811.60;119811.60;
;ACC10;ITUB4;1;4092;4092;4092;19.84;81185.28;81185.28;81185.28;
;ACC06;BBAS3;2;4444;4444;4444;12.92;57416.48;57416.48;57416.48;
;ACC02;WEGE3;2;2286;2286;2286;14.36;32826.96;32826.96;32826.96;
;ACC07;LREN3;2;8983;8983;8983;18.62;167263.46;167263.46;167263.46;
;ACC06;ITUB4;2;6080;6080;6080;16.45;100016.00;100016.00;100016.00;
;ACC09;BBAS3;2;3906;3906;3906;11.95;46676.70;46676.70;46676.70;
;ACC08;LREN3;1;6496;6496;6496;18.27;118681.92;118681.92;118681.92;
;ACC05;WEGE3;2;2756;2756;2756;18.25;50297.00;50297.00;50297.00;
;ACC03;BBAS3;1;8977;8977;8977;13.34;119753.18;119753.18;119753.18;
;ACC05;ABEV3;1;9567;9567;9567;16.99;162543.33;162543.33;162543.33;
;ACC04;B3SA3;1;3246;3246;3246;12.07;39179.22;39179.22;39179.22;
;ACC04;BBDC4;2;6621;6621;6621;19.15;126792.15;126792.15;126792.15;
;ACC04;ABEV3;1;1420;1420;1420;15.49;21995.80;21995.80;21995.80;
;ACC03;PETR4;1;2974;2974;2974;13.54;40267.96;40267.96;40267.96;
;ACC05;VALE3;1;8896;8896;8896;17.94;159594.24;159594.24;159594.24;
;ACC03;VALE3;2;2251;2251;2251;12.25;27574.75;27574.75;27574.75;
;ACC05;ITUB4;2;7105;7105;7105;13.72;97480.60;97480.60;97480.60;
;ACC06;LREN3;1;9916;9916;9916;15.88;157466.08;157466.08;157466.08;
;ACC08;ABEV3;2;7425;7425;7425;14.45;107291.25;107291.25;107291.25;
;ACC03;PETR4;2;8666;8666;8666;14.01;121410.66;121410.66;121410.66;
;ACC02;LREN3;1;4821;4821;4821;12.50;60262.50;60262.50;60262.50;
;ACC06;MGLU3;1;6949;6949;6949;18.76;130363.24;130363.24;130363.24;
;ACC06;ITUB4;2;5241;5241;5241;13.76;72116.16;72116.16;72116.16;
;ACC02;BBAS3;1;2247;2247;2247;13.85;31120.95;31120.95;31120.95;
;ACC02;BBDC4;2;9845;9845;9845;15.49;152499.05;152499.05;152499.05;
;ACC06;BBAS3;2;8879;8879;8879;10.24;90920.96;90920.96;90920.96;
;ACC06;LREN3;2;2774;2774;2774;11.17;30985.58;30985.58;30985.58;
;ACC07;B3SA3;1;7247;7247;7247;17.32;125518.04;125518.04;125518.04;
;ACC09;MGLU3;2;1376;1376;1376;19.53;26873.28;26873.28;26873.28;
;ACC06;MGLU3;1;7108;7108;7108;15.91;113088.28;113088.28;113088.28;
;ACC07;ITUB4;1;3720;3720;3720;16.19;60226.80;60226.80;60226.80;
;ACC09;MGLU3;2;8691;8691;8691;12.09;105074.19;105074.19;105074.19;
;ACC03;VALE3;2;1457;1457;1457;15.27;22248.39;22248.39;22248.39;
;ACC03;PETR4;1;6013;6013;6013;11.66;70111.58;70111.58;70111.58;
;ACC03;MGLU3;2;2903;2903;2903;10.77;31265.31;31265.31;31265.31;
;ACC08;BBAS3;2;7128;7128;7128;10.04;71565.12;71565.12;71565.12;
;ACC06;ABEV3;1;8089;8089;8089;10.70;86552.30;86552.30;86552.30;
;ACC02;B3SA3;1;3793;3793;3793;17.17;65125.81;65125.81;65125.81;
;ACC05;MGLU3;2;6235;6235;6235;13.28;82800.80;82800.80;82800.80;
;ACC03;B3SA3;2;2091;2091;2091;18.44;38558.04;38558.04;38558.04;
;ACC03;B3SA3;2;7813;7813;7813;11.47;89615.11;89615.11;89615.11;
;ACC01;BBAS3;2;8669;8669;8669;19.88;172339.72;172339.72;172339.72;
;ACC04;ITUB4;2;2622;2622;2622;19.63;51469.86;51469.86;51469.86;
;ACC04;PETR4;2;1666;1666;1666;13.88;23124.08;23124.08;23124.08;
;ACC07;MGLU3;1;3897;3897;3897;11.14;43412.58;43412.58;43412.58;
;ACC01;MGLU3;1;9189;9189;9189;10.54;96852.06;96852.06;96852.06;
;ACC10;ABEV3;2;8432;8432;8432;16.38;138116.16;138116.16;138116.16;
;ACC10;VALE3;1;6910;6910;6910;17.56;121339.60;121339.60;121339.60;
;ACC03;ABEV3;2;5687;5687;5687;14.63;83200.81;83200.81;83200.81;
;ACC07;B3SA3;2;3407;3407;3407;12.63;43030.41;43030.41;43030.41;
;ACC02;BBDC4;1;6919;6919;6919;17.16;118730.04;118730.04;118730.04;
;ACC07;B3SA3;2;7181;7181;7181;11.70;84017.70;84017.70;84017.70;
;ACC09;PETR4;2;9869;9869;9869;13.64;134613.16;134613.16;134613.16;
;ACC04;ABEV3;1;9296;9296;9296;18.90;175694.40;175694.40;175694.40;
;ACC05;ABEV3;1;1442;1442;1442;11.65;16799.30;16799.30;16799.30;
;ACC06;LREN3;1;9597;9597;9597;18.48;177352.56;177352.56;177352.56;
;ACC03;BBDC4;2;3459;3459;3459;11.30;39086.70;39086.70;39086.70;
;ACC06;B3SA3;2;2687;2687;2687;15.08;40519.96;40519.96;40519.96;
;ACC08;BBDC4;2;6802;6802;6802;18.15;123456.30;123456.30;123456.30;
;ACC03;WEGE3;2;5274;5274;5274;10.82;57064.68;57064.68;57064.68;
;ACC05;LREN3;1;6494;6494;6494;14.03;91110.82;91110.82;91110.82;
;ACC03;VALE3;1;7150;7150;7150;12.91;92306.50;92306.50;92306.50;
;ACC06;PETR4;2;2885;2885;2885;10.63;30667.55;30667.55;30667.55;
;ACC06;ITUB4;2;6848;6848;6848;12.06;82586.88;82586.88;82586.88;
;ACC04;ABEV3;1;4972;4972;4972;15.11;75126.92;75126.92;75126.92;
;ACC07;B3SA3;1;8321;8321;8321;18.39;153023.19;153023.19;153023.19;
;ACC08;PETR4;1;4063;4063;4063;13.36;54281.68;54281.68;54281.68;
;ACC05;BBDC4;1;3061;3061;3061;10.84;33181.24;33181.24;33181.24;
;ACC03;VALE3;1;1708;1708;1708;12.62;21554.96;21554.96;21554.96;
;ACC08;ITUB4;1;6543;6543;6543;14.24;93172.32;93172.32;93172.32;
;ACC06;MGLU3;2;1077;1077;1077;19.94;21475.38;21475.38;21475.38;
;ACC01;BBDC4;2;5006;5006;5006;10.19;51011.14;51011.14;51011.14;
;ACC07;BBDC4;2;1097;1097;1097;13.25;14535.25;14535.25;14535.25;
;ACC05;ABEV3;1;3893;3893;3893;16.45;64039.85;64039.85;64039.85;
;ACC06;ITUB4;2;2233;2233;2233;14.62;32646.46;32646.46;32646.46;
;ACC05;B3SA3;1;8978;8978;8978;13.60;122100.80;122100.80;122100.80;
;ACC09;ITUB4;2;5035;5035;5035;14.12;71094.20;71094.20;71094.20;
;ACC05;WEGE3;2;9073;9073;9073;17.64;160047.72;160047.72;160047.72;
;ACC10;BBDC4;1;2764;2764;2764;16.91;46739.24;46739.24;46739.24;
;ACC09;MGLU3;1;3772;3772;3772;16.02;60427.44;60427.44;60427.44;
;ACC08;MGLU3;1;3675;3675;3675;14.15;52001.25;52001.25;52001.25;
;ACC07;B3SA3;2;7731;7731;7731;18.81;145420.11;145420.11;145420.11;
;ACC01;PETR4;1;4201;4201;4201;16.65;69946.65;69946.65;69946.65;
;ACC08;ITUB4;2;3873;3873;3873;19.53;75639.69;75639.69;75639.69;
;ACC03;ITUB4;2;4678;4678;4678;13.17;61609.26;61609.26;61609.26;
;ACC01;ABEV3;1;8015;8015;8015;17.74;142186.10;142186.10;142186.10;
;ACC10;VALE3;2;9167;9167;9167;16.34;149788.78;149788.78;149788.78;
;ACC07;BBAS3;1;7084;7084;7084;14.97;106047.48;106047.48;106047.48;
;ACC05;ITUB4;2;3673;3673;3673;15.82;58106.86;58106.86;58106.86;
;ACC02;B3SA3;2;7797;7797;7797;16.24;126623.28;126623.28;126623.28;
;ACC01;BBAS3;2;4542;4542;4542;16.47;74806.74;74806.74;74806.74;
;ACC06;VALE3;1;5686;5686;5686;16.32;92795.52;92795.52;92795.52;
;ACC09;BBAS3;2;6772;6772;6772;13.22;89525.84;89525.84;89525.84;
;ACC05;BBAS3;1;8861;8861;8861;18.79;166498.19;166498.19;166498.19;
;ACC08;WEGE3;1;2952;2952;2952;18.67;55113.84;55113.84;55113.84;
;ACC01;ITUB4;2;9068;9068;9068;18.87;171113.16;171113.16;171113.16;
;ACC02;B3SA3;2;1839;1839;1839;11.86;21810.54;21810.54;21810.54;
;ACC08;WEGE3;2;8438;8438;8438;18.63;157199.94;157199.94;157199.94;
;ACC01;ABEV3;2;9900;9900;9900;10.64;105336.00;105336.00;105336.00;
;ACC03;WEGE3;2;7781;7781;7781;11.17;86913.77;86913.77;86913.77;
;ACC08;VALE3;2;6525;6525;6525;12.30;80257.50;80257.50;80257.50;
;ACC03;ITUB4;1;4875;4875;4875;19.18;93502.50;93502.50;93502.50;
;ACC10;ITUB4;2;6270;6270;6270;19.11;119819.70;119819.70;119819.70;
;ACC02;WEGE3;1;9456;9456;9456;16.39;154983.84;154983.84;154983.84;
;ACC06;MGLU3;1;1521;1521;1521;17.79;27058.59;27058.59;27058.59;
;ACC09;MGLU3;1;1625;1625;1625;11.20;18200.00;18200.00;18200.00;
;ACC08;LREN3;2;2188;2188;2188;11.61;25402.68;25402.68;25402.68;
;ACC04;ITUB4;2;8814;8814;8814;17.15;151160.10;151160.10;151160.10;
;ACC07;LREN3;2;6796;6796;6796;10.91;74144.36;74144.36;74144.36;
;ACC01;WEGE3;2;2684;2684;2684;12.70;34086.80;34086.80;34086.80;
;ACC10;MGLU3;2;9024;9024;9024;13.10;118214.40;118214.40;118214.40;
;ACC09;MGLU3;1;6553;6553;6553;15.91;104258.23;104258.23;104258.23;
;ACC01;BBDC4;1;6712;6712;6712;10.56;70878.72;70878.72;70878.72;
;ACC07;PETR4;1;4552;4552;4552;18.18;82755.36;82755.36;82755.36;
;ACC02;VALE3;1;7956;7956;7956;13.50;107406.00;107406.00;107406.00;
;ACC01;WEGE3;1;1421;1421;1421;19.39;27553.19;27553.19;27553.19;
;ACC10;VALE3;2;1868;1868;1868;17.11;31961.48;31961.48;31961.48;
;ACC01;BBDC4;1;1940;1940;1940;17.88;34687.20;34687.20;34687.20;
;ACC05;WEGE3;2;9206;9206;9206;10.24;94269.44;94269.44;94269.44;
;ACC03;WEGE3;1;7835;7835;7835;13.84;108436.40;108436.40;108436.40;
;ACC07;ITUB4;1;4013;4013;4013;17.92;71912.96;71912.96;71912.96;
;ACC05;LREN3;1;3851;3851;3851;16.24;62540.24;62540.24;62540.24;
;ACC07;BBDC4;2;7560;7560;7560;13.81;104403.60;104403.60;104403.60;
;ACC05;ABEV3;2;7661;7661;7661;18.31;140272.91;140272.91;140272.91;
;ACC06;PETR4;1;1300;1300;1300;10.08;13104.00;13104.00;13104.00;
;ACC08;WEGE3;1;4451;4451;4451;10.08;44866.08;44866.08;44866.08;
;ACC05;LREN3;1;3922;3922;3922;13.21;51809.62;51809.62;51809.62;
;ACC05;BBDC4;2;2915;2915;2915;17.66;51478.90;51478.90;51478.90;
;ACC05;ITUB4;1;6002;6002;6002;12.38;74304.76;74304.76;74304.76;
;ACC10;ITUB4;2;4160;4160;4160;18.91;78665.60;78665.60;78665.60;
;ACC10;B3SA3;1;7640;7640;7640;16.63;127053.20;127053.20;127053.20;
;ACC07;BBDC4;1;4132;4132;4132;14.49;59872.68;59872.68;59872.68;
;ACC06;PETR4;1;1285;1285;1285;14.85;19082.25;19082.25;19082.25;
;ACC09;B3SA3;1;8450;8450;8450;11.74;99203.00;99203.00;99203.00;
;ACC05;ABEV3;1;6643;6643;6643;10.12;67227.16;67227.16;67227.16;
;ACC02;VALE3;1;9417;9417;9417;16.18;152367.06;152367.06;152367.06;
;ACC05;BBAS3;1;7013;7013;7013;15.19;106527.47;106527.47;106527.47;
;ACC10;MGLU3;2;8210;8210;8210;12.66;103938.60;103938.60;103938.60;
;ACC03;ITUB4;2;1269;1269;1269;13.84;17562.96;17562.96;17562.96;
;ACC06;ITUB4;2;1443;1443;1443;19.25;27777.75;27777.75;27777.75;
;ACC07;BBDC4;1;6983;6983;6983;15.62;109074.46;109074.46;109074.46;
;ACC07;ITUB4;2;4139;4139;4139;12.34;51075.26;51075.26;51075.26;
;ACC06;LREN3;1;5070;5070;5070;12.66;64186.20;64186.20;64186.20;
;ACC01;PETR4;1;1022;1022;1022;18.77;19182.94;19182.94;19182.94;
;ACC08;PETR4;2;5245;5245;5245;18.45;96770.25;96770.25;96770.25;
;ACC09;B3SA3;2;7437;7437;7437;18.45;137212.65;137212.65;137212.65;
;ACC02;B3SA3;2;9564;9564;9564;11.46;109603.44;109603.44;109603.44;
;ACC04;VALE3;2;7214;7214;7214;14.75;106406.50;106406.50;106406.50;
;ACC06;ABEV3;1;9128;9128;9128;11.54;105337.12;105337.12;105337.12;
;ACC07;B3SA3;2;1132;1132;1132;16.54;18723.28;18723.28;18723.28;
;ACC08;ITUB4;2;8507;8507;8507;16.88;143598.16;143598.16;143598.16;
;ACC08;LREN3;2;5005;5005;5005;15.83;79229.15;79229.15;79229.15;
;ACC08;WEGE3;1;1035;1035;1035;15.27;15804.45;15804.45;15804.45;
;ACC09;PETR4;1;4286;4286;4286;16.67;71447.62;71447.62;71447.62;
;ACC06;MGLU3;2;4435;4435;4435;19.43;86172.05;86172.05;86172.05;
;ACC03;MGLU3;1;4527;4527;4527;12.15;55003.05;55003.05;55003.05;
;ACC05;WEGE3;2;9422;9422;9422;17.76;167334.72;167334.72;167334.72;
;ACC01;WEGE3;2;7428;7428;7428;13.90;103249.20;103249.20;103249.20;
;ACC10;MGLU3;1;5855;5855;5855;14.35;84019.25;84019.25;84019.25;
;ACC04;LREN3;1;2796;2796;2796;13.45;37606.20;37606.20;37606.20;
;ACC07;ABEV3;2;8883;8883;8883;17.55;155896.65;155896.65;155896.65;
;ACC04;WEGE3;2;6583;6583;6583;10.74;70701.42;70701.42;70701.42;
;ACC09;LREN3;1;9159;9159;9159;15.62;143063.58;143063.58;143063.58;
;ACC02;WEGE3;2;5301;5301;5301;14.90;78984.90;78984.90;78984.90;
;ACC01;BBDC4;2;9816;9816;9816;17.71;173841.36;173841.36;173841.36;
;ACC07;LREN3;1;6122;6122;6122;15.34;93911.48;93911.48;93911.48;
;ACC05;MGLU3;1;8461;8461;8461;17.60;148913.60;148913.60;148913.60;
;ACC01;PETR4;1;2755;2755;2755;15.14;41710.70;41710.70;41710.70;
;ACC02;VALE3;2;4313;4313;4313;19.37;83542.81;83542.81;83542.81;
;ACC03;B3SA3;1;2232;2232;2232;13.83;30868.56;30868.56;30868.56;
;ACC09;B3SA3;2;2037;2037;2037;17.87;36401.19;36401.19;36401.19;
;ACC04;WEGE3;1;2090;2090;2090;18.42;38497.80;38497.80;38497.80;
;ACC08;B3SA3;1;4849;4849;4849;18.79;91112.71;91112.71;91112.71;
;ACC01;PETR4;1;1963;1963;1963;10.30;20218.90;20218.90;20218.90;
;ACC02;WEGE3;1;2196;2196;2196;16.51;36255.96;36255.96;36255.96;
;ACC10;BBAS3;1;3563;3563;3563;13.61;48492.43;48492.43;48492.43;
;ACC08;B3SA3;2;2798;2798;2798;10.71;29966.58;29966.58;29966.58;
;ACC07;PETR4;1;5693;5693;5693;14.18;80726.74;80726.74;80726.74;
;ACC10;ITUB4;2;8518;8518;8518;12.45;106049.10;106049.10;106049.10;
;ACC08;WEGE3;1;4894;4894;4894;15.71;76884.74;76884.74;76884.74;
;ACC09;MGLU3;1;5858;5858;5858;14.49;84882.42;84882.42;84882.42;
;ACC04;WEGE3;1;8947;8947;8947;16.70;149414.90;149414.90;149414.90;
;ACC01;ABEV3;1;1715;1715;1715;12.63;21660.45;21660.45;21660.45;
;ACC09;LREN3;1;4802;4802;4802;17.71;85043.42;85043.42;85043.42;
;ACC01;MGLU3;1;1935;1935;1935;11.48;22213.80;22213.80;22213.80;
;ACC04;BBDC4;2;1183;1183;1183;14.43;17070.69;17070.69;17070.69;
;ACC04;BBDC4;2;7114;7114;7114;16.78;119372.92;119372.92;119372.92;
;ACC04;BBAS3;2;6723;6723;6723;13.33;89617.59;89617.59;89617.59;
;ACC01;VALE3;2;9224;9224;9224;15.85;146200.40;146200.40;146200.40;
;ACC01;LREN3;1;1670;1670;1670;14.89;24866.30;24866.30;24866.30;
;ACC07;MGLU3;1;8486;8486;8486;12.68;107602.48;107602.48;107602.48;
;ACC10;MGLU3;1;2310;2310;2310;14.97;34580.70;34580.70;34580.70;
;ACC10;ITUB4;2;9032;9032;9032;11.32;102242.24;102242.24;102242.24;
;ACC06;BBAS3;1;7884;7884;7884;16.39;129218.76;129218.76;129218.76;
;ACC02;ABEV3;1;4011;4011;4011;15.83;63494.13;63494.13;63494.13;
;ACC02;BBDC4;1;4518;4518;4518;16.73;75586.14;75586.14;75586.14;
;ACC04;MGLU3;2;2417;2417;2417;10.28;24846.76;24846.76;24846.76;
;ACC06;MGLU3;2;7940;7940;7940;14.97;118861.80;118861.80;118861.80;
;ACC09;ABEV3;1;8154;8154;8154;17.48;142531.92;142531.92;142531.92;
;ACC10;PETR4;2;3145;3145;3145;10.87;34186.15;34186.15;34186.15;
;ACC05;LREN3;1;8183;8183;8183;18.29;149667.07;149667.07;149667.07;
;ACC09;BBDC4;2;1303;1303;1303;17.51;22815.53;22815.53;22815.53;
;ACC04;BBDC4;1;9309;9309;9309;15.18;141310.62;141310.62;141310.62;
;ACC10;WEGE3;2;3272;3272;3272;12.30;40245.60;40245.60;40245.60;
;ACC02;BBAS3;1;4810;4810;4810;15.34;73785.40;73785.40;73785.40;
;ACC09;VALE3;2;5811;5811;5811;13.31;77344.41;77344.41;77344.41;
;ACC04;ITUB4;2;4953;4953;4953;14.97;74146.41;74146.41;74146.41;
;ACC09;BBAS3;2;7249;7249;7249;15.04;109024.96;109024.96;109024.96;
;ACC10;VALE3;2;2943;2943;2943;14.78;43497.54;43497.54;43497.54;
;ACC07;BBAS3;1;1559;1559;1559;11.84;18458.56;18458.56;18458.56;
;ACC02;ABEV3;2;3103;3103;3103;11.09;34412.27;34412.27;34412.27;
;ACC04;ITUB4;1;8233;8233;8233;11.29;92950.57;92950.57;92950.57;
;ACC10;LREN3;1;3588;3588;3588;14.90;53461.20;53461.20;53461.20;
;ACC01;B3SA3;1;7324;7324;7324;12.57;92062.68;92062.68;92062.68;
;ACC05;ITUB4;2;4616;4616;4616;14.95;69009.20;69009.20;69009.20;
;ACC05;MGLU3;2;4957;4957;4957;12.04;59682.28;59682.28;59682.28;
;ACC04;VALE3;2;8558;8558;8558;19.26;164827.08;164827.08;164827.08;
;ACC10;ABEV3;2;5719;5719;5719;18.52;105915.88;105915.88;105915.88;
;ACC04;LREN3;1;6068;6068;6068;19.31;117173.08;117173.08;117173.08;
;ACC10;B3SA3;2;7120;7120;7120;16.90;120328.00;120328.00;120328.00;
;ACC03;BBAS3;1;5712;5712;5712;10.75;61404.00;61404.00;61404.00;
;ACC07;MGLU3;1;6698;6698;6698;12.66;84796.68;84796.68;84796.68;
;ACC06;PETR4;2;1295;1295;1295;18.91;24488.45;24488.45;24488.45;
;ACC06;BBDC4;1;5927;5927;5927;15.88;94120.76;94120.76;94120.76;
;ACC07;WEGE3;2;1946;1946;1946;12.07;23488.22;23488.22;23488.22;
;ACC10;MGLU3;1;8129;8129;8129;10.09;82021.61;82021.61;82021.61;
;ACC02;VALE3;1;5375;5375;5375;14.35;77131.25;77131.25;77131.25;
;ACC05;PETR4;1;2840;2840;2840;16.41;46604.40;46604.40;46604.40;
;ACC01;B3SA3;1;3251;3251;3251;19.37;62971.87;62971.87;62971.87;
;ACC01;PETR4;2;2242;2242;2242;16.69;37418.98;37418.98;37418.98;
;ACC10;BBAS3;1;2412;2412;2412;15.32;36951.84;36951.84;36951.84;
;ACC04;PETR4;1;4194;4194;4194;15.51;65048.94;65048.94;65048.94;
;ACC10;LREN3;2;2860;2860;2860;11.51;32918.60;32918.60;32918.60;
;ACC07;BBDC4;1;1718;1718;1718;17.66;30339.88;30339.88;30339.88;
;ACC06;BBDC4;2;6133;6133;6133;18.20;111620.60;111620.60;111620.60;
;ACC02;ITUB4;2;7181;7181;7181;17.75;127462.75;127462.75;127462.75;
;ACC04;ITUB4;1;6171;6171;6171;11.44;70596.24;70596.24;70596.24;
;ACC09;WEGE3;2;3307;3307;3307;16.49;54532.43;54532.43;54532.43;
;ACC06;BBAS3;1;3308;3308;3308;14.95;49454.60;49454.60;49454.60;
;ACC07;LREN3;2;1907;1907;1907;11.08;21129.56;21129.56;21129.56;
;ACC04;LREN3;1;2569;2569;2569;15.33;39382.77;39382.77;39382.77;
;ACC04;B3SA3;2;7043;7043;7043;15.84;111561.12;111561.12;111561.12;
;ACC09;BBAS3;1;4247;4247;4247;17.70;75171.90;75171.90;75171.90;
;ACC05;LREN3;2;7511;7511;7511;11.31;84949.41;84949.41;84949.41;
;ACC06;BBAS3;1;8921;8921;8921;16.50;147196.50;147196.50;147196.50;
;ACC09;B3SA3;2;8502;8502;8502;17.07;145129.14;145129.14;145129.14;
;ACC10;BBAS3;2;8499;8499;8499;10.61;90174.39;90174.39;90174.39;
;ACC03;WEGE3;2;3042;3042;3042;13.70;41675.40;41675.40;41675.40;
;ACC08;PETR4;1;5117;5117;5117;13.83;70768.11;70768.11;70768.11;
;ACC10;ITUB4;2;9555;9555;9555;11.92;113895.60;113895.60;113895.60;
;ACC08;B3SA3;2;3893;3893;3893;15.98;62210.14;62210.14;62210.14;
;ACC08;VALE3;1;8957;8957;8957;13.81;123696.17;123696.17;123696.17;
;ACC04;WEGE3;1;2766;2766;2766;14.41;39858.06;39858.06;39858.06;
;ACC01;PETR4;1;7869;7869;7869;10.33;81286.77;81286.77;81286.77;
;ACC09;BBDC4;2;8799;8799;8799;19.99;175892.01;175892.01;175892.01;
;ACC06;MGLU3;1;9792;9792;9792;13.54;132583.68;132583.68;132583.68;
;ACC01;ABEV3;2;2599;2599;2599;19.59;50914.41;50914.41;50914.41;
;ACC08;LREN3;1;7122;7122;7122;17.79;126700.38;126700.38;126700.38;
;ACC09;BBAS3;1;6604;6604;6604;19.54;129042.16;129042.16;129042.16;
;ACC04;ITUB4;1;7946;7946;7946;12.34;98053.64;98053.64;98053.64;
;ACC09;BBDC4;2;1062;1062;1062;17.29;18361.98;18361.98;18361.98;
;ACC07;ITUB4;1;5103;5103;5103;17.45;89047.35;89047.35;89047.35;
;ACC03;LREN3;2;2249;2249;2249;11.69;26290.81;26290.81;26290.81;
;ACC05;BBDC4;1;8610;8610;8610;13.44;115718.40;115718.40;115718.40;
;ACC09;B3SA3;2;4217;4217;4217;17.14;72279.38;72279.38;72279.38;
;ACC04;ABEV3;1;7479;7479;7479;19.02;142250.58;142250.58;142250.58;
;ACC07;PETR4;2;2906;2906;2906;10.51;30542.06;30542.06;30542.06;
;ACC05;BBDC4;2;6866;6866;6866;11.94;81980.04;81980.04;81980.04;
;ACC05;VALE3;1;6073;6073;6073;11.21;68078.33;68078.33;68078.33;
;ACC09;PETR4;1;1457;1457;1457;15.12;22029.84;22029.84;22029.84;
;ACC10;MGLU3;2;8989;8989;8989;11.08;99598.12;99598.12;99598.12;
;ACC07;ITUB4;2;2163;2163;2163;16.77;36273.51;36273.51;36273.51;
;ACC06;B3SA3;1;2341;2341;2341;11.39;26663.99;26663.99;26663.99;
;ACC08;BBAS3;1;9104;9104;9104;13.71;124815.84;124815.84;124815.84;
;ACC07;B3SA3;2;8845;8845;8845;12.13;107289.85;107289.85;107289.85;
;ACC08;ITUB4;2;4796;4796;4796;10.68;51221.28;51221.28;51221.28;
;ACC03;BBDC4;1;5101;5101;5101;16.39;83605.39;83605.39;83605.39;
;ACC02;PETR4;2;4629;4629;4629;13.76;63695.04;63695.04;63695.04;
;ACC08;PETR4;1;2038;2038;2038;15.48;31548.24;31548.24;31548.24;
;ACC05;BBDC4;1;2812;2812;2812;19.53;54918.36;54918.36;54918.36;
;ACC10;ABEV3;1;6118;6118;6118;15.11;92442.98;92442.98;92442.98;
;ACC05;BBDC4;1;5588;5588;5588;10.46;58450.48;58450.48;58450.48;
;ACC01;VALE3;2;8234;8234;8234;10.65;87692.10;87692.10;87692.10;
;ACC03;PETR4;1;6478;6478;6478;15.99;103583.22;103583.22;103583.22;
;ACC06;MGLU3;1;2260;2260;2260;12.49;28227.40;28227.40;28227.40;
;ACC09;WEGE3;1;3937;3937;3937;10.38;40866.06;40866.06;40866.06;
;ACC03;B3SA3;2;6075;6075;6075;13.50;82012.50;82012.50;82012.50;
;ACC09;WEGE3;1;8821;8821;8821;19.22;169539.62;169539.62;169539.62;
;ACC03;B3SA3;2;8026;8026;8026;12.78;102572.28;102572.28;102572.28;
;ACC04;MGLU3;1;1257;1257;1257;19.44;24436.08;24436.08;24436.08;
;ACC08;PETR4;1;5998;5998;5998;10.38;62259.24;62259.24;62259.24;
;ACC05;ABEV3;2;5200;5200;5200;13.22;68744.00;68744.00;68744.00;
;ACC09;ITUB4;2;3559;3559;3559;12.68;45128.12;45128.12;45128.12;
;ACC02;B3SA3;1;4452;4452;4452;15.74;70074.48;70074.48;70074.48;
;ACC10;ITUB4;2;2084;2084;2084;15.35;31989.40;31989.40;31989.40;
;ACC03;WEGE3;1;5077;5077;5077;10.43;52953.11;52953.11;52953.11;
;ACC10;WEGE3;2;3355;3355;3355;10.48;35160.40;35160.40;35160.40;
;ACC02;B3SA3;2;3622;3622;3622;17.41;63059.02;63059.02;63059.02;
;ACC06;BBDC4;2;8326;8326;8326;18.69;155612.94;155612.94;155612.94;
;ACC09;MGLU3;2;6281;6281;6281;17.19;107970.39;107970.39;107970.39;
;ACC02;VALE3;1;1208;1208;1208;18.57;22432.56;22432.56;22432.56;
;ACC04;ABEV3;1;7748;7748;7748;12.99;100646.52;100646.52;100646.52;
;ACC02;BBAS3;1;1741;1741;1741;16.70;29074.70;29074.70;29074.70;
;ACC06;BBDC4;1;7254;7254;7254;12.26;88934.04;88934.04;88934.04;
;ACC06;LREN3;1;3386;3386;3386;10.46;35417.56;35417.56;35417.56;
;ACC01;BBDC4;2;6795;6795;6795;15.79;107293.05;107293.05;107293.05;
;ACC04;BBAS3;1;7631;7631;7631;19.79;151017.49;151017.49;151017.49;
;ACC01;VALE3;1;6352;6352;6352;12.52;79527.04;79527.04;79527.04;
;ACC09;PETR4;2;1548;1548;1548;16.06;24860.88;24860.88;24860.88;
;ACC02;MGLU3;2;3321;3321;3321;18.71;62135.91;62135.91;62135.91;
;ACC01;MGLU3;2;9410;9410;9410;11.68;109908.80;109908.80;109908.80;
;ACC07;LREN3;2;5319;5319;5319;19.88;105741.72;105741.72;105741.72;
;ACC09;ABEV3;1;2207;2207;2207;18.41;40630.87;40630.87;40630.87;
;ACC04;VALE3;2;8556;8556;8556;18.64;159483.84;159483.84;159483.84;
;ACC02;B3SA3;1;4591;4591;4591;10.86;49858.26;49858.26;49858.26;
;ACC08;BBDC4;2;3184;3184;3184;13.45;42824.80;42824.80;42824.80;
;ACC01;PETR4;1;3098;3098;3098;14.49;44890.02;44890.02;44890.02;
;ACC07;WEGE3;2;1024;1024;1024;16.57;16967.68;16967.68;16967.68;
;ACC03;VALE3;1;2749;2749;2749;14.81;40712.69;40712.69;40712.69;
;ACC06;ABEV3;2;2285;2285;2285;16.10;36788.50;36788.50;36788.50;
;ACC04;MGLU3;1;1280;1280;1280;17.60;22528.00;22528.00;22528.00;
;ACC10;ABEV3;2;4309;4309;4309;10.83;46666.47;46666.47;46666.47;
;ACC09;LREN3;1;2399;2399;2399;12.08;28979.92;28979.92;28979.92;
;ACC07;MGLU3;1;6755;6755;6755;16.83;113686.65;113686.65;113686.65;
;ACC06;MGLU3;1;7602;7602;7602;10.95;83241.90;83241.90;83241.90;
;ACC07;MGLU3;2;2014;2014;2014;10.36;20865.04;20865.04;20865.04;
;ACC01;ABEV3;2;6356;6356;6356;17.17;109132.52;109132.52;109132.52;
;ACC09;BBDC4;2;9570;9570;9570;11.99;114744.30;114744.30;114744.30;
;ACC03;ITUB4;2;8083;8083;8083;15.94;128843.02;128843.02;128843.02;
;ACC01;PETR4;2;9126;9126;9126;14.07;128402.82;128402.82;128402.82;
;ACC08;BBDC4;1;4370;4370;4370;12.61;55105.70;55105.70;55105.70;
;ACC05;ABEV3;2;6375;6375;6375;16.12;102765.00;102765.00;102765.00;
;ACC09;MGLU3;1;9018;9018;9018;19.96;179999.28;179999.28;179999.28;
;ACC04;ABEV3;1;7500;7500;7500;13.21;99075.00;99075.00;99075.00;
;ACC05;PETR4;1;9182;9182;9182;18.22;167296.04;167296.04;167296.04;
;ACC02;B3SA3;1;5286;5286;5286;18.81;99429.66;99429.66;99429.66;
;ACC02;BBAS3;1;5863;5863;5863;18.39;107820.57;107820.57;107820.57;
;ACC05;B3SA3;2;4719;4719;4719;19.74;93153.06;93153.06;93153.06;
;ACC06;WEGE3;1;1484;1484;1484;14.52;21547.68;21547.68;21547.68;
;ACC04;PETR4;1;6076;6076;6076;19.09;115990.84;115990.84;115990.84;
;ACC10;VALE3;2;6117;6117;6117;15.78;96526.26;96526.26;96526.26;
;ACC01;B3SA3;1;8652;8652;8652;13.49;116715.48;116715.48;116715.48;
;ACC07;MGLU3;1;9071;9071;9071;17.68;160375.28;160375.28;160375.28;
;ACC01;WEGE3;2;4656;4656;4656;14.75;68676.00;68676.00;68676.00;
;ACC10;ITUB4;2;6080;6080;6080;18.88;114790.40;114790.40;114790.40;
;ACC08;BBDC4;1;8348;8348;8348;10.95;91410.60;91410.60;91410.60;
;ACC05;BBDC4;2;6365;6365;6365;14.13;89937.45;89937.45;89937.45;
;ACC05;B3SA3;1;2690;2690;2690;17.15;46133.50;46133.50;46133.50;
;ACC09;MGLU3;1;9466;9466;9466;16.24;153727.84;153727.84;153727.84;
;ACC03;LREN3;1;3266;3266;3266;14.14;46181.24;46181.24;46181.24;
;ACC01;MGLU3;1;7064;7064;7064;11.10;78410.40;78410.40;78410.40;
;ACC09;LREN3;2;8332;8332;8332;13.42;111815.44;111815.44;111815.44;
;ACC10;LREN3;1;4536;4536;4536;10.13;45949.68;45949.68;45949.68;
;ACC07;MGLU3;2;1497;1497;1497;17.89;26781.33;26781.33;26781.33;
;ACC02;MGLU3;2;6028;6028;6028;13.82;83306.96;83306.96;83306.96;
;ACC10;BBAS3;1;2382;2382;2382;18.35;43709.70;43709.70;43709.70;
;ACC04;BBDC4;2;3500;3500;3500;17.27;60445.00;60445.00;60445.00;
;ACC03;BBDC4;2;3178;3178;3178;10.71;34036.38;34036.38;34036.38;
;ACC09;ITUB4;1;7048;7048;7048;12.84;90496.32;90496.32;90496.32;
;ACC08;PETR4;2;2550;2550;2550;18.98;48399.00;48399.00;48399.00;
;ACC10;LREN3;2;4495;4495;4495;18.32;82348.40;82348.40;82348.40;
;ACC09;BBAS3;2;7588;7588;7588;18.68;141743.84;141743.84;141743.84;
;ACC06;VALE3;2;6004;6004;6004;16.45;98765.80;98765.80;98765.80;
;ACC04;VALE3;1;9628;9628;9628;10.66;102634.48;102634.48;102634.48;
;ACC02;PETR4;1;2141;2141;2141;16.04;34341.64;34341.64;34341.64;
;ACC10;ABEV3;2;3143;3143;3143;14.17;44536.31;44536.31;44536.31;
;ACC09;MGLU3;1;3199;3199;3199;11.30;36148.70;36148.70;36148.70;
;ACC09;WEGE3;1;1020;1020;1020;15.94;16258.80;16258.80;16258.80;
;ACC07;VALE3;1;6524;6524;6524;11.00;71764.00;71764.00;71764.00;
;ACC04;B3SA3;1;3561;3561;3561;13.43;47824.23;47824.23;47824.23;
;ACC10;B3SA3;2;3979;3979;3979;10.12;40267.48;40267.48;40267.48;
;ACC07;ITUB4;1;6149;6149;6149;15.88;97646.12;97646.12;97646.12;
;ACC05;MGLU3;2;8779;8779;8779;17.36;152403.44;152403.44;152403.44;
;ACC06;BBAS3;2;2320;2320;2320;17.31;40159.20;40159.20;40159.20;
;ACC05;VALE3;2;9182;9182;9182;13.22;121386.04;121386.04;121386.04;
;ACC10;B3SA3;2;4439;4439;4439;18.84;83630.76;83630.76;83630.76;
;ACC04;WEGE3;2;3387;3387;3387;11.70;39627.90;39627.90;39627.90;
;ACC04;ITUB4;1;1424;1424;1424;12.30;17515.20;17515.20;17515.20;
;ACC08;VALE3;2;3374;3374;3374;11.85;39981.90;39981.90;39981.90;
;ACC06;BBAS3;2;5625;5625;5625;18.26;102712.50;102712.50;102712.50;
;ACC04;ABEV3;1;5329;5329;5329;18.84;100398.36;100398.36;100398.36;
;ACC08;B3SA3;1;4328;4328;4328;14.22;61544.16;61544.16;61544.16;
;ACC02;BBDC4;1;4177;4177;4177;14.91;62279.07;62279.07;62279.07;
;ACC07;BBAS3;1;2040;2040;2040;11.11;22664.40;22664.40;22664.40;
;ACC04;MGLU3;1;1262;1262;1262;16.65;21012.30;21012.30;21012.30;
;ACC09;PETR4;2;7157;7157;7157;16.11;115299.27;115299.27;115299.27;
;ACC08;B3SA3;1;8828;8828;8828;17.03;150340.84;150340.84;150340.84;
;ACC08;VALE3;1;9879;9879;9879;18.20;179797.80;179797.80;179797.80;
;ACC06;VALE3;2;2301;2301;2301;18.05;41533.05;41533.05;41533.05;
;ACC04;ABEV3;1;2619;2619;2619;17.36;45465.84;45465.84;45465.84;
;ACC06;MGLU3;2;3599;3599;3599;11.44;41172.56;41172.56;41172.56;
;ACC06;PETR4;2;8816;8816;8816;16.65;146786.40;146786.40;146786.40;
;ACC09;ITUB4;1;9967;9967;9967;15.37;153192.79;153192.79;153192.79;
;ACC06;BBDC4;2;5647;5647;5647;12.21;68949.87;68949.87;68949.87;
;ACC05;BBDC4;1;9862;9862;9862;15.96;157397.52;157397.52;157397.52;
;ACC09;ITUB4;2;6166;6166;6166;15.20;93723.20;93723.20;93723.20;
;ACC07;WEGE3;2;3432;3432;3432;17.74;60883.68;60883.68;60883.68;
;ACC05;MGLU3;1;8254;8254;8254;13.52;111594.08;111594.08;111594.08;
;ACC08;ITUB4;2;3607;3607;3607;19.13;69001.91;69001.91;69001.91;
;ACC05;LREN3;1;7538;7538;7538;15.91;119929.58;119929.58;119929.58;
;ACC03;BBAS3;1;2183;2183;2183;14.31;31238.73;31238.73;31238.73;
;ACC03;WEGE3;2;2049;2049;2049;11.19;22928.31;22928.31;22928.31;
;ACC07;ITUB4;2;1488;1488;1488;17.95;26709.60;26709.60;26709.60;
;ACC03;B3SA3;2;5575;5575;5575;14.67;81785.25;81785.25;81785.25;
;ACC10;BBDC4;2;2023;2023;2023;10.50;21241.50;21241.50;21241.50;
;ACC07;WEGE3;1;7554;7554;7554;12.00;90648.00;90648.00;90648.00;
;ACC03;BBAS3;1;1048;1048;1048;12.66;13267.68;13267.68;13267.68;
;ACC09;MGLU3;2;9299;9299;9299;16.95;157618.05;157618.05;157618.05;
;ACC06;LREN3;2;5205;5205;5205;14.66;76305.30;76305.30;76305.30;
;ACC02;ABEV3;1;8229;8229;8229;12.13;99817.77;99817.77;99817.77;
;ACC05;ITUB4;1;6879;6879;6879;15.46;106349.34;106349.34;106349.34;
;ACC01;MGLU3;2;5497;5497;5497;11.11;61071.67;61071.67;61071.67;
;ACC05;ABEV3;2;4735;4735;4735;18.64;88260.40;88260.40;88260.40;
;ACC01;ITUB4;1;5081;5081;5081;19.22;97656.82;97656.82;97656.82;
;ACC03;B3SA3;1;3059;3059;3059;10.83;33128.97;33128.97;33128.97;
;ACC05;B3SA3;2;1268;1268;1268;17.22;21834.96;21834.96;21834.96;
;ACC10;MGLU3;2;4981;4981;4981;15.92;79297.52;79297.52;79297.52;
;ACC01;PETR4;1;4053;4053;4053;15.36;62254.08;62254.08;62254.08;
;ACC09;WEGE3;2;5720;5720;5720;15.53;88831.60;88831.60;88831.60;
;ACC04;ITUB4;2;1454;1454;1454;13.54;19687.16;19687.16;19687.16;
;ACC04;WEGE3;1;5606;5606;5606;15.17;85043.02;85043.02;85043.02;
;ACC03;LREN3;1;9543;9543;9543;17.55;167479.65;167479.65;167479.65;
;ACC08;BBDC4;2;6148;6148;6148;17.06;104884.88;104884.88;104884.88;
;ACC06;MGLU3;2;6671;6671;6671;13.58;90592.18;90592.18;90592.18;
;ACC02;BBAS3;2;5545;5545;5545;17.92;99366.40;99366.40;99366.40;
;ACC04;ABEV3;2;1318;1318;1318;11.66;15367.88;15367.88;15367.88;
;ACC10;VALE3;2;4086;4086;4086;15.10;61698.60;61698.60;61698.60;
;ACC07;LREN3;1;7105;7105;7105;17.30;122916.50;122916.50;122916.50;
;ACC02;ITUB4;2;5566;5566;5566;18.50;102971.00;102971.00;102971.00;
;ACC04;WEGE3;2;8264;8264;8264;16.15;133463.60;133463.60;133463.60;
;ACC04;B3SA3;2;4249;4249;4249;17.72;75292.28;75292.28;75292.28;
;ACC04;VALE3;2;3609;3609;3609;19.61;70772.49;70772.49;70772.49;
;ACC10;ITUB4;2;6417;6417;6417;14.62;93816.54;93816.54;93816.54;
;ACC08;BBDC4;2;4031;4031;4031;10.18;41035.58;41035.58;41035.58;
;ACC06;ITUB4;1;5513;5513;5513;18.92;104305.96;104305.96;104305.96;
;ACC08;BBDC4;1;7601;7601;7601;14.71;111810.71;111810.71;111810.71;
;ACC02;PETR4;1;2651;2651;2651;12.78;33879.78;33879.78;33879.78;
;ACC03;PETR4;1;1215;1215;1215;11.07;13450.05;13450.05;13450.05;
;ACC02;ITUB4;2;2922;2922;2922;18.43;53852.46;53852.46;53852.46;
;ACC02;MGLU3;1;2936;2936;2936;15.52;45566.72;45566.72;45566.72;
;ACC08;ABEV3;2;3509;3509;3509;14.71;51617.39;51617.39;51617.39;
;ACC03;BBAS3;2;1938;1938;1938;16.46;31899.48;31899.48;31899.48;
;ACC01;BBAS3;1;9176;9176;9176;15.67;143787.92;143787.92;143787.92;
;ACC04;B3SA3;1;3379;3379;3379;14.93;50448.47;50448.47;50448.47;
;ACC09;ABEV3;1;6929;6929;6929;18.01;124791.29;124791.29;124791.29;
;ACC05;VALE3;1;7019;7019;7019;19.40;136168.60;136168.60;136168.60;
;ACC04;B3SA3;1;2640;2640;2640;15.83;41791.20;41791.20;41791.20;
;ACC04;WEGE3;1;4973;4973;4973;18.28;90906.44;90906.44;90906.44;
;ACC06;BBAS3;2;8878;8878;8878;14.28;126777.84;126777.84;126777.84;
;ACC09;BBAS3;1;4065;4065;4065;19.82;80568.30;80568.30;80568.30;
;ACC10;VALE3;2;1329;1329;1329;14.10;18738.90;18738.90;18738.90;
;ACC05;WEGE3;2;9810;9810;9810;11.85;116248.50;116248.50;116248.50;
;ACC04;ITUB4;1;8495;8495;8495;14.54;123517.30;123517.30;123517.30;
;ACC06;WEGE3;2;3322;3322;3322;12.72;42255.84;42255.84;42255.84;
;ACC07;BBDC4;2;3583;3583;3583;19.86;71158.38;71158.38;71158.38;
;ACC03;BBDC4;1;8538;8538;8538;17.00;145146.00;145146.00;145146.00;
;ACC08;ABEV3;1;1137;1137;1137;10.18;11574.66;11574.66;11574.66;
;ACC03;BBDC4;2;6808;6808;6808;14.07;95788.56;95788.56;95788.56;
;ACC09;B3SA3;1;3292;3292;3292;12.92;42532.64;42532.64;42532.64;
;ACC03;BBAS3;2;4289;4289;4289;17.09;73299.01;73299.01;73299.01;
;ACC10;B3SA3;2;1807;1807;1807;15.59;28171.13;28171.13;28171.13;
;ACC05;BBDC4;1;4289;4289;4289;17.16;73599.24;73599.24;73599.24;
;ACC08;ABEV3;2;7708;7708;7708;10.67;82244.36;82244.36;82244.36;
;ACC10;MGLU3;1;3955;3955;3955;10.20;40341.00;40341.00;40341.00;
;ACC10;LREN3;1;8380;8380;8380;19.71;165169.80;165169.80;165169.80;
;ACC02;PETR4;2;6952;6952;6952;17.75;123398.00;123398.00;123398.00;
;ACC01;BBAS3;2;6533;6533;6533;16.66;108839.78;108839.78;108839.78;
;ACC02;LREN3;1;9157;9157;9157;13.33;122062.81;122062.81;122062.81;
;ACC05;BBAS3;1;2797;2797;2797;18.65;52164.05;52164.05;52164.05;
;ACC04;ITUB4;2;3128;3128;3128;11.86;37098.08;37098.08;37098.08;
;ACC07;VALE3;2;8248;8248;8248;14.16;116791.68;116791.68;116791.68;
;ACC03;LREN3;2;9624;9624;9624;18.50;178044.00;178044.00;178044.00;
;ACC08;BBAS3;2;2136;2136;2136;12.63;26977.68;26977.68;26977.68;
;ACC07;B3SA3;1;5168;5168;5168;19.50;100776.00;100776.00;100776.00;
;ACC01;MGLU3;1;8399;8399;8399;13.45;112966.55;112966.55;112966.55;
;ACC10;BBDC4;1;1695;1695;1695;10.64;18034.80;18034.80;18034.80;
;ACC06;ABEV3;2;1788;1788;1788;12.75;22797.00;22797.00;22797.00;
;ACC08;ITUB4;2;7130;7130;7130;14.39;102600.70;102600.70;102600.70;
;ACC10;PETR4;1;2476;2476;2476;10.71;26517.96;26517.96;26517.96;
;ACC08;MGLU3;2;1472;1472;1472;17.15;25244.80;25244.80;25244.80;
;ACC10;BBDC4;2;1795;1795;1795;13.01;23352.95;23352.95;23352.95;
;ACC10;PETR4;1;6655;6655;6655;14.50;96497.50;96497.50;96497.50;
;ACC09;WEGE3;2;8612;8612;8612;19.99;172153.88;172153.88;172153.88;
;ACC06;BBDC4;2;5696;5696;5696;13.33;75927.68;75927.68;75927.68;
;ACC05;LREN3;1;5751;5751;5751;14.81;85172.31;85172.31;85172.31;
;ACC02;MGLU3;2;1354;1354;1354;12.77;17290.58;17290.58;17290.58;
;ACC02;PETR4;1;2350;2350;2350;15.65;36777.50;36777.50;36777.50;
;ACC07;BBDC4;1;6758;6758;6758;18.33;123874.14;123874.14;123874.14;
;ACC07;B3SA3;1;6947;6947;6947;10.69;74263.43;74263.43;74263.43;
;ACC04;BBAS3;1;5682;5682;5682;14.36;81593.52;81593.52;81593.52;
;ACC01;MGLU3;1;2467;2467;2467;11.23;27704.41;27704.41;27704.41;
;ACC04;PETR4;1;5857;5857;5857;15.19;88967.83;88967.83;88967.83;
;ACC07;ABEV3;1;6455;6455;6455;12.16;78492.80;78492.80;78492.80;
;ACC07;LREN3;1;1334;1334;1334;13.47;17968.98;17968.98;17968.98;
;ACC05;MGLU3;1;5951;5951;5951;11.47;68257.97;68257.97;68257.97;
;ACC05;VALE3;2;9319;9319;9319;15.12;140903.28;140903.28;140903.28;
;ACC04;LREN3;2;1108;1108;1108;14.39;15944.12;15944.12;15944.12;
;ACC07;ITUB4;2;8179;8179;8179;12.89;105427.31;105427.31;105427.31;
;ACC09;VALE3;2;1174;1174;1174;10.09;11845.66;11845.66;11845.66;
;ACC01;BBAS3;2;4935;4935;4935;11.44;56456.40;56456.40;56456.40;
;ACC09;BBAS3;2;6025;6025;6025;12.43;74890.75;74890.75;74890.75;
;ACC05;PETR4;2;2267;2267;2267;11.85;26863.95;26863.95;26863.95;
;ACC07;MGLU3;2;2445;2445;2445;10.07;24621.15;24621.15;24621.15;
;ACC05;MGLU3;1;3744;3744;3744;19.97;74767.68;74767.68;74767.68;
;ACC08;LREN3;1;3719;3719;3719;12.53;46599.07;46599.07;46599.07;
;ACC03;BBAS3;2;9793;9793;9793;13.12;128484.16;128484.16;128484.16;
;ACC06;PETR4;1;6959;6959;6959;15.73;109465.07;109465.07;109465.07;
;ACC03;LREN3;1;5749;5749;5749;15.31;88017.19;88017.19;88017.19;
;ACC07;VALE3;1;7058;7058;7058;15.31;108057.98;108057.98;108057.98;
;ACC04;WEGE3;2;6591;6591;6591;11.05;72830.55;72830.55;72830.55;
;ACC09;VALE3;2;6119;6119;6119;10.32;63148.08;63148.08;63148.08;
;ACC06;VALE3;1;9156;9156;9156;15.11;138347.16;138347.16;138347.16;
;ACC02;VALE3;2;8164;8164;8164;18.21;148666.44;148666.44;148666.44;
;ACC08;LREN3;1;8048;8048;8048;10.85;87320.80;87320.80;87320.80;
;ACC04;BBAS3;2;2646;2646;2646;16.50;43659.00;43659.00;43659.00;
;ACC05;B3SA3;2;3230;3230;3230;19.02;61434.60;61434.60;61434.60;
;ACC02;BBDC4;2;8102;8102;8102;17.22;139516.44;139516.44;139516.44;
;ACC10;LREN3;2;5120;5120;5120;17.14;87756.80;87756.80;87756.80;
;ACC06;BBDC4;1;9393;9393;9393;12.40;116473.20;116473.20;116473.20;
;ACC02;B3SA3;2;1273;1273;1273;13.88;17669.24;17669.24;17669.24;
;ACC02;LREN3;2;1365;1365;1365;14.05;19178.25;19178.25;19178.25;
;ACC09;VALE3;2;4312;4312;4312;14.60;62955.20;62955.20;62955.20;
;ACC02;B3SA3;2;4177;4177;4177;11.01;45988.77;45988.77;45988.77;
;ACC08;BBDC4;2;4242;4242;4242;14.42;61169.64;61169.64;61169.64;
;ACC01;BBAS3;2;6407;6407;6407;18.86;120836.02;120836.02;120836.02;
;ACC09;LREN3;1;8407;8407;8407;10.83;91047.81;91047.81;91047.81;
;ACC03;ABEV3;2;8671;8671;8671;16.64;144285.44;144285.44;144285.44;
;ACC05;ITUB4;1;6463;6463;6463;17.60;113748.80;113748.80;113748.80;
;ACC01;LREN3;2;7882;7882;7882;15.34;120909.88;120909.88;120909.88;
;ACC08;VALE3;1;2844;2844;2844;15.63;44451.72;44451.72;44451.72;
;ACC10;BBAS3;1;9378;9378;9378;13.25;124258.50;124258.50;124258.50;
;ACC09;VALE3;1;9992;9992;9992;10.22;102118.24;102118.24;102118.24;
;ACC09;B3SA3;2;1151;1151;1151;16.28;18738.28;18738.28;18738.28;
;ACC04;LREN3;2;3759;3759;3759;19.56;73526.04;73526.04;73526.04;
;ACC02;VALE3;1;9688;9688;9688;16.99;164599.12;164599.12;164599.12;
;ACC04;ITUB4;2;8757;8757;8757;17.82;156049.74;156049.74;156049.74;
;ACC05;B3SA3;2;7023;7023;7023;13.34;93686.82;93686.82;93686.82;
;ACC01;B3SA3;1;7839;7839;7839;19.93;156231.27;156231.27;156231.27;
;ACC10;B3SA3;2;9150;9150;9150;10.31;94336.50;94336.50;94336.50;
;ACC02;LREN3;2;3507;3507;3507;19.09;66948.63;66948.63;66948.63;
;ACC08;BBDC4;1;8858;8858;8858;14.00;124012.00;124012.00;124012.00;
;ACC01;BBDC4;2;6774;6774;6774;13.42;90907.08;90907.08;90907.08;
;ACC05;LREN3;1;9660;9660;9660;19.19;185375.40;185375.40;185375.40;
;ACC02;LREN3;2;9809;9809;9809;11.57;113490.13;113490.13;113490.13;
;ACC07;BBAS3;2;2112;2112;2112;14.71;31067.52;31067.52;31067.52;
;ACC05;BBDC4;1;6191;6191;6191;11.15;69029.65;69029.65;69029.65;
;ACC04;BBDC4;1;4513;4513;4513;15.59;70357.67;70357.67;70357.67;
;ACC02;WEGE3;1;5952;5952;5952;14.13;84101.76;84101.76;84101.76;
;ACC01;ABEV3;1;6270;6270;6270;10.67;66900.90;66900.90;66900.90;
;ACC03;BBDC4;2;4033;4033;4033;15.26;61543.58;61543.58;61543.58;
;ACC02;ITUB4;2;8814;8814;8814;16.78;147898.92;147898.92;147898.92;
;ACC03;BBAS3;1;2936;2936;2936;10.25;30094.00;30094.00;30094.00;
;ACC01;PETR4;2;6862;6862;6862;15.29;104919.98;104919.98;104919.98;
;ACC08;MGLU3;2;5748;5748;5748;13.18;75758.64;75758.64;75758.64;
;ACC08;WEGE3;2;4259;4259;4259;14.85;63246.15;63246.15;63246.15;
;ACC05;MGLU3;2;4333;4333;4333;16.13;69891.29;69891.29;69891.29;
;ACC06;PETR4;1;8931;8931;8931;12.92;115388.52;115388.52;115388.52;
;ACC09;B3SA3;1;1042;1042;1042;19.72;20548.24;20548.24;20548.24;
;ACC01;B3SA3;1;1988;1988;1988;16.94;33676.72;33676.72;33676.72;
;ACC06;BBAS3;1;6224;6224;6224;15.44;96098.56;96098.56;96098.56;
;ACC09;ITUB4;2;6351;6351;6351;17.62;111904.62;111904.62;111904.62;
;ACC10;WEGE3;2;3849;3849;3849;12.41;47766.09;47766.09;47766.09;
;ACC09;VALE3;1;1950;1950;1950;18.52;36114.00;36114.00;36114.00;
;ACC09;BBAS3;1;8402;8402;8402;19.25;161738.50;161738.50;161738.50;
;ACC07;BBAS3;2;5612;5612;5612;12.23;68634.76;68634.76;68634.76;
;ACC05;MGLU3;2;8572;8572;8572;17.41;149238.52;149238.52;149238.52;
;ACC04;ITUB4;1;4491;4491;4491;13.52;60718.32;60718.32;60718.32;
;ACC04;VALE3;1;1779;1779;1779;17.07;30367.53;30367.53;30367.53;
;ACC10;ABEV3;1;7771;7771;7771;10.30;80041.30;80041.30;80041.30;
;ACC05;ITUB4;2;9024;9024;9024;13.78;124350.72;124350.72;124350.72;
;ACC10;ABEV3;2;3166;3166;3166;19.97;63225.02;63225.02;63225.02;
;ACC02;ABEV3;2;3898;3898;3898;13.55;52817.90;52817.90;52817.90;
;ACC09;BBDC4;1;8996;8996;8996;11.46;103094.16;103094.16;103094.16;
;ACC08;MGLU3;2;6603;6603;6603;19.10;126117.30;126117.30;126117.30;
;ACC03;ABEV3;2;3196;3196;3196;14.93;47716.28;47716.28;47716.28;
;ACC10;LREN3;1;6510;6510;6510;11.81;76883.10;76883.10;76883.10;
;ACC01;WEGE3;2;1003;1003;1003;15.52;15566.56;15566.56;15566.56;
;ACC05;ITUB4;1;1232;1232;1232;10.76;13256.32;13256.32;13256.32;
;ACC04;PETR4;2;4192;4192;4192;17.60;73779.20;73779.20;73779.20;
;ACC08;LREN3;1;4177;4177;4177;18.69;78068.13;78068.13;78068.13;
;ACC07;ABEV3;1;9910;9910;9910;13.40;132794.00;132794.00;132794.00;
;ACC04;BBAS3;2;6932;6932;6932;15.06;104395.92;104395.92;104395.92;
;ACC04;MGLU3;2;5292;5292;5292;10.61;56148.12;56148.12;56148.12;
;ACC10;MGLU3;1;1367;1367;1367;15.04;20559.68;20559.68;20559.68;
;ACC03;BBDC4;2;8945;8945;8945;11.49;102778.05;102778.05;102778.05;
;ACC03;ABEV3;1;9765;9765;9765;18.40;179676.00;179676.00;179676.00;
;ACC08;ABEV3;2;8010;8010;8010;11.92;95479.20;95479.20;95479.20;
;ACC01;WEGE3;2;7024;7024;7024;11.52;80916.48;80916.48;80916.48;
;ACC03;VALE3;1;2427;2427;2427;10.36;25143.72;25143.72;25143.72;
;ACC01;ABEV3;2;9562;9562;9562;15.76;150697.12;150697.12;150697.12;
;ACC05;BBDC4;1;1953;1953;1953;16.48;32185.44;32185.44;32185.44;
;ACC02;PETR4;1;2909;2909;2909;17.31;50354.79;50354.79;50354.79;
;ACC07;MGLU3;1;3382;3382;3382;19.55;66118.10;66118.10;66118.10;
;ACC07;ITUB4;1;4303;4303;4303;17.54;75474.62;75474.62;75474.62;
;ACC08;WEGE3;1;2559;2559;2559;11.97;30631.23;30631.23;30631.23;
;ACC04;PETR4;1;6397;6397;6397;15.67;100240.99;100240.99;100240.99;
;ACC01;VALE3;2;7803;7803;7803;18.45;143965.35;143965.35;143965.35;
;ACC07;VALE3;2;4136;4136;4136;10.36;42848.96;42848.96;42848.96;
;ACC03;BBDC4;1;4624;4624;4624;10.09;46656.16;46656.16;46656.16;
;ACC03;BBDC4;2;4628;4628;4628;12.92;59793.76;59793.76;59793.76;
;ACC09;MGLU3;2;2459;2459;2459;18.10;44507.90;44507.90;44507.90;
;ACC10;ABEV3;1;1390;1390;1390;18.78;26104.20;26104.20;26104.20;
;ACC02;VALE3;2;9143;9143;9143;13.47;123156.21;123156.21;123156.21;
;ACC04;B3SA3;2;6789;6789;6789;18.48;125460.72;125460.72;125460.72;
;ACC06;ABEV3;1;7966;7966;7966;13.81;110010.46;110010.46;110010.46;
;ACC03;BBAS3;1;1903;1903;1903;11.60;22074.80;22074.80;22074.80;
;ACC07;ABEV3;2;5686;5686;5686;19.63;111616.18;111616.18;111616.18;
;ACC06;MGLU3;1;2021;2021;2021;15.75;31830.75;31830.75;31830.75;
;ACC04;LREN3;1;7166;7166;7166;19.00;136154.00;136154.00;136154.00;
;ACC02;MGLU3;2;4029;4029;4029;15.70;63255.30;63255.30;63255.30;
;ACC01;BBAS3;2;8902;8902;8902;14.01;124717.02;124717.02;124717.02;
;ACC06;MGLU3;2;6100;6100;6100;18.60;113460.00;113460.00;113460.00;
;ACC02;ABEV3;1;1273;1273;1273;16.50;21004.50;21004.50;21004.50;
;ACC09;BBAS3;2;7894;7894;7894;17.68;139565.92;139565.92;139565.92;
;ACC01;PETR4;1;2500;2500;2500;16.95;42375.00;42375.00;42375.00;
;ACC07;PETR4;2;2189;2189;2189;18.92;41415.88;41415.88;41415.88;
;ACC09;BBDC4;2;5105;5105;5105;16.94;86478.70;86478.70;86478.70;
;ACC09;ABEV3;2;7410;7410;7410;12.21;90476.10;90476.10;90476.10;
;ACC02;LREN3;1;6914;6914;6914;12.06;83382.84;83382.84;83382.84;
;ACC05;ITUB4;1;1085;1085;1085;15.22;16513.70;16513.70;16513.70;
;ACC07;BBAS3;2;8177;8177;8177;18.24;149148.48;149148.48;149148.48;
;ACC01;WEGE3;2;1803;1803;1803;19.78;35663.34;35663.34;35663.34;
;ACC07;BBDC4;2;6254;6254;6254;13.71;85742.34;85742.34;85742.34;
;ACC01;LREN3;1;2760;2760;2760;19.44;53654.40;53654.40;53654.40;
;ACC02;BBDC4;2;5071;5071;5071;17.04;86409.84;86409.84;86409.84;
;ACC03;B3SA3;1;7437;7437;7437;19.88;147847.56;147847.56;147847.56;
;ACC01;ITUB4;1;3122;3122;3122;16.86;52636.92;52636.92;52636.92;
;ACC10;PETR4;1;8127;8127;8127;13.49;109633.23;109633.23;109633.23;
;ACC02;LREN3;2;4241;4241;4241;13.99;59331.59;59331.59;59331.59;
;ACC06;PETR4;2;7854;7854;7854;14.77;116003.58;116003.58;116003.58;
;ACC07;LREN3;2;3040;3040;3040;12.23;37179.20;37179.20;37179.20;
;ACC01;ABEV3;2;7878;7878;7878;12.57;99026.46;99026.46;99026.46;
;ACC08;MGLU3;2;5149;5149;5149;14.25;73373.25;73373.25;73373.25;
;ACC02;BBDC4;2;9592;9592;9592;14.84;142345.28;142345.28;142345.28;
;ACC10;VALE3;1;5512;5512;5512;17.55;96735.60;96735.60;96735.60;
;ACC09;B3SA3;2;1122;1122;1122;12.96;14541.12;14541.12;14541.12;
;ACC05;B3SA3;2;4488;4488;4488;13.68;61395.84;61395.84;61395.84;
;ACC09;BBAS3;2;8371;8371;8371;17.80;149003.80;149003.80;149003.80;
;ACC09;ABEV3;1;4256;4256;4256;11.16;47496.96;47496.96;47496.96;
;ACC07;ITUB4;1;4368;4368;4368;16.39;71591.52;71591.52;71591.52;
;ACC06;ITUB4;2;2770;2770;2770;17.20;47644.00;47644.00;47644.00;
;ACC10;BBDC4;2;1344;1344;1344;19.52;26234.88;26234.88;26234.88;
;ACC06;BBDC4;1;9296;9296;9296;17.11;159054.56;159054.56;159054.56;
;ACC07;BBDC4;1;3801;3801;3801;15.03;57129.03;57129.03;57129.03;
;ACC05;BBDC4;1;8301;8301;8301;17.49;145184.49;145184.49;145184.49;
;ACC02;B3SA3;1;1207;1207;1207;13.37;16137.59;16137.59;16137.59;
;ACC01;ABEV3;2;4479;4479;4479;12.04;53927.16;53927.16;53927.16;
;ACC04;WEGE3;2;1546;1546;1546;14.09;21783.14;21783.14;21783.14;
;ACC08;WEGE3;2;5128;5128;5128;11.89;60971.92;60971.92;60971.92;
;ACC04;ITUB4;2;2393;2393;2393;15.32;36660.76;36660.76;36660.76;
;ACC10;BBDC4;2;9527;9527;9527;19.11;182060.97;182060.97;182060.97;
;ACC03;BBAS3;2;6065;6065;6065;15.81;95887.65;95887.65;95887.65;
;ACC04;BBAS3;1;7492;7492;7492;19.17;143621.64;143621.64;143621.64;
;ACC08;MGLU3;2;4633;4633;4633;14.21;65834.93;65834.93;65834.93;
;ACC06;LREN3;2;7905;7905;7905;14.42;113990.10;113990.10;113990.10;
;ACC05;B3SA3;1;7249;7249;7249;18.19;131859.31;131859.31;131859.31;
;ACC10;WEGE3;2;5834;5834;5834;11.51;67149.34;67149.34;67149.34;
;ACC04;BBDC4;1;1141;1141;1141;15.47;17651.27;17651.27;17651.27;
;ACC09;PETR4;1;5797;5797;5797;18.86;109331.42;109331.42;109331.42;
;ACC03;B3SA3;2;3255;3255;3255;16.34;53186.70;53186.70;53186.70;
;ACC07;VALE3;2;5406;5406;5406;15.51;83847.06;83847.06;83847.06;
;ACC03;B3SA3;1;5369;5369;5369;15.34;82360.46;82360.46;82360.46;
;ACC05;VALE3;1;7897;7897;7897;15.30;120824.10;120824.10;120824.10;
;ACC03;PETR4;1;8710;8710;8710;17.23;150073.30;150073.30;150073.30;
;ACC01;PETR4;2;6828;6828;6828;18.76;128093.28;128093.28;128093.28;
;ACC07;BBDC4;2;4540;4540;4540;13.08;59383.20;59383.20;59383.20;
;ACC04;WEGE3;1;7131;7131;7131;15.00;106965.00;106965.00;106965.00;
;ACC02;PETR4;2;2652;2652;2652;11.95;31691.40;31691.40;31691.40;
;ACC10;PETR4;1;5582;5582;5582;17.97;100308.54;100308.54;100308.54;
;ACC10;BBDC4;1;3547;3547;3547;16.11;57142.17;57142.17;57142.17;
;ACC01;ABEV3;1;5334;5334;5334;12.07;64381.38;64381.38;64381.38;
;ACC03;WEGE3;2;9664;9664;9664;11.89;114904.96;114904.96;114904.96;
;ACC04;BBAS3;2;8007;8007;8007;14.42;115460.94;115460.94;115460.94;
;ACC09;ITUB4;1;5931;5931;5931;16.55;98158.05;98158.05;98158.05;
;ACC07;VALE3;2;9031;9031;9031;13.24;119570.44;119570.44;119570.44;
;ACC03;BBDC4;1;3123;3123;3123;17.34;54152.82;54152.82;54152.82;
;ACC02;ITUB4;2;3582;3582;3582;13.37;47891.34;47891.34;47891.34;
;ACC08;ABEV3;2;1612;1612;1612;15.08;24308.96;24308.96;24308.96;
;ACC06;WEGE3;1;2026;2026;2026;18.14;36751.64;36751.64;36751.64;
;ACC10;ITUB4;2;5139;5139;5139;12.82;65881.98;65881.98;65881.98;
;ACC06;ITUB4;1;9282;9282;9282;13.65;126699.30;126699.30;126699.30;
;ACC08;LREN3;1;5039;5039;5039;10.75;54169.25;54169.25;54169.25;
;ACC01;ITUB4;1;9514;9514;9514;12.08;114929.12;114929.12;114929.12;
;ACC04;ITUB4;2;8509;8509;8509;10.88;92577.92;92577.92;92577.92;
;ACC03;ITUB4;1;6017;6017;6017;17.06;102650.02;102650.02;102650.02;
;ACC01;ABEV3;2;6210;6210;6210;17.35;107743.50;107743.50;107743.50;
;ACC08;WEGE3;1;2004;2004;2004;16.63;33326.52;33326.52;33326.52;
;ACC09;ABEV3;1;6238;6238;6238;13.18;82216.84;82216.84;82216.84;
;ACC02;VALE3;2;9990;9990;9990;14.73;147152.70;147152.70;147152.70;
;ACC04;PETR4;2;1049;1049;1049;13.13;13773.37;13773.37;13773.37;
;ACC09;LREN3;1;4314;4314;4314;13.83;59662.62;59662.62;59662.62;
;ACC07;BBAS3;1;4071;4071;4071;18.22;74173.62;74173.62;74173.62;
;ACC02;PETR4;1;1122;1122;1122;15.35;17222.70;17222.70;17222.70;
;ACC04;ITUB4;2;9534;9534;9534;10.94;104301.96;104301.96;104301.96;
;ACC05;WEGE3;2;4476;4476;4476;16.37;73272.12;73272.12;73272.12;
;ACC06;BBAS3;2;6049;6049;6049;18.70;113116.30;113116.30;113116.30;
;ACC03;ABEV3;2;1418;1418;1418;14.22;20163.96;20163.96;20163.96;
;ACC08;BBAS3;2;2756;2756;2756;10.25;28249.00;28249.00;28249.00;
;ACC09;BBAS3;1;6290;6290;6290;16.31;102589.90;102589.90;102589.90;
;ACC05;VALE3;2;9574;9574;9574;10.76;103016.24;103016.24;103016.24;
;ACC01;PETR4;2;1143;1143;1143;19.76;22585.68;22585.68;22585.68;
;ACC06;BBAS3;2;5537;5537;5537;17.23;95402.51;95402.51;95402.51;
;ACC09;VALE3;1;7443;7443;7443;19.05;141789.15;141789.15;141789.15;
;ACC02;MGLU3;1;1797;1797;1797;18.81;33801.57;33801.57;33801.57;
;ACC05;BBAS3;2;8691;8691;8691;14.20;123412.20;123412.20;123412.20;
;ACC08;BBDC4;2;2868;2868;2868;17.82;51107.76;51107.76;51107.76;
;ACC06;PETR4;1;7595;7595;7595;17.23;130861.85;130861.85;130861.85;
;ACC08;BBDC4;2;8718;8718;8718;13.60;118564.80;118564.80;118564.80;
;ACC02;BBDC4;1;9192;9192;9192;19.24;176854.08;176854.08;176854.08;
;ACC09;BBAS3;1;2729;2729;2729;13.21;36050.09;36050.09;36050.09;
;ACC03;BBAS3;1;3520;3520;3520;17.51;61635.20;61635.20;61635.20;
;ACC04;WEGE3;1;9862;9862;9862;15.43;152170.66;152170.66;152170.66;
;ACC04;VALE3;2;6911;6911;6911;16.01;110645.11;110645.11;110645.11;
;ACC02;PETR4;2;9888;9888;9888;18.21;180060.48;180060.48;180060.48;
;ACC05;ITUB4;1;2855;2855;2855;16.72;47735.60;47735.60;47735.60;
;ACC07;LREN3;2;9028;9028;9028;13.20;119169.60;119169.60;119169.60;
;ACC02;WEGE3;1;6945;6945;6945;12.56;87229.20;87229.20;87229.20;
;ACC03;WEGE3;2;4549;4549;4549;11.27;51267.23;51267.23;51267.23;
;ACC08;MGLU3;1;5889;5889;5889;11.75;69195.75;69195.75;69195.75;
;ACC03;MGLU3;1;8282;8282;8282;15.97;132263.54;132263.54;132263.54;
;ACC03;VALE3;2;4645;4645;4645;17.26;80172.70;80172.70;80172.70;
;ACC01;VALE3;1;2170;2170;2170;19.53;42380.10;42380.10;42380.10;
;ACC03;ABEV3;2;1997;1997;1997;12.84;25641.48;25641.48;25641.48;
;ACC03;WEGE3;1;6464;6464;6464;11.92;77050.88;77050.88;77050.88;
;ACC02;VALE3;2;2670;2670;2670;17.73;47339.10;47339.10;47339.10;
;ACC08;ABEV3;1;5600;5600;5600;16.56;92736.00;92736.00;92736.00;
;ACC05;B3SA3;2;4529;4529;4529;17.12;77536.48;77536.48;77536.48;
;ACC03;ABEV3;2;5898;5898;5898;17.39;102566.22;102566.22;102566.22;
;ACC02;WEGE3;1;3224;3224;3224;17.75;57226.00;57226.00;57226.00;
;ACC09;BBAS3;1;2484;2484;2484;15.98;39694.32;39694.32;39694.32;
;ACC09;VALE3;1;5777;5777;5777;12.49;72154.73;72154.73;72154.73;
;ACC01;ABEV3;2;9434;9434;9434;17.17;161981.78;161981.78;161981.78;
;ACC02;MGLU3;2;8879;8879;8879;16.88;149877.52;149877.52;149877.52;
;ACC09;WEGE3;1;1173;1173;1173;11.04;12949.92;12949.92;12949.92;
;ACC08;LREN3;1;7843;7843;7843;11.60;90978.80;90978.80;90978.80;
;ACC07;ABEV3;2;6400;6400;6400;12.08;77312.00;77312.00;77312.00;
;ACC09;PETR4;1;5772;5772;5772;12.92;74574.24;74574.24;74574.24;
;ACC09;VALE3;2;5795;5795;5795;12.38;71742.10;71742.10;71742.10;
;ACC06;B3SA3;2;9821;9821;9821;16.59;162930.39;162930.39;162930.39;
;ACC04;MGLU3;2;6782;6782;6782;17.66;119770.12;119770.12;119770.12;
;ACC04;MGLU3;1;9909;9909;9909;18.09;179253.81;179253.81;179253.81;
;ACC04;VALE3;1;3075;3075;3075;11.34;34870.50;34870.50;34870.50;
;ACC10;ABEV3;2;9180;9180;9180;14.21;130447.80;130447.80;130447.80;
;ACC05;B3SA3;1;9217;9217;9217;13.61;125443.37;125443.37;125443.37;
;ACC06;ITUB4;1;7735;7735;7735;16.34;126389.90;126389.90;126389.90;
;ACC07;VALE3;1;3063;3063;3063;19.56;59912.28;59912.28;59912.28;
;ACC10;LREN3;2;9835;9835;9835;13.03;128150.05;128150.05;128150.05;
;ACC08;PETR4;2;1675;1675;1675;19.08;31959.00;31959.00;31959.00;
;ACC10;VALE3;1;5051;5051;5051;19.37;97837.87;97837.87;97837.87;
;ACC07;ABEV3;1;8514;8514;8514;13.08;111363.12;111363.12;111363.12;
;ACC05;BBAS3;2;4694;4694;4694;13.31;62477.14;62477.14;62477.14;
;ACC10;WEGE3;2;2459;2459;2459;18.15;44630.85;44630.85;44630.85;
;ACC03;ABEV3;2;3475;3475;3475;19.61;68144.75;68144.75;68144.75;
;ACC09;MGLU3;2;4703;4703;4703;17.40;81832.20;81832.20;81832.20;
;ACC09;ITUB4;2;2025;2025;2025;10.99;22254.75;22254.75;22254.75;
;ACC02;WEGE3;1;3990;3990;3990;19.69;78563.10;78563.10;78563.10;
;ACC06;MGLU3;1;6927;6927;6927;12.00;83124.00;83124.00;83124.00;
;ACC08;MGLU3;2;5698;5698;5698;12.25;69800.50;69800.50;69800.50;
;ACC06;ABEV3;1;5248;5248;5248;19.81;103962.88;103962.88;103962.88;
;ACC02;ABEV3;2;9935;9935;9935;19.86;197309.10;197309.10;197309.10;
;ACC04;ABEV3;2;6815;6815;6815;18.04;122942.60;122942.60;122942.60;
;ACC08;BBDC4;1;3976;3976;3976;10.52;41827.52;41827.52;41827.52;
;ACC10;BBAS3;1;6244;6244;6244;16.56;103400.64;103400.64;103400.64;
;ACC02;MGLU3;2;6162;6162;6162;15.55;95819.10;95819.10;95819.10;
;ACC07;ITUB4;1;3919;3919;3919;10.99;43069.81;43069.81;43069.81;
;ACC05;LREN3;2;4105;4105;4105;14.47;59399.35;59399.35;59399.35;
;ACC01;WEGE3;1;4240;4240;4240;18.98;80475.20;80475.20;80475.20;
;ACC03;B3SA3;2;3751;3751;3751;15.84;59415.84;59415.84;59415.84;
;ACC03;PETR4;2;8434;8434;8434;13.65;115124.10;115124.10;115124.10;
;ACC02;B3SA3;1;4766;4766;4766;16.19;77161.54;77161.54;77161.54;
;ACC03;VALE3;2;1950;1950;1950;11.57;22561.50;22561.50;22561.50;
;ACC03;LREN3;1;2042;2042;2042;13.10;26750.20;26750.20;26750.20;
;ACC02;BBAS3;1;9429;9429;9429;19.34;182356.86;182356.86;182356.86;
;ACC04;ITUB4;2;7060;7060;7060;15.03;106111.80;106111.80;106111.80;
;ACC10;PETR4;1;4586;4586;4586;12.76;58517.36;58517.36;58517.36;
;ACC08;BBDC4;1;4584;4584;4584;18.02;82603.68;82603.68;82603.68;
;ACC03;ITUB4;1;6217;6217;6217;14.54;90395.18;90395.18;90395.18;
;ACC02;PETR4;2;6783;6783;6783;16.28;110427.24;110427.24;110427.24;
;ACC06;MGLU3;2;7673;7673;7673;15.99;122691.27;122691.27;122691.27;
;ACC04;LREN3;1;6524;6524;6524;14.68;95772.32;95772.32;95772.32;
;ACC06;B3SA3;1;6755;6755;6755;10.23;69103.65;69103.65;69103.65;
;ACC08;ABEV3;2;6228;6228;6228;17.19;107059.32;107059.32;107059.32;
;ACC03;ABEV3;2;2878;2878;2878;14.94;42997.32;42997.32;42997.32;
;ACC09;B3SA3;2;8472;8472;8472;15.97;135297.84;135297.84;135297.84;
;ACC07;ITUB4;1;1452;1452;1452;19.50;28314.00;28314.00;28314.00;
;ACC09;BBDC4;2;6678;6678;6678;14.46;96563.88;96563.88;96563.88;
;ACC09;VALE3;2;1890;1890;1890;17.79;33623.10;33623.10;33623.10;
;ACC07;BBDC4;1;7223;7223;7223;10.70;77286.10;77286.10;77286.10;
;ACC02;LREN3;1;9432;9432;9432;17.07;161004.24;161004.24;161004.24;
;ACC10;ABEV3;2;3377;3377;3377;12.84;43360.68;43360.68;43360.68;
;ACC02;BBDC4;1;7238;7238;7238;11.62;84105.56;84105.56;84105.56;
;ACC07;MGLU3;2;2110;2110;2110;15.94;33633.40;33633.40;33633.40;
;ACC09;WEGE3;2;1909;1909;1909;10.78;20579.02;20579.02;20579.02;
;ACC06;ABEV3;2;7100;7100;7100;16.22;115162.00;115162.00;115162.00;
;ACC04;ITUB4;2;9736;9736;9736;14.63;142437.68;142437.68;142437.68;
;ACC09;MGLU3;2;8844;8844;8844;18.86;166797.84;166797.84;166797.84;
;ACC05;ABEV3;2;8995;8995;8995;15.64;140681.80;140681.80;140681.80;
;ACC01;PETR4;2;2601;2601;2601;18.51;48144.51;48144.51;48144.51;
;ACC02;WEGE3;2;5166;5166;5166;11.75;60700.50;60700.50;60700.50;
;ACC05;LREN3;2;9455;9455;9455;17.25;163098.75;163098.75;163098.75;
;ACC07;ITUB4;2;8593;8593;8593;15.25;131043.25;131043.25;131043.25;
;ACC02;MGLU3;2;5183;5183;5183;13.02;67482.66;67482.66;67482.66;
;ACC05;ITUB4;2;9587;9587;9587;17.30;165855.10;165855.10;165855.10;
;ACC06;B3SA3;2;1446;1446;1446;18.54;26808.84;26808.84;26808.84;
;ACC05;LREN3;1;7571;7571;7571;15.08;114170.68;114170.68;114170.68;
;ACC07;ITUB4;1;7968;7968;7968;10.60;84460.80;84460.80;84460.80;
;ACC10;BBAS3;1;6524;6524;6524;14.69;95837.56;95837.56;95837.56;
;ACC01;VALE3;2;2086;2086;2086;17.88;37297.68;37297.68;37297.68;
;ACC01;ABEV3;2;4799;4799;4799;14.62;70161.38;70161.38;70161.38;
;ACC10;BBAS3;1;8214;8214;8214;12.74;104646.36;104646.36;104646.36;
;ACC09;LREN3;2;4245;4245;4245;16.81;71358.45;71358.45;71358.45;
;ACC02;B3SA3;2;7708;7708;7708;14.70;113307.60;113307.60;113307.60;
;ACC01;ITUB4;2;5598;5598;5598;15.98;89456.04;89456.04;89456.04;
;ACC02;ABEV3;1;9807;9807;9807;17.09;167601.63;167601.63;167601.63;
;ACC09;VALE3;2;1094;1094;1094;15.43;16880.42;16880.42;16880.42;
;ACC05;MGLU3;1;1770;1770;1770;16.49;29187.30;29187.30;29187.30;
;ACC08;VALE3;1;6733;6733;6733;19.58;131832.14;131832.14;131832.14;
;ACC01;VALE3;2;7138;7138;7138;16.70;119204.60;119204.60;119204.60;
;ACC06;MGLU3;2;7349;7349;7349;14.88;109353.12;109353.12;109353.12;
;ACC09;BBDC4;1;1285;1285;1285;12.30;15805.50;15805.50;15805.50;
;ACC02;B3SA3;2;1119;1119;1119;13.07;14625.33;14625.33;14625.33;
;ACC08;ABEV3;1;2649;2649;2649;18.31;48503.19;48503.19;48503.19;
;ACC10;LREN3;2;2447;2447;2447;12.74;31174.78;31174.78;31174.78;
;ACC01;PETR4;1;7011;7011;7011;17.86;125216.46;125216.46;125216.46;
;ACC05;ABEV3;2;1046;1046;1046;10.61;11098.06;11098.06;11098.06;
;ACC03;PETR4;2;9397;9397;9397;18.70;175723.90;175723.90;175723.90;
;ACC07;BBAS3;2;7295;7295;7295;11.12;81120.40;81120.40;81120.40;
;ACC09;BBDC4;2;7457;7457;7457;18.26;136164.82;136164.82;136164.82;
;ACC05;WEGE3;1;2798;2798;2798;18.09;50615.82;50615.82;50615.82;
;ACC07;PETR4;2;8912;8912;8912;16.86;150256.32;150256.32;150256.32;
;ACC04;MGLU3;1;5971;5971;5971;10.79;64427.09;64427.09;64427.09;
;ACC02;BBAS3;2;5619;5619;5619;13.87;77935.53;77935.53;77935.53;
;ACC10;VALE3;1;5894;5894;5894;18.45;108744.30;108744.30;108744.30;
;ACC04;B3SA3;2;7316;7316;7316;13.92;101838.72;101838.72;101838.72;
;ACC07;B3SA3;1;8574;8574;8574;10.01;85825.74;85825.74;85825.74;
;ACC10;LREN3;1;4206;4206;4206;13.90;58463.40;58463.40;58463.40;
;ACC09;VALE3;1;8325;8325;8325;15.20;126540.00;126540.00;126540.00;
;ACC04;PETR4;2;8154;8154;8154;16.71;136253.34;136253.34;136253.34;
;ACC02;WEGE3;2;9102;9102;9102;11.25;102397.50;102397.50;102397.50;
;ACC04;BBAS3;2;2768;2768;2768;10.94;30281.92;30281.92;30281.92;
;ACC08;WEGE3;1;6853;6853;6853;12.56;86073.68;86073.68;86073.68;
;ACC02;WEGE3;1;1383;1383;1383;15.36;21242.88;21242.88;21242.88;
;ACC03;BBAS3;2;6756;6756;6756;16.36;110528.16;110528.16;110528.16;
;ACC07;BBAS3;1;9031;9031;9031;16.01;144586.31;144586.31;144586.31;
;ACC09;B3SA3;1;8670;8670;8670;15.55;134818.50;134818.50;134818.50;
;ACC04;BBDC4;2;8065;8065;8065;13.36;107748.40;107748.40;107748.40;
;ACC10;B3SA3;1;8122;8122;8122;10.10;82032.20;82032.20;82032.20;
;ACC02;PETR4;1;3535;3535;3535;19.61;69321.35;69321.35;69321.35;
;ACC07;BBAS3;1;7601;7601;7601;12.90;98052.90;98052.90;98052.90;
;ACC02;LREN3;2;1966;1966;1966;12.03;23650.98;23650.98;23650.98;
;ACC08;BBAS3;1;5972;5972;5972;19.31;115319.32;115319.32;115319.32;
;ACC08;WEGE3;1;9197;9197;9197;10.18;93625.46;93625.46;93625.46;
;ACC08;ITUB4;2;1846;1846;1846;11.66;21524.36;21524.36;21524.36;
;ACC04;LREN3;2;5949;5949;5949;11.11;66093.39;66093.39;66093.39;
;ACC08;B3SA3;1;8078;8078;8078;11.84;95643.52;95643.52;95643.52;
;ACC01;ITUB4;1;5648;5648;5648;19.94;112621.12;112621.12;112621.12;
;ACC04;BBDC4;2;9949;9949;9949;12.33;122671.17;122671.17;122671.17;
;ACC02;BBDC4;2;9717;9717;9717;17.23;167423.91;167423.91;167423.91;
;ACC07;BBAS3;2;7727;7727;7727;12.73;98364.71;98364.71;98364.71;
;ACC04;LREN3;1;4408;4408;4408;14.70;64797.60;64797.60;64797.60;
;ACC05;ABEV3;2;7510;7510;7510;13.54;101685.40;101685.40;101685.40;
;ACC02;BBAS3;1;9338;9338;9338;19.78;184705.64;184705.64;184705.64;
;ACC08;LREN3;1;2377;2377;2377;12.69;30164.13;30164.13;30164.13;
;ACC01;B3SA3;2;2392;2392;2392;10.68;25546.56;25546.56;25546.56;
;ACC01;WEGE3;2;6141;6141;6141;11.28;69270.48;69270.48;69270.48;
;ACC05;VALE3;1;6000;6000;6000;16.47;98820.00;98820.00;98820.00;
;ACC03;ITUB4;1;2645;2645;2645;12.83;33935.35;33935.35;33935.35;
;ACC08;ITUB4;2;9077;9077;9077;17.86;162115.22;162115.22;162115.22;
;ACC02;WEGE3;2;1773;1773;1773;18.83;33385.59;33385.59;33385.59;
;ACC04;MGLU3;1;3119;3119;3119;11.94;37240.86;37240.86;37240.86;
;ACC09;LREN3;2;2405;2405;2405;14.75;35473.75;35473.75;35473.75;
;ACC02;B3SA3;2;1456;1456;1456;17.46;25421.76;25421.76;25421.76;
;ACC02;WEGE3;1;2175;2175;2175;14.58;31711.50;31711.50;31711.50;
;ACC07;BBAS3;2;7198;7198;7198;12.91;92926.18;92926.18;92926.18;
;ACC01;BBDC4;1;2712;2712;2712;13.56;36774.72;36774.72;36774.72;
;ACC05;ITUB4;2;5529;5529;5529;15.78;87247.62;87247.62;87247.62;
;ACC08;MGLU3;1;1664;1664;1664;17.93;29835.52;29835.52;29835.52;
;ACC02;PETR4;2;3532;3532;3532;12.12;42807.84;42807.84;42807.84;
;ACC05;LREN3;1;1125;1125;1125;13.97;15716.25;15716.25;15716.25;
;ACC05;BBDC4;1;9610;9610;9610;18.81;180764.10;180764.10;180764.10;
;ACC09;B3SA3;2;7276;7276;7276;12.10;88039.60;88039.60;88039.60;
;ACC03;LREN3;1;2424;2424;2424;13.73;33281.52;33281.52;33281.52;
;ACC02;B3SA3;2;3965;3965;3965;15.48;61378.20;61378.20;61378.20;
;ACC06;BBAS3;2;2986;2986;2986;11.83;35324.38;35324.38;35324.38;
;ACC04;BBAS3;1;3571;3571;3571;12.23;43673.33;43673.33;43673.33;
;ACC07;B3SA3;1;7145;7145;7145;12.70;90741.50;90741.50;90741.50;
;ACC05;B3SA3;1;1825;1825;1825;16.95;30933.75;30933.75;30933.75;
;ACC06;WEGE3;2;4299;4299;4299;15.75;67709.25;67709.25;67709.25;
;ACC02;ITUB4;2;8174;8174;8174;19.78;161681.72;161681.72;161681.72;
;ACC08;PETR4;2;9289;9289;9289;13.54;125773.06;125773.06;125773.06;
;ACC08;BBAS3;2;9043;9043;9043;14.93;135011.99;135011.99;135011.99;
;ACC08;BBAS3;1;5124;5124;5124;12.27;62871.48;62871.48;62871.48;
;ACC02;MGLU3;1;2437;2437;2437;18.76;45718.12;45718.12;45718.12;
;ACC06;PETR4;1;7348;7348;7348;15.89;116759.72;116759.72;116759.72;
;ACC01;VALE3;1;9268;9268;9268;14.38;133273.84;133273.84;133273.84;
;ACC10;LREN3;2;2264;2264;2264;13.40;30337.60;30337.60;30337.60;
;ACC05;ABEV3;2;2072;2072;2072;15.97;33089.84;33089.84;33089.84;
;ACC09;MGLU3;1;5903;5903;5903;11.15;65818.45;65818.45;65818.45;
;ACC10;B3SA3;2;5235;5235;5235;17.57;91978.95;91978.95;91978.95;
;ACC01;VALE3;1;8384;8384;8384;15.93;133557.12;133557.12;133557.12;
;ACC03;BBAS3;1;7336;7336;7336;18.97;139163.92;139163.92;139163.92;
;ACC01;ITUB4;1;2106;2106;2106;18.96;39929.76;39929.76;39929.76;
;ACC07;WEGE3;2;2853;2853;2853;12.83;36603.99;36603.99;36603.99;
;ACC02;ITUB4;2;9756;9756;9756;19.33;188583.48;188583.48;188583.48;
;ACC01;BBAS3;1;4858;4858;4858;10.39;50474.62;50474.62;50474.62;
;ACC07;B3SA3;2;8047;8047;8047;12.65;101794.55;101794.55;101794.55;
;ACC01;ABEV3;1;7215;7215;7215;13.61;98196.15;98196.15;98196.15;
;ACC10;LREN3;2;1725;1725;1725;18.94;32671.50;32671.50;32671.50;
;ACC01;WEGE3;2;9767;9767;9767;11.37;111050.79;111050.79;111050.79;
;ACC07;BBAS3;2;1460;1460;1460;18.80;27448.00;27448.00;27448.00;
;ACC03;ITUB4;2;7332;7332;7332;11.64;85344.48;85344.48;85344.48;
;ACC02;MGLU3;1;9887;9887;9887;15.73;155522.51;155522.51;155522.51;
;ACC02;ITUB4;1;7987;7987;7987;17.73;141609.51;141609.51;141609.51;
;ACC01;BBAS3;2;4923;4923;4923;18.60;91567.80;91567.80;91567.80;
;ACC02;LREN3;1;2883;2883;2883;10.66;30732.78;30732.78;30732.78;
;ACC02;BBDC4;2;7762;7762;7762;18.08;140336.96;140336.96;140336.96;
;ACC08;LREN3;2;2080;2080;2080;18.82;39145.60;39145.60;39145.60;
;ACC01;LREN3;2;8642;8642;8642;14.09;121765.78;121765.78;121765.78;
;ACC10;MGLU3;2;7257;7257;7257;16.93;122861.01;122861.01;122861.01;
;ACC09;LREN3;2;5431;5431;5431;17.87;97051.97;97051.97;97051.97;
;ACC10;ITUB4;2;7278;7278;7278;17.35;126273.30;126273.30;126273.30;
;ACC04;B3SA3;2;8102;8102;8102;14.17;114805.34;114805.34;114805.34;
;ACC01;BBAS3;2;3127;3127;3127;15.68;49031.36;49031.36;49031.36;
;ACC01;PETR4;1;9568;9568;9568;18.55;177486.40;177486.40;177486.40;
;ACC04;WEGE3;1;4720;4720;4720;10.38;48993.60;48993.60;48993.60;
;ACC07;VALE3;2;7282;7282;7282;16.69;121536.58;121536.58;121536.58;
;ACC05;ITUB4;1;7929;7929;7929;12.04;95465.16;95465.16;95465.16;
;ACC07;ITUB4;1;8489;8489;8489;13.02;110526.78;110526.78;110526.78;
;ACC10;BBDC4;2;4286;4286;4286;12.30;52717.80;52717.80;52717.80;
;ACC05;VALE3;2;2060;2060;2060;10.01;20620.60;20620.60;20620.60;
;ACC04;LREN3;1;2772;2772;2772;17.78;49286.16;49286.16;49286.16;
;ACC06;VALE3;1;5315;5315;5315;14.24;75685.60;75685.60;75685.60;
;ACC01;WEGE3;1;1498;1498;1498;15.56;23308.88;23308.88;23308.88;
;ACC06;BBAS3;1;7960;7960;7960;10.27;81749.20;81749.20;81749.20;
;ACC09;ITUB4;2;3162;3162;3162;10.80;34149.60;34149.60;34149.60;
;ACC05;ITUB4;2;6824;6824;6824;19.21;131089.04;131089.04;131089.04;
;ACC07;WEGE3;2;6418;6418;6418;16.80;107822.40;107822.40;107822.40;
;ACC01;PETR4;2;1862;1862;1862;17.50;32585.00;32585.00;32585.00;
;ACC02;LREN3;2;8715;8715;8715;11.09;96649.35;96649.35;96649.35;
;ACC06;BBDC4;2;5648;5648;5648;10.11;57101.28;57101.28;57101.28;
;ACC10;LREN3;2;6657;6657;6657;14.52;96659.64;96659.64;96659.64;
;ACC02;ITUB4;1;3718;3718;3718;12.28;45657.04;45657.04;45657.04;
;ACC01;VALE3;2;6442;6442;6442;18.95;122075.90;122075.90;122075.90;
;ACC02;BBDC4;2;1778;1778;1778;13.57;24127.46;24127.46;24127.46;
;ACC10;WEGE3;2;7849;7849;7849;10.37;81394.13;81394.13;81394.13;
;ACC07;B3SA3;1;2571;2571;2571;14.86;38205.06;38205.06;38205.06;
;ACC09;ABEV3;1;9970;9970;9970;19.20;191424.00;191424.00;191424.00;
;ACC09;ABEV3;2;1663;1663;1663;17.82;29634.66;29634.66;29634.66;
;ACC03;VALE3;2;1898;1898;1898;12.95;24579.10;24579.10;24579.10;
;ACC10;B3SA3;2;3292;3292;3292;15.57;51256.44;51256.44;51256.44;
;ACC10;B3SA3;2;9597;9597;9597;18.37;176296.89;176296.89;176296.89;
;ACC06;ITUB4;2;3577;3577;3577;15.15;54191.55;54191.55;54191.55;
;ACC09;BBDC4;1;3328;3328;3328;19.32;64296.96;64296.96;64296.96;
;ACC09;LREN3;1;4006;4006;4006;11.18;44787.08;44787.08;44787.08;
;ACC10;MGLU3;1;8848;8848;8848;11.69;103433.12;103433.12;103433.12;
;ACC01;B3SA3;2;6249;6249;6249;16.86;105358.14;105358.14;105358.14;
;ACC03;MGLU3;1;6852;6852;6852;12.77;87500.04;87500.04;87500.04;
;ACC03;ABEV3;1;4295;4295;4295;18.98;81519.10;81519.10;81519.10;
;ACC07;WEGE3;2;1748;1748;1748;19.29;33718.92;33718.92;33718.92;
;ACC02;WEGE3;2;8798;8798;8798;16.77;147542.46;147542.46;147542.46;
;ACC10;MGLU3;2;8440;8440;8440;12.36;104318.40;104318.40;104318.40;
;ACC08;B3SA3;1;4565;4565;4565;12.54;57245.10;57245.10;57245.10;
;ACC10;MGLU3;2;4780;4780;4780;17.81;85131.80;85131.80;85131.80;
;ACC10;VALE3;2;3146;3146;3146;14.02;44106.92;44106.92;44106.92;
;ACC10;VALE3;2;9015;9015;9015;11.76;106016.40;106016.40;106016.40;
;ACC01;ITUB4;1;6525;6525;6525;10.58;69034.50;69034.50;69034.50;
;ACC07;LREN3;1;6527;6527;6527;16.92;110436.84;110436.84;110436.84;
;ACC06;B3SA3;2;3750;3750;3750;14.69;55087.50;55087.50;55087.50;
;ACC01;MGLU3;1;1409;1409;1409;16.44;23163.96;23163.96;23163.96;
;ACC06;BBAS3;2;8343;8343;8343;19.21;160269.03;160269.03;160269.03;
;ACC04;B3SA3;1;2794;2794;2794;12.96;36210.24;36210.24;36210.24;
;ACC05;MGLU3;2;5486;5486;5486;14.91;81796.26;81796.26;81796.26;
;ACC06;ITUB4;1;7745;7745;7745;14.69;113774.05;113774.05;113774.05;
;ACC09;PETR4;1;1253;1253;1253;14.34;17968.02;17968.02;17968.02;
;ACC04;WEGE3;2;5813;5813;5813;11.38;66151.94;66151.94;66151.94;
;ACC04;BBDC4;1;4136;4136;4136;14.15;58524.40;58524.40;58524.40;
;ACC09;WEGE3;2;6843;6843;6843;11.83;80952.69;80952.69;80952.69;
;ACC05;BBAS3;2;1955;1955;1955;14.74;28816.70;28816.70;28816.70;
;ACC07;B3SA3;2;3751;3751;3751;10.29;38597.79;38597.79;38597.79;
;ACC02;WEGE3;1;1886;1886;1886;10.93;20613.98;20613.98;20613.98;
;ACC03;LREN3;2;4405;4405;4405;17.24;75942.20;75942.20;75942.20;
;ACC02;B3SA3;2;2642;2642;2642;10.44;27582.48;27582.48;27582.48;
;ACC02;ITUB4;2;8399;8399;8399;13.05;109606.95;109606.95;109606.95;
;ACC03;BBAS3;1;8236;8236;8236;12.53;103197.08;103197.08;103197.08;
;ACC07;BBDC4;2;1120;1120;1120;11.79;13204.80;13204.80;13204.80;
;ACC06;BBAS3;2;5142;5142;5142;16.49;84791.58;84791.58;84791.58;
;ACC04;BBDC4;1;1272;1272;1272;11.93;15174.96;15174.96;15174.96;
;ACC05;MGLU3;2;4715;4715;4715;15.38;72516.70;72516.70;72516.70;
;ACC06;ITUB4;1;4499;4499;4499;10.41;46834.59;46834.59;46834.59;
;ACC03;WEGE3;1;5408;5408;5408;10.22;55269.76;55269.76;55269.76;
;ACC04;ABEV3;2;6729;6729;6729;19.56;131619.24;131619.24;131619.24;
;ACC04;WEGE3;2;5884;5884;5884;10.18;59899.12;59899.12;59899.12;
;ACC06;LREN3;2;8892;8892;8892;11.80;104925.60;104925.60;104925.60;
;ACC07;B3SA3;1;8933;8933;8933;13.75;122828.75;122828.75;122828.75;
;ACC04;ABEV3;1;2919;2919;2919;13.10;38238.90;38238.90;38238.90;
;ACC01;BBAS3;1;2904;2904;2904;11.64;33802.56;33802.56;33802.56;
;ACC10;BBAS3;1;5019;5019;5019;18.62;93453.78;93453.78;93453.78;
;ACC01;VALE3;1;2636;2636;2636;10.73;28284.28;28284.28;28284.28;
;ACC08;ABEV3;1;5833;5833;5833;15.75;91869.75;91869.75;91869.75;
;ACC07;WEGE3;1;7660;7660;7660;12.47;95520.20;95520.20;95520.20;
;ACC07;VALE3;2;8781;8781;8781;16.66;146291.46;146291.46;146291.46;
;ACC03;MGLU3;1;8293;8293;8293;12.49;103579.57;103579.57;103579.57;
;ACC01;ABEV3;1;4887;4887;4887;16.47;80488.89;80488.89;80488.89;
;ACC02;VALE3;1;4059;4059;4059;15.71;63766.89;63766.89;63766.89;
;ACC03;LREN3;1;6226;6226;6226;18.17;113126.42;113126.42;113126.42;
;ACC07;MGLU3;1;6934;6934;6934;19.53;135421.02;135421.02;135421.02;
;ACC01;MGLU3;1;2551;2551;2551;14.25;36351.75;36351.75;36351.75;
;ACC10;ABEV3;2;9132;9132;9132;13.95;127391.40;127391.40;127391.40;
;ACC06;BBAS3;2;8636;8636;8636;10.15;87655.40;87655.40;87655.40;
;ACC02;PETR4;2;6529;6529;6529;16.82;109817.78;109817.78;109817.78;
;ACC04;LREN3;2;4716;4716;4716;14.49;68334.84;68334.84;68334.84;
;ACC02;PETR4;2;6955;6955;6955;14.30;99456.50;99456.50;99456.50;
;ACC10;BBDC4;2;4589;4589;4589;14.82;68008.98;68008.98;68008.98;
;ACC05;LREN3;1;9345;9345;9345;17.96;167836.20;167836.20;167836.20;
;ACC02;MGLU3;1;7043;7043;7043;10.92;76909.56;76909.56;76909.56;
;ACC07;BBAS3;1;2780;2780;2780;18.40;51152.00;51152.00;51152.00;
;ACC10;VALE3;1;8963;8963;8963;12.30;110244.90;110244.90;110244.90;
;ACC09;BBAS3;1;8027;8027;8027;14.56;116873.12;116873.12;116873.12;
;ACC01;ITUB4;1;5925;5925;5925;13.61;80639.25;80639.25;80639.25;
;ACC05;PETR4;1;1194;1194;1194;18.26;21802.44;21802.44;21802.44;
;ACC03;WEGE3;1;6610;6610;6610;19.89;131472.90;131472.90;131472.90;
;ACC09;PETR4;1;7032;7032;7032;11.54;81149.28;81149.28;81149.28;
;ACC07;BBAS3;2;2227;2227;2227;17.79;39618.33;39618.33;39618.33;
;ACC09;BBDC4;1;9941;9941;9941;15.63;155377.83;155377.83;155377.83;
;ACC01;VALE3;2;4741;4741;4741;12.49;59215.09;59215.09;59215.09;
;ACC05;B3SA3;1;1624;1624;1624;19.51;31684.24;31684.24;31684.24;
;ACC04;MGLU3;1;7322;7322;7322;16.57;121325.54;121325.54;121325.54;
;ACC01;ABEV3;2;3666;3666;3666;19.40;71120.40;71120.40;71120.40;
;ACC05;VALE3;1;9730;9730;9730;13.07;127171.10;127171.10;127171.10;
;ACC02;ABEV3;2;6897;6897;6897;18.31;126284.07;126284.07;126284.07;
;ACC01;BBAS3;1;5251;5251;5251;14.49;76086.99;76086.99;76086.99;
;ACC01;LREN3;1;3597;3597;3597;17.68;63594.96;63594.96;63594.96;
;ACC08;PETR4;2;1066;1066;1066;13.71;14614.86;14614.86;14614.86;
;ACC03;LREN3;1;7710;7710;7710;15.07;116189.70;116189.70;116189.70;
;ACC10;BBDC4;1;3846;3846;3846;16.88;64920.48;64920.48;64920.48;
;ACC06;LREN3;1;9466;9466;9466;16.76;158650.16;158650.16;158650.16;
;ACC05;ABEV3;2;7626;7626;7626;17.65;134598.90;134598.90;134598.90;
;ACC05;BBAS3;2;7532;7532;7532;10.34;77880.88;77880.88;77880.88;
;ACC05;ITUB4;2;8260;8260;8260;19.62;162061.20;162061.20;162061.20;
;ACC04;BBAS3;2;7122;7122;7122;13.75;97927.50;97927.50;97927.50;
;ACC06;ABEV3;2;9817;9817;9817;13.69;134394.73;134394.73;134394.73;
;ACC09;MGLU3;1;4160;4160;4160;13.12;54579.20;54579.20;54579.20;
;ACC02;ITUB4;1;7551;7551;7551;13.72;103599.72;103599.72;103599.72;
;ACC02;B3SA3;2;8586;8586;8586;16.09;138148.74;138148.74;138148.74;
;ACC09;MGLU3;1;6494;6494;6494;19.62;127412.28;127412.28;127412.28;
;ACC06;VALE3;2;6252;6252;6252;10.29;64333.08;64333.08;64333.08;
;ACC04;ITUB4;2;5719;5719;5719;13.52;77320.88;77320.88;77320.88;
;ACC02;LREN3;2;6093;6093;6093;14.49;88287.57;88287.57;88287.57;
;ACC08;ITUB4;2;4588;4588;4588;12.26;56248.88;56248.88;56248.88;
;ACC05;ABEV3;1;4831;4831;4831;18.63;90001.53;90001.53;90001.53;
;ACC06;B3SA3;2;6018;6018;6018;15.48;93158.64;93158.64;93158.64;
;ACC03;B3SA3;1;6553;6553;6553;13.60;89120.80;89120.80;89120.80;
;ACC07;BBAS3;2;6117;6117;6117;16.50;100930.50;100930.50;100930.50;
;ACC06;PETR4;2;2548;2548;2548;13.84;35264.32;35264.32;35264.32;
;ACC04;B3SA3;2;7623;7623;7623;16.35;124636.05;124636.05;124636.05;
;ACC05;BBAS3;2;7567;7567;7567;12.05;91182.35;91182.35;91182.35;
;ACC05;BBDC4;1;9416;9416;9416;11.63;109508.08;109508.08;109508.08;
;ACC05;ABEV3;1;9186;9186;9186;14.11;129614.46;129614.46;129614.46;
;ACC10;ABEV3;1;2976;2976;2976;16.13;48002.88;48002.88;48002.88;
;ACC01;BBAS3;2;4420;4420;4420;11.98;52951.60;52951.60;52951.60;
;ACC06;B3SA3;1;7824;7824;7824;14.19;111022.56;111022.56;111022.56;
;ACC09;ITUB4;1;6585;6585;6585;19.80;130383.00;130383.00;130383.00;
;ACC05;BBDC4;2;2219;2219;2219;17.31;38410.89;38410.89;38410.89;
;ACC09;VALE3;2;6070;6070;6070;13.08;79395.60;79395.60;79395.60;
;ACC07;BBDC4;2;1883;1883;1883;17.03;32067.49;32067.49;32067.49;
;ACC04;LREN3;2;6925;6925;6925;18.81;130259.25;130259.25;130259.25;
;ACC03;WEGE3;2;8804;8804;8804;10.15;89360.60;89360.60;89360.60;
;ACC05;ABEV3;1;4665;4665;4665;13.77;64237.05;64237.05;64237.05;
;ACC09;VALE3;1;8251;8251;8251;11.65;96124.15;96124.15;96124.15;
;ACC05;PETR4;1;5324;5324;5324;12.71;67668.04;67668.04;67668.04;
;ACC04;ABEV3;2;8881;8881;8881;15.01;133303.81;133303.81;133303.81;
;ACC04;B3SA3;2;6655;6655;6655;17.19;114399.45;114399.45;114399.45;
;ACC04;PETR4;2;2437;2437;2437;19.07;46473.59;46473.59;46473.59;
;ACC07;PETR4;2;4412;4412;4412;15.82;69797.84;69797.84;69797.84;
;ACC10;PETR4;2;4690;4690;4690;10.03;47040.70;47040.70;47040.70;
;ACC03;ABEV3;1;8558;8558;8558;13.10;112109.80;112109.80;112109.80;
;ACC06;B3SA3;1;3875;3875;3875;12.42;48127.50;48127.50;48127.50;
;ACC01;BBDC4;1;4024;4024;4024;18.59;74806.16;74806.16;74806.16;
;ACC07;WEGE3;2;2149;2149;2149;13.00;27937.00;27937.00;27937.00;
;ACC08;ABEV3;1;9860;9860;9860;13.29;131039.40;131039.40;131039.40;
;ACC08;VALE3;2;3106;3009;3008;10.26;31867.56;30872.34;30862.08;
;ACC06;BBDC4;2;7381;5813;5812;15.85;116988.85;92136.05;92120.20;
;ACC05;ITUB4;1;5362;3408;3407;14.88;79786.56;50711.04;50696.16;
;ACC08;B3SA3;2;4821;4585;4584;10.76;51873.96;49334.60;49323.84;
;ACC04;B3SA3;2;4207;2905;2904;19.16;80606.12;55659.80;55640.64;
;ACC09;ITUB4;1;9703;1940;1939;17.74;172131.22;34415.60;34397.86;
;ACC09;VALE3;1;3891;2007;2006;17.18;66847.38;34480.26;34463.08;
;ACC04;ABEV3;2;1805;776;775;18.77;33879.85;14565.52;14546.75;
;ACC05;BBDC4;2;5720;3918;3917;12.77;73044.40;50032.86;50020.09;
;ACC05;PETR4;2;3809;3557;3556;10.53;40108.77;37455.21;37444.68;
;ACC06;BBDC4;2;6432;991;990;10.89;70044.48;10791.99;10781.10;
;ACC02;BBDC4;1;8590;1468;1467;17.95;154190.50;26350.60;26332.65;
;ACC03;ABEV3;1;9623;796;795;12.85;123655.55;10228.60;10215.75;
;ACC08;LREN3;1;2559;211;210;17.18;43963.62;3624.98;3607.80;
;ACC01;MGLU3;2;9158;2767;2766;19.30;176749.40;53403.10;53383.80;
;ACC02;VALE3;1;1542;1081;1080;17.60;27139.20;19025.60;19008.00;
;ACC01;LREN3;2;6545;5551;5550;16.97;111068.65;94200.47;94183.50;
;ACC04;B3SA3;1;5885;4872;4871;15.39;90570.15;74980.08;74964.69;
;ACC06;MGLU3;1;3721;2978;2977;17.81;66271.01;53038.18;53020.37;
;ACC07;VALE3;1;9903;8878;8877;13.56;134284.68;120385.68;120372.12;
;ACC02;ABEV3;2;8354;4435;4434;11.69;97658.26;51845.15;51833.46;
;ACC08;VALE3;1;8367;3622;3621;15.76;131863.92;57082.72;57066.96;
;ACC01;ABEV3;2;5285;2208;2207;16.27;85986.95;35924.16;35907.89;
;ACC07;LREN3;1;2806;225;224;13.73;38526.38;3089.25;3075.52;
;ACC03;BBDC4;1;6390;4171;4170;10.24;65433.60;42711.04;42700.80;
;ACC01;BBDC4;1;3249;1722;1721;10.87;35316.63;18718.14;18707.27;
;ACC03;ITUB4;1;8070;4415;4414;18.38;148326.60;81147.70;81129.32;
;ACC04;B3SA3;1;7000;2252;2251;16.80;117600.00;37833.60;37816.80;
;ACC08;WEGE3;2;6769;5940;5939;19.86;134432.34;117968.40;117948.54;
;ACC09;WEGE3;2;7270;9;8;10.10;73427.00;90.90;80.80;
;ACC04;BBAS3;1;2328;707;706;13.12;30543.36;9275.84;9262.72;
;ACC07;WEGE3;1;3711;3111;3110;19.47;72253.17;60571.17;60551.70;
;ACC06;PETR4;2;6142;5708;5707;13.65;83838.30;77914.20;77900.55;
;ACC04;WEGE3;1;2548;2508;2507;15.31;39009.88;38397.48;38382.17;
;ACC02;BBDC4;2;7239;1226;1225;13.29;96206.31;16293.54;16280.25;
;ACC10;B3SA3;2;9104;4488;4487;16.88;153675.52;75757.44;75740.56;
;ACC08;WEGE3;1;9587;9056;9055;12.02;115235.74;108853.12;108841.10;
;ACC08;PETR4;2;5661;1607;1606;12.31;69686.91;19782.17;19769.86;
;ACC04;BBDC4;2;5886;4851;4850;16.13;94941.18;78246.63;78230.50;
;ACC06;B3SA3;1;7999;6885;6884;11.34;90708.66;78075.90;78064.56;
;ACC04;LREN3;1;1130;1109;1108;18.67;21097.10;20705.03;20686.36;
;ACC05;WEGE3;2;9327;5800;5799;13.19;123023.13;76502.00;76488.81;
;ACC08;WEGE3;2;9971;3410;3409;10.96;109282.16;37373.60;37362.64;
;ACC09;PETR4;2;6592;1353;1352;14.47;95386.24;19577.91;19563.44;
;ACC08;MGLU3;2;7225;6167;6166;16.21;117117.25;99967.07;99950.86;
;ACC04;ITUB4;1;5756;1797;1796;14.44;83116.64;25948.68;25934.24;
;ACC08;BBDC4;1;8616;6090;6089;18.95;163273.20;115405.50;115386.55;
;ACC03;PETR4;1;5142;1346;1345;17.60;90499.20;23689.60;23672.00;
;ACC09;WEGE3;2;6450;3350;3349;16.30;105135.00;54605.00;54588.70;
;ACC09;LREN3;2;3289;1456;1455;15.90;52295.10;23150.40;23134.50;
;ACC09;BBDC4;2;8250;1623;1622;19.89;164092.50;32281.47;32261.58;
;ACC02;ITUB4;1;1255;43;42;15.51;19465.05;666.93;651.42;
;ACC04;BBDC4;2;9459;3238;3237;19.35;183031.65;62655.30;62635.95;
;ACC03;B3SA3;2;2434;1835;1834;15.53;37800.02;28497.55;28482.02;
;ACC03;LREN3;2;6358;3861;3860;11.13;70764.54;42972.93;42961.80;
;ACC02;LREN3;1;6294;777;776;18.48;116313.12;14358.96;14340.48;
;ACC06;MGLU3;2;1558;504;503;18.83;29337.14;9490.32;9471.49;
;ACC06;WEGE3;1;1179;279;278;15.00;17685.00;4185.00;4170.00;
;ACC10;WEGE3;1;8654;4050;4049;13.47;116569.38;54553.50;54540.03;
;ACC08;ABEV3;1;8758;6126;6125;17.65;154578.70;108123.90;108106.25;
;ACC06;ABEV3;1;7888;4277;4276;15.12;119266.56;64668.24;64653.12;
;ACC10;VALE3;2;9992;4322;4321;11.10;110911.20;47974.20;47963.10;
;ACC02;LREN3;2;6063;5578;5577;19.22;116530.86;107209.16;107189.94;
;ACC05;BBDC4;1;9020;771;770;18.74;169034.80;14448.54;14429.80;
;ACC07;WEGE3;1;3773;3056;3055;13.97;52708.81;42692.32;42678.35;
;ACC01;WEGE3;2;6109;3149;3148;17.95;109656.55;56524.55;56506.60;
;ACC03;BBDC4;1;4669;2330;2329;17.27;80633.63;40239.10;40221.83;
;ACC05;BBAS3;2;1021;283;282;19.05;19450.05;5391.15;5372.10;
;ACC04;BBAS3;2;1129;729;728;14.45;16314.05;10534.05;10519.60;
;ACC05;LREN3;2;1270;653;652;15.11;19189.70;9866.83;9851.72;
;ACC04;VALE3;2;1155;1135;1134;10.28;11873.40;11667.80;11657.52;
;ACC01;VALE3;2;3619;2291;2290;12.81;46359.39;29347.71;29334.90;
;ACC09;ABEV3;2;3343;1216;1215;11.58;38711.94;14081.28;14069.70;
;ACC04;ABEV3;2;3206;1031;1030;16.38;52514.28;16887.78;16871.40;
;ACC04;LREN3;2;7519;3996;3995;18.88;141958.72;75444.48;75425.60;
;ACC10;BBAS3;2;9795;5541;5540;19.82;194136.90;109822.62;109802.80;
;ACC04;B3SA3;2;2805;685;684;18.43;51696.15;12624.55;12606.12;
;ACC06;BBAS3;1;1115;1033;1032;14.54;16212.10;15019.82;15005.28;
;ACC03;WEGE3;1;8044;3188;3187;18.00;144792.00;57384.00;57366.00;
;ACC09;ITUB4;2;4025;2482;2481;12.45;50111.25;30900.90;30888.45;
;ACC08;B3SA3;1;3070;1234;1233;12.84;39418.80;15844.56;15831.72;
;ACC06;PETR4;1;4231;4086;4085;16.83;71207.73;68767.38;68750.55;
;ACC01;LREN3;1;5773;2417;2416;10.22;59000.06;24701.74;24691.52;
;ACC04;B3SA3;1;8689;466;465;15.89;138068.21;7404.74;7388.85;
;ACC09;BBAS3;2;2157;164;163;13.74;29637.18;2253.36;2239.62;
;ACC03;MGLU3;1;5392;4425;4424;16.31;87943.52;72171.75;72155.44;
;ACC08;BBDC4;2;5488;5100;5099;11.22;61575.36;57222.00;57210.78;
;ACC07;PETR4;2;8063;7363;7362;16.83;135700.29;123919.29;123902.46;
;ACC08;WEGE3;1;8952;3039;3038;11.96;107065.92;36346.44;36334.48;
;ACC10;LREN3;1;1400;366;365;14.01;19614.00;5127.66;5113.65;
;ACC05;VALE3;2;6231;1160;1159;12.32;76765.92;14291.20;14278.88;
;ACC06;ABEV3;1;1398;1216;1215;15.34;21445.32;18653.44;18638.10;
;ACC01;WEGE3;2;4321;942;941;10.65;46018.65;10032.30;10021.65;
;ACC10;WEGE3;1;9324;879;878;16.85;157109.40;14811.15;14794.30;
;ACC08;ABEV3;2;1287;855;854;15.03;19343.61;12850.65;12835.62;
;ACC06;BBDC4;2;2420;2414;2413;15.18;36735.60;36644.52;36629.34;
;ACC06;LREN3;1;7341;1312;1311;10.32;75759.12;13539.84;13529.52;
;ACC03;B3SA3;1;9360;7440;7439;16.53;154720.80;122983.20;122966.67;
;ACC09;B3SA3;1;5709;1777;1776;12.71;72561.39;22585.67;22572.96;
;ACC06;WEGE3;2;5372;4183;4182;17.34;93150.48;72533.22;72515.88;
;ACC03;LREN3;1;8744;7411;7410;16.94;148123.36;125542.34;125525.40;
;ACC04;B3SA3;1;2738;1503;1502;10.24;28037.12;15390.72;15380.48;
;ACC06;BBAS3;2;9089;7610;7609;18.25;165874.25;138882.50;138864.25;
;ACC04;PETR4;1;7964;3881;3880;16.39;130529.96;63609.59;63593.20;
;ACC02;BBAS3;1;7489;4180;4179;17.00;127313.00;71060.00;71043.00;
;ACC08;ABEV3;1;1579;1476;1475;11.69;18458.51;17254.44;17242.75;
;ACC05;VALE3;1;3762;3367;3366;12.83;48266.46;43198.61;43185.78;
;ACC06;ABEV3;1;7152;6583;6582;12.37;88470.24;81431.71;81419.34;
;ACC04;VALE3;2;6464;5704;5703;19.47;125854.08;111056.88;111037.41;
;ACC09;MGLU3;2;2215;1736;1735;10.61;23501.15;18418.96;18408.35;
;ACC09;ABEV3;2;8629;4362;4361;17.05;147124.45;74372.10;74355.05;
;ACC06;B3SA3;2;4418;2032;2031;15.17;67021.06;30825.44;30810.27;
;ACC03;LREN3;2;1907;248;247;14.20;27079.40;3521.60;3507.40;
;ACC07;BBAS3;2;6700;1048;1047;14.74;98758.00;15447.52;15432.78;
;ACC05;LREN3;1;5004;2307;2306;18.79;94025.16;43348.53;43329.74;
;ACC01;ITUB4;2;8854;911;910;18.72;165746.88;17053.92;17035.20;
;ACC06;PETR4;2;1588;243;242;18.21;28917.48;4425.03;4406.82;
;ACC07;MGLU3;2;8756;4653;4652;12.98;113652.88;60395.94;60382.96;
;ACC08;MGLU3;1;1277;389;388;12.95;16537.15;5037.55;5024.60;
;ACC09;MGLU3;1;4736;1093;1092;10.29;48733.44;11246.97;11236.68;
;ACC04;ITUB4;1;7185;4231;4230;19.64;141113.40;83096.84;83077.20;
;ACC03;BBDC4;1;8428;632;631;18.06;152209.68;11413.92;11395.86;
;ACC05;WEGE3;2;6746;5124;5123;12.02;81086.92;61590.48;61578.46;
;ACC02;B3SA3;1;8412;722;721;17.96;151079.52;12967.12;12949.16;
;ACC03;LREN3;1;9644;3653;3652;11.20;108012.80;40913.60;40902.40;
;ACC04;PETR4;1;5192;3999;3998;15.09;78347.28;60344.91;60329.82;
;ACC02;PETR4;2;5504;4161;4160;18.67;102759.68;77685.87;77667.20;
;ACC09;B3SA3;2;9677;2204;2203;16.42;158896.34;36189.68;36173.26;
;ACC09;WEGE3;2;4434;944;943;18.22;80787.48;17199.68;17181.46;
;ACC10;ITUB4;1;6044;1459;1458;10.89;65819.16;15888.51;15877.62;
;ACC03;BBAS3;1;3923;95;94;15.51;60845.73;1473.45;1457.94;
;ACC08;ABEV3;1;4097;4040;4039;16.13;66084.61;65165.20;65149.07;
;ACC02;MGLU3;1;4439;949;948;16.26;72178.14;15430.74;15414.48;
;ACC09;ITUB4;1;5700;4789;4788;19.14;109098.00;91661.46;91642.32;
;ACC06;PETR4;1;9351;721;720;16.83;157377.33;12134.43;12117.60;
;ACC03;PETR4;1;7234;4214;4213;10.74;77693.16;45258.36;45247.62;
;ACC02;MGLU3;2;6031;674;673;13.27;80031.37;8943.98;8930.71;
;ACC08;PETR4;2;3476;2243;2242;16.36;56867.36;36695.48;36679.12;
;ACC08;WEGE3;2;2488;766;765;17.44;43390.72;13359.04;13341.60;
;ACC06;VALE3;2;6829;4155;4154;17.84;121829.36;74125.20;74107.36;
;ACC04;BBDC4;1;1494;1432;1431;11.39;17016.66;16310.48;16299.09;
;ACC06;VALE3;1;9224;7840;7839;13.74;126737.76;107721.60;107707.86;
;ACC06;ABEV3;2;2434;1380;1379;13.60;33102.40;18768.00;18754.40;
;ACC04;B3SA3;1;9110;3880;3879;18.07;164617.70;70111.60;70093.53;
;ACC05;LREN3;1;8680;6309;6308;13.22;114749.60;83404.98;83391.76;
;ACC08;MGLU3;1;2299;308;307;19.72;45336.28;6073.76;6054.04;
;ACC09;BBAS3;1;1529;970;969;10.97;16773.13;10640.90;10629.93;
;ACC08;BBDC4;2;7178;5067;5066;17.54;125902.12;88875.18;88857.64;
;ACC02;PETR4;2;5144;3060;3059;17.75;91306.00;54315.00;54297.25;
;ACC05;WEGE3;1;1347;1070;1069;18.47;24879.09;19762.90;19744.43;
;ACC05;ITUB4;2;5049;3865;3864;14.70;74220.30;56815.50;56800.80;
;ACC04;BBAS3;2;2227;209;208;18.53;41266.31;3872.77;3854.24;
;ACC05;ITUB4;1;7092;1747;1746;10.79;76522.68;18850.13;18839.34;
;ACC04;VALE3;2;2946;941;940;19.12;56327.52;17991.92;17972.80;
;ACC08;BBAS3;1;1581;871;870;16.53;26133.93;14397.63;14381.10;
;ACC08;B3SA3;1;4549;30;29;13.52;61502.48;405.60;392.08;
;ACC06;BBDC4;1;6743;943;942;15.04;101414.72;14182.72;14167.68;
;ACC10;PETR4;1;9894;9288;9287;10.86;107448.84;100867.68;100856.82;
;ACC10;BBDC4;2;5947;4660;4659;14.00;83258.00;65240.00;65226.00;
;ACC10;BBDC4;1;2670;1543;1542;17.60;46992.00;27156.80;27139.20;
;ACC07;B3SA3;1;5284;3110;3109;14.68;77569.12;45654.80;45640.12;
;ACC04;BBAS3;1;9881;1959;1958;18.83;186059.23;36887.97;36869.14;
;ACC05;ABEV3;2;9517;9224;9223;16.68;158743.56;153856.32;153839.64;
;ACC08;ITUB4;2;9665;7158;7157;14.16;136856.40;101357.28;101343.12;
;ACC03;BBAS3;1;6936;2557;2556;19.51;135321.36;49887.07;49867.56;
;ACC09;MGLU3;1;7272;233;232;15.86;115333.92;3695.38;3679.52;
;ACC06;VALE3;1;3080;1217;1216;14.56;44844.80;17719.52;17704.96;
;ACC06;PETR4;2;1914;508;507;18.83;36040.62;9565.64;9546.81;
;ACC05;WEGE3;2;4319;577;576;13.76;59429.44;7939.52;7925.76;
;ACC06;MGLU3;1;7927;100;99;15.00;118905.00;1500.00;1485.00;
;ACC04;ITUB4;1;9272;6130;6129;13.40;124244.80;82142.00;82128.60;
;ACC01;BBDC4;1;4924;4860;4859;16.90;83215.60;82134.00;82117.10;
;ACC02;PETR4;2;5398;854;853;14.35;77461.30;12254.90;12240.55;
;ACC02;WEGE3;2;8954;6195;6194;17.90;160276.60;110890.50;110872.60;
;ACC04;MGLU3;1;5442;4366;4365;12.23;66555.66;53396.18;53383.95;
;ACC06;WEGE3;2;5405;3674;3673;18.90;102154.50;69438.60;69419.70;
;ACC02;WEGE3;2;4079;616;615;13.78;56208.62;8488.48;8474.70;
;ACC10;BBAS3;2;2381;655;654;13.96;33238.76;9143.80;9129.84;
;ACC08;BBDC4;2;9080;3631;3630;17.90;162532.00;64994.90;64977.00;
;ACC07;ITUB4;2;7759;6703;6702;19.60;152076.40;131378.80;131359.20;
;ACC05;ITUB4;2;4575;649;648;12.63;57782.25;8196.87;8184.24;
;ACC07;ITUB4;2;5996;3788;3787;15.35;92038.60;58145.80;58130.45;
;ACC02;B3SA3;1;2334;1662;1661;11.68;27261.12;19412.16;19400.48;
;ACC04;B3SA3;1;2607;2464;2463;15.28;39834.96;37649.92;37634.64;
;ACC05;VALE3;1;5289;1032;1031;16.53;87427.17;17058.96;17042.43;
;ACC05;ABEV3;1;6459;1928;1927;12.87;83127.33;24813.36;24800.49;
;ACC08;PETR4;1;9554;6465;6464;12.95;123724.30;83721.75;83708.80;
;ACC05;BBDC4;2;1361;53;52;14.36;19543.96;761.08;746.72;
;ACC05;B3SA3;2;8947;7799;7798;12.79;114432.13;99749.21;99736.42;
;ACC10;LREN3;2;1581;540;539;17.54;27730.74;9471.60;9454.06;
;ACC05;VALE3;1;1743;1061;1060;14.96;26075.28;15872.56;15857.60;
;ACC01;BBAS3;2;6657;429;428;16.33;108708.81;7005.57;6989.24;
;ACC09;WEGE3;2;7064;2335;2334;11.54;81518.56;26945.90;26934.36;
;ACC01;WEGE3;2;5176;2775;2774;13.10;67805.60;36352.50;36339.40;
;ACC08;LREN3;2;3809;3641;3640;17.67;67305.03;64336.47;64318.80;
;ACC10;PETR4;2;8083;115;114;13.97;112919.51;1606.55;1592.58;
;ACC07;ITUB4;2;1251;946;945;16.50;20641.50;15609.00;15592.50;
;ACC02;MGLU3;1;8126;3739;3738;14.26;115876.76;53318.14;53303.88;
;ACC02;PETR4;1;7019;1156;1155;12.61;88509.59;14577.16;14564.55;
;ACC08;B3SA3;1;7987;3099;3098;13.97;111578.39;43293.03;43279.06;
;ACC04;ABEV3;2;1000;661;660;13.36;13360.00;8830.96;8817.60;
;ACC03;B3SA3;1;4864;741;740;14.06;68387.84;10418.46;10404.40;
;ACC03;ABEV3;1;7643;366;365;14.32;109447.76;5241.12;5226.80;
;ACC01;B3SA3;1;1777;647;646;11.94;21217.38;7725.18;7713.24;
;ACC01;PETR4;1;9598;700;699;13.21;126789.58;9247.00;9233.79;
;ACC02;LREN3;2;8952;5871;5870;15.21;136159.92;89297.91;89282.70;
;ACC06;WEGE3;2;3862;2767;2766;15.16;58547.92;41947.72;41932.56;
;ACC01;B3SA3;1;7160;3093;3092;13.48;96516.80;41693.64;41680.16;
;ACC09;B3SA3;1;2275;630;629;13.04;29666.00;8215.20;8202.16;
;ACC02;WEGE3;2;2676;546;545;11.81;31603.56;6448.26;6436.45;
;ACC04;BBAS3;2;6202;1709;1708;19.82;122923.64;33872.38;33852.56;
;ACC03;BBAS3;2;8254;5770;5769;14.34;118362.36;82741.80;82727.46;
;ACC06;ABEV3;2;4883;2469;2468;19.02;92874.66;46960.38;46941.36;
;ACC09;B3SA3;1;1360;892;891;13.76;18713.60;12273.92;12260.16;
;ACC05;VALE3;1;5682;3007;3006;12.03;68354.46;36174.21;36162.18;
;ACC10;WEGE3;2;7501;6437;6436;11.66;87461.66;75055.42;75043.76;
;ACC08;MGLU3;2;5154;4582;4581;13.20;68032.80;60482.40;60469.20;
;ACC09;MGLU3;1;4623;2089;2088;16.98;78498.54;35471.22;35454.24;
;ACC04;PETR4;1;4948;994;993;16.71;82681.08;16609.74;16593.03;
;ACC02;ITUB4;2;3418;2601;2600;12.54;42861.72;32616.54;32604.00;
;ACC10;B3SA3;2;1636;111;110;10.90;17832.40;1209.90;1199.00;
;ACC01;BBDC4;1;5343;2339;2338;12.08;64543.44;28255.12;28243.04;
;ACC03;MGLU3;1;1499;839;838;19.06;28570.94;15991.34;15972.28;
;ACC05;ITUB4;1;3657;2999;2998;12.49;45675.93;37457.51;37445.02;
;ACC05;ABEV3;2;5796;2392;2391;17.67;102415.32;42266.64;42248.97;
;ACC03;BBAS3;2;7226;2252;2251;18.92;136715.92;42607.84;42588.92;
;ACC06;BBDC4;1;6426;1471;1470;15.66;100631.16;23035.86;23020.20;
;ACC03;BBDC4;2;5150;1307;1306;12.30;63345.00;16076.10;16063.80;
;ACC10;MGLU3;1;8432;949;948;10.93;92161.76;10372.57;10361.64;
;ACC07;ITUB4;2;6565;1484;1483;11.98;78648.70;17778.32;17766.34;
;ACC10;BBAS3;2;9703;8623;8622;12.73;123519.19;109770.79;109758.06;
;ACC02;MGLU3;2;5916;5243;5242;18.14;107316.24;95108.02;95089.88;
;ACC02;B3SA3;2;5650;3726;3725;11.01;62206.50;41023.26;41012.25;
;ACC08;PETR4;2;2733;638;637;11.48;31374.84;7324.24;7312.76;
;ACC01;PETR4;1;2156;1540;1539;16.40;35358.40;25256.00;25239.60;
;ACC03;BBDC4;1;7233;3649;3648;10.04;72619.32;36635.96;36625.92;
;ACC04;B3SA3;2;8751;1020;1019;16.90;147891.90;17238.00;17221.10;
;ACC07;BBAS3;2;7244;3480;3479;15.46;111992.24;53800.80;53785.34;
;ACC04;VALE3;2;8574;6153;6152;10.04;86082.96;61776.12;61766.08;
;ACC06;BBDC4;2;1408;434;433;13.70;19289.60;5945.80;5932.10;
;ACC07;MGLU3;2;1443;81;80;11.47;16551.21;929.07;917.60;
;ACC05;MGLU3;2;6935;6578;6577;17.51;121431.85;115180.78;115163.27;
;ACC09;VALE3;2;9681;7565;7564;13.75;133113.75;104018.75;104005.00;
;ACC06;B3SA3;2;7100;6220;6219;10.53;74763.00;65496.60;65486.07;
;ACC02;B3SA3;1;3251;2672;2671;11.38;36996.38;30407.36;30395.98;
;ACC10;BBDC4;1;5114;1669;1668;15.46;79062.44;25802.74;25787.28;
;ACC10;PETR4;1;5481;3456;3455;10.81;59249.61;37359.36;37348.55;
;ACC09;PETR4;2;7123;1012;1011;11.12;79207.76;11253.44;11242.32;
;ACC05;MGLU3;2;7201;69;68;16.42;118240.42;1132.98;1116.56;
;ACC07;VALE3;2;2529;709;708;15.83;40034.07;11223.47;11207.64;
;ACC09;BBDC4;2;5050;2627;2626;16.26;82113.00;42715.02;42698.76;
;ACC07;ABEV3;1;4727;575;574;16.96;80169.92;9752.00;9735.04;
;ACC02;LREN3;2;6761;4774;4773;13.52;91408.72;64544.48;64530.96;
;ACC09;WEGE3;2;6551;652;651;19.08;124993.08;12440.16;12421.08;
;ACC04;BBAS3;1;1528;856;855;12.54;19161.12;10734.24;10721.70;
;ACC01;PETR4;2;9909;9781;9780;15.52;153787.68;151801.12;151785.60;
;ACC04;WEGE3;1;5057;4560;4559;10.30;52087.10;46968.00;46957.70;
;ACC06;BBAS3;2;5050;1222;1221;10.77;54388.50;13160.94;13150.17;
;ACC02;B3SA3;1;2207;822;821;17.20;37960.40;14138.40;14121.20;
;ACC01;ITUB4;2;6017;4020;4019;13.61;81891.37;54712.20;54698.59;
;ACC07;WEGE3;1;2684;753;752;13.17;35348.28;9917.01;9903.84;
;ACC01;MGLU3;1;9253;4303;4302;13.38;123805.14;57574.14;57560.76;
;ACC09;BBDC4;2;6227;5180;5179;17.69;110155.63;91634.20;91616.51;
;ACC01;ABEV3;2;4671;2051;2050;14.11;65907.81;28939.61;28925.50;
;ACC03;VALE3;1;5398;4519;4518;15.03;81131.94;67920.57;67905.54;
;ACC05;BBAS3;2;3059;1594;1593;14.15;43284.85;22555.10;22540.95;
;ACC10;ITUB4;1;3479;1478;1477;18.17;63213.43;26855.26;26837.09;
;ACC09;LREN3;1;7931;1290;1289;10.97;87003.07;14151.30;14140.33;
;ACC03;ABEV3;1;8810;6954;6953;17.56;154703.60;122112.24;122094.68;
;ACC03;PETR4;2;8994;7686;7685;13.58;122138.52;104375.88;104362.30;
;ACC01;ABEV3;2;4785;180;179;13.49;64549.65;2428.20;2414.71;
;ACC08;B3SA3;2;3185;348;347;17.55;55896.75;6107.40;6089.85;
;ACC04;MGLU3;2;1902;331;330;13.00;24726.00;4303.00;4290.00;
;ACC09;BBDC4;2;3956;2783;2782;19.82;78407.92;55159.06;55139.24;
;ACC04;LREN3;1;5907;5269;5268;15.14;89431.98;79772.66;79757.52;
;ACC10;LREN3;1;1877;435;434;13.33;25020.41;5798.55;5785.22;
;ACC03;LREN3;1;8948;204;203;10.57;94580.36;2156.28;2145.71;
;ACC01;MGLU3;2;7726;6155;6154;13.86;107082.36;85308.30;85294.44;
;ACC10;ABEV3;2;6138;4199;4198;14.30;87773.40;60045.70;60031.40;
;ACC09;ITUB4;2;2418;786;785;13.83;33440.94;10870.38;10856.55;
;ACC10;WEGE3;2;4153;20;19;12.46;51746.38;249.20;236.74;
;ACC08;BBDC4;1;3284;2743;2742;10.58;34744.72;29020.94;29010.36;
;ACC09;BBAS3;2;8907;8003;8002;17.01;151508.07;136131.03;136114.02;
;ACC08;MGLU3;1;5422;863;862;18.96;102801.12;16362.48;16343.52;
;ACC04;VALE3;2;8161;5300;5299;14.33;116947.13;75949.00;75934.67;
;ACC02;ITUB4;1;2866;1762;1761;10.57;30293.62;18624.34;18613.77;
;ACC05;PETR4;1;4416;2879;2878;16.36;72245.76;47100.44;47084.08;
;ACC07;B3SA3;2;6579;4704;4703;14.63;96250.77;68819.52;68804.89;
;ACC07;MGLU3;1;1160;423;422;15.48;17956.80;6548.04;6532.56;
;ACC03;BBDC4;1;4076;3360;3359;17.78;72471.28;59740.80;59723.02;
;ACC08;LREN3;1;8958;7322;7321;16.73;149867.34;122497.06;122480.33;
;ACC08;MGLU3;1;5863;2988;2987;12.70;74460.10;37947.60;37934.90;
;ACC10;ABEV3;1;4626;2148;2147;13.47;62312.22;28933.56;28920.09;
;ACC09;WEGE3;2;8622;5170;5169;18.02;155368.44;93163.40;93145.38;
;ACC01;PETR4;1;1553;1044;1043;15.16;23543.48;15827.04;15811.88;
;ACC05;B3SA3;1;1260;794;793;14.24;17942.40;11306.56;11292.32;
;ACC05;BBDC4;2;7195;1477;1476;18.40;132388.00;27176.80;27158.40;
;ACC08;WEGE3;2;8924;5197;5196;13.25;118243.00;68860.25;68847.00;
;ACC02;BBDC4;2;9909;8283;8282;14.78;146455.02;122422.74;122407.96;
;ACC09;PETR4;1;5703;950;949;11.11;63360.33;10554.50;10543.39;
;ACC10;B3SA3;2;8343;6244;6243;11.76;98113.68;73429.44;73417.68;
;ACC08;LREN3;1;9289;2295;2294;16.70;155126.30;38326.50;38309.80;
;ACC01;ITUB4;2;5821;918;917;15.23;88653.83;13981.14;13965.91;
;ACC09;BBDC4;1;1956;1314;1313;10.89;21300.84;14309.46;14298.57;
;ACC06;B3SA3;2;6786;553;552;14.76;100161.36;8162.28;8147.52;
;ACC07;ABEV3;2;2259;287;286;13.83;31241.97;3969.21;3955.38;
;ACC09;MGLU3;1;8135;6645;6644;15.29;124384.15;101602.05;101586.76;
;ACC02;VALE3;2;3807;2477;2476;10.08;38374.56;24968.16;24958.08;
;ACC05;BBAS3;2;4519;3021;3020;11.35;51290.65;34288.35;34277.00;
;ACC10;MGLU3;1;3868;1312;1311;14.07;54422.76;18459.84;18445.77;
;ACC04;BBDC4;1;5733;3023;3022;12.44;71318.52;37606.12;37593.68;
;ACC04;BBAS3;1;9684;426;425;10.66;103231.44;4541.16;4530.50;
;ACC03;ABEV3;2;1620;1300;1299;10.72;17366.40;13936.00;13925.28;
;ACC08;LREN3;1;1194;267;266;18.39;21957.66;4910.13;4891.74;
;ACC08;ABEV3;1;4965;1266;1265;14.60;72489.00;18483.60;18469.00;
;ACC01;LREN3;2;1703;372;371;14.96;25476.88;5565.12;5550.16;
;ACC06;MGLU3;1;4051;202;201;14.43;58455.93;2914.86;2900.43;
;ACC10;B3SA3;2;4887;4589;4588;17.75;86744.25;81454.75;81437.00;
;ACC04;BBAS3;1;5633;2664;2663;18.85;106182.05;50216.40;50197.55;
;ACC01;B3SA3;2;4436;1238;1237;13.84;61394.24;17133.92;17120.08;
;ACC07;LREN3;2;4234;2474;2473;13.04;55211.36;32260.96;32247.92;
;ACC09;LREN3;2;4976;2059;2058;17.28;85985.28;35579.52;35562.24;
;ACC10;ABEV3;2;5071;2488;2487;12.31;62424.01;30627.28;30614.97;
;ACC09;ABEV3;2;3798;3234;3233;13.19;50095.62;42656.46;42643.27;
;ACC09;MGLU3;2;4787;2770;2769;17.41;83341.67;48225.70;48208.29;
;ACC09;LREN3;2;9433;6499;6498;11.34;106970.22;73698.66;73687.32;
;ACC06;ABEV3;1;9129;3663;3662;20.00;182580.00;73260.00;73240.00;
;ACC02;BBAS3;2;1915;1363;1362;13.80;26427.00;18809.40;18795.60;
;ACC05;VALE3;1;1275;988;987;19.47;24824.25;19236.36;19216.89;
;ACC02;B3SA3;2;1358;790;789;14.38;19528.04;11360.20;11345.82;
;ACC03;LREN3;2;6660;457;456;14.84;98834.40;6781.88;6767.04;
;ACC03;VALE3;2;4621;720;719;19.44;89832.24;13996.80;13977.36;
;ACC07;VALE3;1;9182;2923;2922;17.64;161970.48;51561.72;51544.08;
;ACC06;MGLU3;2;6451;3855;3854;12.63;81476.13;48688.65;48676.02;
;ACC05;ABEV3;2;3860;2521;2520;14.71;56780.60;37083.91;37069.20;
;ACC06;PETR4;2;5706;4305;4304;18.39;104933.34;79168.95;79150.56;
;ACC02;MGLU3;2;1720;1219;1218;11.75;20210.00;14323.25;14311.50;
;ACC09;BBAS3;1;8172;6543;6542;11.59;94713.48;75833.37;75821.78;
;ACC10;PETR4;1;3045;2729;2728;11.52;35078.40;31438.08;31426.56;
;ACC05;B3SA3;2;3860;1647;1646;13.20;50952.00;21740.40;21727.20;
;ACC01;LREN3;2;3037;2446;2445;12.59;38235.83;30795.14;30782.55;
;ACC05;BBAS3;1;9709;6221;6220;14.37;139518.33;89395.77;89381.40;
;ACC10;BBAS3;2;4755;1850;1849;17.44;82927.20;32264.00;32246.56;
;ACC10;LREN3;1;1000;368;367;13.80;13800.00;5078.40;5064.60;
;ACC02;MGLU3;1;9665;2138;2137;10.99;106218.35;23496.62;23485.63;
;ACC04;B3SA3;2;8225;6745;6744;15.82;130119.50;106705.90;106690.08;
;ACC10;LREN3;1;7769;689;688;13.14;102084.66;9053.46;9040.32;
;ACC02;LREN3;1;2074;1133;1132;18.95;39302.30;21470.35;21451.40;
;ACC07;VALE3;2;1735;1352;1351;11.51;19969.85;15561.52;15550.01;
;ACC05;ITUB4;2;7918;7361;7360;17.51;138644.18;128891.11;128873.60;
;ACC07;B3SA3;1;9677;9413;9412;13.08;126575.16;123122.04;123108.96;
;ACC07;MGLU3;2;6294;761;760;10.96;68982.24;8340.56;8329.60;
;ACC10;MGLU3;2;2661;2354;2353;15.65;41644.65;36840.10;36824.45;
;ACC02;WEGE3;1;5702;4726;4725;18.50;105487.00;87431.00;87412.50;
;ACC10;ITUB4;2;2185;1731;1730;12.99;28383.15;22485.69;22472.70;
;ACC01;ABEV3;1;9912;7741;7740;18.77;186048.24;145298.57;145279.80;
;ACC01;WEGE3;2;4637;3552;3551;19.66;91163.42;69832.32;69812.66;
;ACC03;WEGE3;1;7766;518;517;16.96;131711.36;8785.28;8768.32;
;ACC05;BBDC4;2;7747;663;662;14.24;110317.28;9441.12;9426.88;
;ACC03;BBDC4;2;6772;6764;6763;14.36;97245.92;97131.04;97116.68;
;ACC07;ITUB4;2;7741;4498;4497;11.95;92504.95;53751.10;53739.15;
;ACC01;LREN3;1;3939;1939;1938;17.58;69247.62;34087.62;34070.04;
;ACC05;VALE3;2;4517;2921;2920;10.47;47292.99;30582.87;30572.40;
;ACC03;ITUB4;1;7293;2183;2182;17.44;127189.92;38071.52;38054.08;
;ACC10;VALE3;1;7959;2201;2200;14.98;119225.82;32970.98;32956.00;
;ACC07;WEGE3;2;9975;6450;6449;19.84;197904.00;127968.00;127948.16;
;ACC07;ITUB4;1;3276;822;821;11.11;36396.36;9132.42;9121.31;
;ACC05;BBAS3;1;4937;2440;2439;13.50;66649.50;32940.00;32926.50;
;ACC09;ABEV3;1;3520;3137;3136;16.84;59276.80;52827.08;52810.24;
;ACC04;B3SA3;1;8887;6435;6434;12.04;106999.48;77477.40;77465.36;
;ACC07;ABEV3;1;1557;654;653;17.13;26671.41;11203.02;11185.89;
;ACC07;BBAS3;2;4507;2101;2100;10.13;45655.91;21283.13;21273.00;
;ACC06;BBAS3;1;4692;2004;2003;17.28;81077.76;34629.12;34611.84;
;ACC02;ABEV3;1;4151;493;492;16.22;67329.22;7996.46;7980.24;
;ACC01;ITUB4;1;4506;4088;4087;13.73;61867.38;56128.24;56114.51;
;ACC04;PETR4;2;8526;2110;2109;16.72;142554.72;35279.20;35262.48;
;ACC03;WEGE3;1;8399;1553;1552;13.41;112630.59;20825.73;20812.32;
;ACC04;MGLU3;1;8475;1565;1564;18.87;159923.25;29531.55;29512.68;
;ACC09;BBDC4;1;6608;1692;1691;15.22;100573.76;25752.24;25737.02;
;ACC10;VALE3;1;9863;476;475;12.45;122794.35;5926.20;5913.75;
;ACC05;B3SA3;2;3845;1229;1228;19.92;76592.40;24481.68;24461.76;
;ACC09;MGLU3;2;8910;1564;1563;12.42;110662.20;19424.88;19412.46;
;ACC07;BBDC4;1;8362;776;775;16.85;140899.70;13075.60;13058.75;
;ACC09;PETR4;2;2258;1129;1128;17.59;39718.22;19859.11;19841.52;
;ACC04;BBDC4;2;4898;4122;4121;18.86;92376.28;77740.92;77722.06;
;ACC09;BBDC4;1;3598;3518;3517;12.61;45370.78;44361.98;44349.37;
;ACC02;VALE3;2;3358;1230;1229;18.81;63163.98;23136.30;23117.49;
;ACC04;VALE3;2;3972;539;538;13.14;52192.08;7082.46;7069.32;
;ACC02;MGLU3;2;8650;2533;2532;14.03;121359.50;35537.99;35523.96;
;ACC01;ABEV3;2;2670;2347;2346;16.67;44508.90;39124.49;39107.82;
;ACC03;BBAS3;1;6135;5932;5931;17.21;105583.35;102089.72;102072.51;
;ACC01;ABEV3;1;8279;1247;1246;13.79;114167.41;17196.13;17182.34;
;ACC01;ITUB4;2;2976;2321;2320;14.90;44342.40;34582.90;34568.00;
;ACC02;LREN3;1;5489;4276;4275;17.31;95014.59;74017.56;74000.25;
;ACC02;MGLU3;2;3832;811;810;17.26;66140.32;13997.86;13980.60;
;ACC09;MGLU3;2;6920;5957;5956;19.17;132656.40;114195.69;114176.52;
;ACC10;BBDC4;1;8274;4188;4187;15.16;125433.84;63490.08;63474.92;
;ACC07;MGLU3;2;9292;2614;2613;17.47;162331.24;45666.58;45649.11;
;ACC01;B3SA3;1;2647;2040;2039;13.36;35363.92;27254.40;27241.04;
;ACC04;B3SA3;1;8674;1294;1293;18.48;160295.52;23913.12;23894.64;
;ACC05;B3SA3;1;2490;1871;1870;10.74;26742.60;20094.54;20083.80;
;ACC08;BBDC4;1;4756;2846;2845;11.05;52553.80;31448.30;31437.25;
;ACC04;B3SA3;1;3366;3107;3106;11.38;38305.08;35357.66;35346.28;
;ACC08;ITUB4;1;9667;6782;6781;13.36;129151.12;90607.52;90594.16;
;ACC08;PETR4;1;8446;1573;1572;12.51;105659.46;19678.23;19665.72;
;ACC05;B3SA3;2;5595;391;390;14.26;79784.70;5575.66;5561.40;
;ACC01;ITUB4;2;6051;567;566;17.98;108796.98;10194.66;10176.68;
;ACC03;PETR4;1;4854;2804;2803;14.18;68829.72;39760.72;39746.54;
;ACC08;VALE3;2;9392;9228;9227;18.48;173564.16;170533.44;170514.96;
;ACC05;VALE3;1;8462;4344;4343;12.96;109667.52;56298.24;56285.28;
;ACC07;ITUB4;1;4160;1637;1636;11.95;49712.00;19562.15;19550.20;
;ACC01;WEGE3;2;4702;2591;2590;14.53;68320.06;37647.23;37632.70;
;ACC07;BBAS3;1;1453;583;582;10.58;15372.74;6168.14;6157.56;
;ACC06;PETR4;2;8577;7718;7717;10.71;91859.67;82659.78;82649.07;
;ACC10;B3SA3;2;9938;1885;1884;12.71;126311.98;23958.35;23945.64;
;ACC03;PETR4;1;7833;1446;1445;19.15;150001.95;27690.90;27671.75;
;ACC03;MGLU3;1;5065;1897;1896;11.07;56069.55;20999.79;20988.72;
;ACC04;PETR4;2;7584;3457;3456;12.69;96240.96;43869.33;43856.64;
;ACC10;ABEV3;1;7837;5004;5003;10.79;84561.23;53993.16;53982.37;
;ACC02;LREN3;1;9017;4465;4464;10.10;91071.70;45096.50;45086.40;
;ACC03;B3SA3;2;2592;310;309;13.40;34732.80;4154.00;4140.60;
;ACC01;PETR4;2;1455;532;531;10.46;15219.30;5564.72;5554.26;
;ACC06;PETR4;2;4309;2150;2149;15.43;66487.87;33174.50;33159.07;
;ACC06;ITUB4;2;1787;347;346;16.26;29056.62;5642.22;5625.96;
;ACC01;BBAS3;2;9646;6427;6426;12.76;123082.96;82008.52;81995.76;
;ACC05;MGLU3;2;6138;5879;5878;12.44;76356.72;73134.76;73122.32;
;ACC01;ABEV3;2;7230;6114;6113;14.29;103316.70;87369.06;87354.77;
;ACC08;LREN3;2;1588;630;629;11.23;17833.24;7074.90;7063.67;
;ACC07;VALE3;2;5879;1531;1530;11.17;65668.43;17101.27;17090.10;
;ACC08;BBDC4;2;6604;435;434;15.37;101503.48;6685.95;6670.58;
;ACC04;ITUB4;2;6395;5892;5891;10.11;64653.45;59568.12;59558.01;
;ACC05;BBDC4;1;5814;4543;4542;14.39;83663.46;65373.77;65359.38;
;ACC06;B3SA3;2;2126;1804;1803;12.04;25597.04;21720.16;21708.12;
;ACC02;ABEV3;2;6643;2740;2739;11.43;75929.49;31318.20;31306.77;
;ACC09;ABEV3;2;3298;2212;2211;19.56;64508.88;43266.72;43247.16;
;ACC10;ITUB4;1;5118;734;733;10.46;53534.28;7677.64;7667.18;
;ACC04;B3SA3;2;4081;3207;3206;19.49;79538.69;62504.43;62484.94;
;ACC06;VALE3;1;7881;3669;3668;16.29;128381.49;59768.01;59751.72;
;ACC01;MGLU3;2;7566;2933;2932;19.09;144434.94;55990.97;55971.88;
;ACC03;BBDC4;2;8360;1328;1327;12.26;102493.60;16281.28;16269.02;
;ACC05;PETR4;1;9611;764;763;17.05;163867.55;13026.20;13009.15;
;ACC09;BBDC4;2;6428;4416;4415;12.93;83114.04;57098.88;57085.95;
;ACC05;WEGE3;1;2202;444;443;12.90;28405.80;5727.60;5714.70;
;ACC02;B3SA3;2;2343;1301;1300;11.82;27694.26;15377.82;15366.00;
;ACC05;VALE3;1;5311;663;662;11.05;58686.55;7326.15;7315.10;
;ACC06;ABEV3;2;7686;3349;3348;16.30;125281.80;54588.70;54572.40;
;ACC03;VALE3;1;3619;3562;3561;17.93;64888.67;63866.66;63848.73;
;ACC05;PETR4;1;8865;2804;2803;14.84;131556.60;41611.36;41596.52;
;ACC03;BBDC4;1;3594;2655;2654;13.54;48662.76;35948.70;35935.16;
;ACC08;MGLU3;2;2676;564;563;13.76;36821.76;7760.64;7746.88;
;ACC05;VALE3;2;9990;368;367;10.94;109290.60;4025.92;4014.98;
;ACC09;VALE3;2;2417;205;204;13.45;32508.65;2757.25;2743.80;
;ACC01;BBAS3;2;3824;320;319;19.79;75676.96;6332.80;6313.01;
;ACC05;WEGE3;1;5402;2511;2510;16.44;88808.88;41280.84;41264.40;
;ACC03;LREN3;1;1517;149;148;12.69;19250.73;1890.81;1878.12;
;ACC09;LREN3;1;9906;7607;7606;12.25;121348.50;93185.75;93173.50;
;ACC05;WEGE3;2;8286;3927;3926;15.32;126941.52;60161.64;60146.32;
;ACC07;BBAS3;2;2500;2279;2278;16.28;40700.00;37102.12;37085.84;
;ACC09;ITUB4;1;3197;976;975;14.14;45205.58;13800.64;13786.50;
;ACC08;PETR4;2;5922;4616;4615;12.76;75564.72;58900.16;58887.40;
;ACC02;WEGE3;1;5086;3029;3028;17.60;89513.60;53310.40;53292.80;
;ACC08;BBAS3;1;5750;4615;4614;14.01;80557.50;64656.15;64642.14;
;ACC10;PETR4;1;1498;991;990;19.76;29600.48;19582.16;19562.40;
;ACC08;PETR4;1;2715;1378;1377;11.08;30082.20;15268.24;15257.16;
;ACC08;PETR4;2;6413;5668;5667;17.19;110239.47;97432.92;97415.73;
;ACC10;LREN3;1;1516;108;107;12.89;19541.24;1392.12;1379.23;
;ACC10;PETR4;1;7712;1172;1171;12.90;99484.80;15118.80;15105.90;
;ACC04;BBAS3;1;7730;7221;7220;14.01;108297.30;101166.21;101152.20;
;ACC01;ITUB4;2;4502;1935;1934;13.54;60957.08;26199.90;26186.36;
;ACC05;ABEV3;1;4641;2997;2996;13.29;61678.89;39830.13;39816.84;
;ACC08;LREN3;1;1691;314;313;18.21;30793.11;5717.94;5699.73;
;ACC01;LREN3;2;4852;3085;3084;18.32;88888.64;56517.20;56498.88;
;ACC08;ITUB4;1;4127;3202;3201;10.35;42714.45;33140.70;33130.35;
;ACC07;LREN3;1;7683;5532;5531;13.05;100263.15;72192.60;72179.55;
;ACC04;VALE3;1;3198;2578;2577;16.13;51583.74;41583.14;41567.01;
;ACC01;MGLU3;2;8603;8386;8385;18.48;158983.44;154973.28;154954.80;
;ACC09;ABEV3;2;7203;4491;4490;15.48;111502.44;69520.68;69505.20;
;ACC05;ABEV3;1;2301;249;248;18.77;43189.77;4673.73;4654.96;
;ACC10;MGLU3;1;6703;5559;5558;14.52;97327.56;80716.68;80702.16;
;ACC04;ABEV3;2;6548;2408;2407;17.67;115703.16;42549.36;42531.69;
;ACC06;B3SA3;2;1933;447;446;10.40;20103.20;4648.80;4638.40;
;ACC05;B3SA3;2;9818;379;378;12.76;125277.68;4836.04;4823.28;
;ACC05;ABEV3;1;6729;1084;1083;12.26;82497.54;13289.84;13277.58;
;ACC10;VALE3;2;8514;6622;6621;17.08;145419.12;113103.76;113086.68;
;ACC06;PETR4;1;8355;4597;4596;14.32;119643.60;65829.04;65814.72;
;ACC05;BBDC4;2;3407;886;885;10.95;37306.65;9701.70;9690.75;
;ACC09;VALE3;1;9999;4021;4020;19.98;199780.02;80339.58;80319.60;
;ACC07;VALE3;1;8907;8685;8684;18.52;164957.64;160846.20;160827.68;
;ACC07;PETR4;1;5063;4569;4568;17.74;89817.62;81054.06;81036.32;
;ACC02;VALE3;2;6201;5348;5347;16.57;102750.57;88616.36;88599.79;
;ACC08;LREN3;1;5790;4522;4521;12.85;74401.50;58107.70;58094.85;
;ACC06;VALE3;2;7138;1204;1203;15.46;110353.48;18613.84;18598.38;
;ACC01;B3SA3;2;4471;2693;2692;10.68;47750.28;28761.24;28750.56;
;ACC10;ABEV3;2;6394;4470;4469;14.59;93288.46;65217.30;65202.71;
;ACC06;B3SA3;1;7779;1132;1131;10.45;81290.55;11829.40;11818.95;
;ACC05;BBDC4;2;7314;3249;3248;17.22;125947.08;55947.78;55930.56;
;ACC01;LREN3;1;5525;5262;5261;10.48;57902.00;55145.76;55135.28;
;ACC03;LREN3;1;5911;2627;2626;12.09;71463.99;31760.43;31748.34;
;ACC03;BBDC4;1;6448;409;408;18.66;120319.68;7631.94;7613.28;
;ACC07;B3SA3;1;9881;3012;3011;11.66;115212.46;35119.92;35108.26;
;ACC05;BBAS3;1;7086;4129;4128;14.08;99770.88;58136.32;58122.24;
;ACC02;ABEV3;1;9948;3882;3881;19.40;192991.20;75310.80;75291.40;
;ACC08;BBAS3;2;7826;3461;3460;18.70;146346.20;64720.70;64702.00;
;ACC10;B3SA3;2;4217;3290;3289;11.03;46513.51;36288.70;36277.67;
;ACC03;LREN3;1;4118;644;643;19.97;82236.46;12860.68;12840.71;
;ACC09;MGLU3;1;7669;6174;6173;17.01;130449.69;105019.74;105002.73;
;ACC02;PETR4;1;8709;7052;7051;18.18;158329.62;128205.36;128187.18;
;ACC06;MGLU3;1;2952;484;483;16.24;47940.48;7860.16;7843.92;
;ACC08;BBAS3;1;5353;1525;1524;14.64;78367.92;22326.00;22311.36;
;ACC06;ITUB4;1;7597;4135;4134;13.37;101571.89;55284.95;55271.58;
;ACC07;WEGE3;2;8453;5784;5783;19.23;162551.19;111226.32;111207.09;
;ACC06;ITUB4;1;5768;1645;1644;14.45;83347.60;23770.25;23755.80;
;ACC03;BBAS3;2;6251;4891;4890;18.64;116518.64;91168.24;91149.60;
;ACC08;PETR4;2;3290;2847;2846;18.53;60963.70;52754.91;52736.38;
;ACC07;WEGE3;2;9677;6217;6216;18.72;181153.44;116382.24;116363.52;
;ACC02;WEGE3;1;2278;1844;1843;14.90;33942.20;27475.60;27460.70;
;ACC01;MGLU3;1;3543;498;497;17.23;61045.89;8580.54;8563.31;
;ACC09;BBAS3;2;5335;123;122;18.47;98537.45;2271.81;2253.34;
;ACC10;ITUB4;2;2579;2508;2507;15.55;40103.45;38999.40;38983.85;
;ACC10;PETR4;2;3910;1690;1689;18.14;70927.40;30656.60;30638.46;
;ACC09;ITUB4;2;3723;1515;1514;10.51;39128.73;15922.65;15912.14;
;ACC07;ABEV3;2;7351;3347;3346;15.44;113499.44;51677.68;51662.24;
;ACC10;VALE3;2;6986;5422;5421;19.97;139510.42;108277.34;108257.37;
;ACC06;WEGE3;2;2636;1755;1754;13.57;35770.52;23815.35;23801.78;
;ACC08;ABEV3;2;3761;2162;2161;18.23;68563.03;39413.26;39395.03;
;ACC03;LREN3;1;7727;7213;7212;18.93;146272.11;136542.09;136523.16;
;ACC08;PETR4;1;3261;1180;1179;10.03;32707.83;11835.40;11825.37;
;ACC10;B3SA3;2;6364;1494;1493;10.26;65294.64;15328.44;15318.18;
;ACC05;WEGE3;2;5479;2425;2424;14.10;77253.90;34192.50;34178.40;
;ACC09;ABEV3;1;9820;2364;2363;12.60;123732.00;29786.40;29773.80;
;ACC06;LREN3;2;7769;1585;1584;10.05;78078.45;15929.25;15919.20;
;ACC03;VALE3;2;2746;1658;1657;16.11;44238.06;26710.38;26694.27;
;ACC05;LREN3;2;2679;1309;1308;14.67;39300.93;19203.03;19188.36;
;ACC03;WEGE3;2;5368;162;161;11.96;64201.28;1937.52;1925.56;
;ACC06;ITUB4;1;6483;6253;6252;16.20;105024.60;101298.60;101282.40;
;ACC08;MGLU3;1;2833;1041;1040;10.36;29349.88;10784.76;10774.40;
;ACC04;BBAS3;2;8807;207;206;17.85;157204.95;3694.95;3677.10;
;ACC04;ABEV3;1;2544;1679;1678;17.91;45563.04;30070.89;30052.98;
;ACC07;LREN3;2;1389;523;522;14.10;19584.90;7374.30;7360.20;
;ACC03;BBAS3;1;7335;5111;5110;14.37;105403.95;73445.07;73430.70;
;ACC06;B3SA3;1;4961;3211;3210;15.91;78929.51;51087.01;51071.10;
;ACC10;BBAS3;1;4400;3910;3909;11.05;48620.00;43205.50;43194.45;
;ACC01;ABEV3;2;8212;7376;7375;13.55;111272.60;99944.80;99931.25;
;ACC08;MGLU3;1;5054;561;560;15.77;79701.58;8846.97;8831.20;
;ACC01;B3SA3;2;9970;748;747;18.11;180556.70;13546.28;13528.17;
;ACC01;MGLU3;2;4412;2144;2143;11.86;52326.32;25427.84;25415.98;
;ACC09;VALE3;2;1764;1226;1225;15.31;27006.84;18770.06;18754.75;
;ACC01;B3SA3;1;3004;1480;1479;10.88;32683.52;16102.40;16091.52;
;ACC03;VALE3;1;7286;772;771;17.87;130200.82;13795.64;13777.77;
;ACC05;ITUB4;2;8664;7934;7933;11.67;101108.88;92589.78;92578.11;
;ACC09;B3SA3;1;3721;872;871;14.89;55405.69;12984.08;12969.19;
;ACC04;ITUB4;2;5051;1035;1034;10.47;52883.97;10836.45;10825.98;
;ACC09;BBAS3;2;9289;6132;6131;19.54;181507.06;119819.28;119799.74;
;ACC08;PETR4;2;2072;1001;1000;19.48;40362.56;19499.48;19480.00;
;ACC03;VALE3;1;6327;25;24;18.53;117239.31;463.25;444.72;
;ACC06;ABEV3;1;7408;6171;6170;13.89;102897.12;85715.19;85701.30;
;ACC02;ITUB4;1;5950;3359;3358;19.70;117215.00;66172.30;66152.60;
;ACC01;MGLU3;1;3175;2546;2545;19.56;62103.00;49799.76;49780.20;
;ACC10;ABEV3;2;1466;110;109;16.12;23631.92;1773.20;1757.08;
;ACC02;LREN3;1;5135;57;56;16.44;84419.40;937.08;920.64;
;ACC07;VALE3;1;3779;170;169;18.06;68248.74;3070.20;3052.14;
;ACC05;WEGE3;2;7395;6689;6688;14.90;110185.50;99666.10;99651.20;
;ACC03;BBAS3;1;8181;6805;6804;16.29;133268.49;110853.45;110837.16;
;ACC07;VALE3;2;9652;3359;3358;15.09;145648.68;50687.31;50672.22;
;ACC08;BBDC4;2;5251;2910;2909;12.94;67947.94;37655.40;37642.46;
;ACC02;WEGE3;1;7206;5946;5945;11.47;82652.82;68200.62;68189.15;
;ACC03;MGLU3;1;2286;1092;1091;18.54;42382.44;20245.68;20227.14;
;ACC01;BBDC4;2;4747;4014;4013;17.57;83404.79;70525.98;70508.41;
;ACC01;PETR4;2;1225;387;386;16.29;19955.25;6304.23;6287.94;
;ACC02;WEGE3;1;9837;6988;6987;18.31;180115.47;127950.28;127931.97;
;ACC09;LREN3;2;6935;4296;4295;17.39;120599.65;74707.44;74690.05;
;ACC02;BBAS3;2;3056;1294;1293;19.69;60172.64;25478.86;25459.17;
;ACC08;BBAS3;2;6019;173;172;13.29;79992.51;2299.17;2285.88;
;ACC07;VALE3;1;1645;494;493;18.41;30284.45;9094.54;9076.13;
;ACC02;BBAS3;2;1646;788;787;13.71;22566.66;10803.48;10789.77;
;ACC06;MGLU3;1;7687;6954;6953;16.05;123376.35;111611.70;111595.65;
;ACC06;VALE3;2;5939;3547;3546;11.51;68357.89;40825.97;40814.46;
;ACC03;ABEV3;2;2136;1170;1169;15.46;33022.56;18088.20;18072.74;
;ACC01;PETR4;1;6573;4846;4845;17.97;118116.81;87082.62;87064.65;
;ACC06;PETR4;2;4963;3516;3515;19.03;94445.89;66909.48;66890.45;
;ACC10;ITUB4;1;2886;1178;1177;14.69;42395.34;17304.82;17290.13;
;ACC07;ABEV3;2;1139;812;811;11.38;12961.82;9240.56;9229.18;
;ACC10;WEGE3;1;1121;419;418;10.72;12017.12;4491.68;4480.96;
;ACC05;VALE3;2;3666;2467;2466;11.18;40985.88;27581.06;27569.88;
;ACC05;LREN3;2;2656;1111;1110;16.04;42602.24;17820.44;17804.40;
;ACC02;BBDC4;2;9970;4883;4882;19.69;196309.30;96146.27;96126.58;
;ACC01;ITUB4;1;1926;903;902;15.04;28967.04;13581.12;13566.08;
;ACC02;WEGE3;1;7982;911;910;15.76;125796.32;14357.36;14341.60;
;ACC03;MGLU3;2;9885;4737;4736;16.11;159247.35;76313.07;76296.96;
;ACC08;WEGE3;2;3689;3510;3509;19.68;72599.52;69076.80;69057.12;
;ACC09;ITUB4;2;2168;1729;1728;16.05;34796.40;27750.45;27734.40;
;ACC03;ITUB4;2;4125;3288;3287;10.82;44632.50;35576.16;35565.34;
;ACC06;VALE3;1;2121;1717;1716;10.26;21761.46;17616.42;17606.16;
;ACC02;B3SA3;2;9652;8532;8531;16.42;158485.84;140095.44;140079.02;
;ACC05;BBDC4;1;1963;1659;1658;12.57;24674.91;20853.63;20841.06;
;ACC04;PETR4;2;7729;3068;3067;11.41;88187.89;35005.88;34994.47;
;ACC08;B3SA3;2;4240;2053;2052;10.67;45240.80;21905.51;21894.84;
;ACC07;MGLU3;2;1910;426;425;11.60;22156.00;4941.60;4930.00;
;ACC01;BBDC4;1;5971;5047;5046;15.81;94401.51;79793.07;79777.26;
;ACC05;VALE3;1;7903;6087;6086;15.24;120441.72;92765.88;92750.64;
;ACC05;ITUB4;2;6454;6055;6054;17.98;116042.92;108868.90;108850.92;
;ACC08;WEGE3;1;2261;119;118;10.15;22949.15;1207.85;1197.70;
;ACC10;B3SA3;2;4084;2537;2536;10.08;41166.72;25572.96;25562.88;
;ACC08;WEGE3;2;9131;4365;4364;16.56;151209.36;72284.40;72267.84;
;ACC08;WEGE3;1;3847;2210;2209;17.38;66860.86;38409.80;38392.42;
;ACC03;BBAS3;2;3563;1408;1407;17.72;63136.36;24949.76;24932.04;
;ACC01;BBAS3;2;3497;1384;1383;10.65;37243.05;14739.60;14728.95;
;ACC10;ABEV3;1;7937;5510;5509;13.47;106911.39;74219.70;74206.23;
;ACC06;ABEV3;2;4966;2411;2410;14.41;71560.06;34742.51;34728.10;
;ACC04;ITUB4;1;4398;2124;2123;13.95;61352.10;29629.80;29615.85;
;ACC07;BBDC4;1;4696;1894;1893;13.64;64053.44;25834.16;25820.52;
;ACC06;ITUB4;1;4405;1582;1581;13.44;59203.20;21262.08;21248.64;
;ACC01;BBAS3;1;4185;1695;1694;15.27;63904.95;25882.65;25867.38;
;ACC03;PETR4;1;6824;1792;1791;16.61;113346.64;29765.12;29748.51;
;ACC02;B3SA3;1;1819;18;17;12.99;23628.81;233.82;220.83;
;ACC06;VALE3;2;1403;1193;1192;12.23;17158.69;14590.39;14578.16;
;ACC05;BBAS3;2;5706;825;824;16.63;94890.78;13719.75;13703.12;
;ACC09;ABEV3;2;2662;826;825;11.49;30586.38;9490.74;9479.25;
;ACC10;ABEV3;1;2111;1955;1954;19.50;41164.50;38122.50;38103.00;
;ACC02;B3SA3;1;5830;4696;4695;11.08;64596.40;52031.68;52020.60;
;ACC08;ITUB4;2;7622;3504;3503;10.14;77287.08;35530.56;35520.42;
;ACC06;MGLU3;1;1749;279;278;13.15;22999.35;3668.85;3655.70;
;ACC07;MGLU3;1;7289;4908;4907;16.90;123184.10;82945.20;82928.30;
;ACC02;WEGE3;1;5940;2773;2772;17.25;102465.00;47834.25;47817.00;
;ACC08;VALE3;2;9041;2950;2949;16.45;148724.45;48527.50;48511.05;
;ACC02;BBAS3;2;7415;498;497;11.50;85272.50;5727.00;5715.50;
;ACC02;VALE3;2;9227;5797;5796;10.09;93100.43;58491.73;58481.64;
;ACC04;WEGE3;2;6255;2877;2876;12.90;80689.50;37113.30;37100.40;
;ACC10;B3SA3;1;9560;2515;2514;13.73;131258.80;34530.95;34517.22;
;ACC08;WEGE3;2;6425;4922;4921;19.20;123360.00;94502.40;94483.20;
;ACC01;VALE3;2;4738;400;399;10.35;49038.30;4140.00;4129.65;
;ACC09;ABEV3;2;5213;134;133;17.21;89715.73;2306.14;2288.93;
;ACC04;WEGE3;1;9029;7204;7203;15.92;143741.68;114687.68;114671.76;
;ACC06;LREN3;1;2486;1192;1191;14.83;36867.38;17677.36;17662.53;
;ACC06;WEGE3;2;7722;3778;3777;12.65;97683.30;47791.70;47779.05;
;ACC05;BBDC4;2;2344;2098;2097;16.90;39613.60;35456.20;35439.30;
;ACC10;B3SA3;1;5500;254;253;15.39;84645.00;3909.06;3893.67;
;ACC04;VALE3;1;5444;3430;3429;16.94;92221.36;58104.20;58087.26;
;ACC02;PETR4;2;4183;1995;1994;10.08;42164.64;20109.60;20099.52;
;ACC10;MGLU3;1;2717;1515;1514;10.04;27278.68;15210.60;15200.56;
;ACC01;VALE3;2;7227;4055;4054;15.26;110284.02;61879.30;61864.04;
;ACC07;ITUB4;1;3174;268;267;13.90;44118.60;3725.20;3711.30;
;ACC07;PETR4;2;7325;4738;4737;10.26;75154.50;48611.88;48601.62;
;ACC03;B3SA3;2;2200;1335;1334;18.21;40062.00;24310.35;24292.14;
;ACC03;LREN3;2;7373;5639;5638;16.28;120032.44;91802.92;91786.64;
;ACC01;LREN3;1;1399;218;217;14.56;20369.44;3174.08;3159.52;
;ACC01;MGLU3;2;5735;5368;5367;18.90;108391.50;101455.20;101436.30;
;ACC02;MGLU3;2;6517;3567;3566;11.88;77421.96;42375.96;42364.08;
;ACC09;MGLU3;1;4542;957;956;13.25;60181.50;12680.25;12667.00;
;ACC06;ABEV3;2;2253;1466;1465;14.73;33186.69;21594.18;21579.45;
;ACC08;ITUB4;2;5835;644;643;15.39;89800.65;9911.16;9895.77;
;ACC02;B3SA3;1;6256;1854;1853;14.27;89273.12;26456.58;26442.31;
;ACC05;BBDC4;2;3481;2913;2912;16.06;55904.86;46782.78;46766.72;
;ACC01;VALE3;1;2066;670;669;14.51;29977.66;9721.70;9707.19;
;ACC03;ITUB4;2;1299;548;547;15.48;20108.52;8483.04;8467.56;
;ACC01;B3SA3;2;5765;2007;2006;18.39;106018.35;36908.73;36890.34;
;ACC05;VALE3;1;3916;1818;1817;10.24;40099.84;18616.32;18606.08;
;ACC10;B3SA3;1;4668;2411;2410;11.41;53261.88;27509.51;27498.10;
;ACC05;WEGE3;2;2861;230;229;16.00;45776.00;3680.00;3664.00;
;ACC05;MGLU3;2;4312;54;53;12.46;53727.52;672.84;660.38;
;ACC05;ITUB4;2;9241;2062;2061;12.11;111908.51;24970.82;24958.71;
;ACC03;BBDC4;1;3077;2350;2349;14.30;44001.10;33605.00;33590.70;
;ACC04;WEGE3;2;3547;3118;3117;16.70;59234.90;52070.60;52053.90;
;ACC10;MGLU3;2;4133;2961;2960;18.65;77080.45;55222.65;55204.00;
;ACC05;MGLU3;2;5885;4096;4095;13.52;79565.20;55377.92;55364.40;
;ACC08;ITUB4;1;6370;4124;4123;13.16;83829.20;54271.84;54258.68;
;ACC05;VALE3;2;9074;2656;2655;14.08;127761.92;37396.48;37382.40;
;ACC04;B3SA3;1;5135;1130;1129;10.17;52222.95;11492.10;11481.93;
;ACC10;LREN3;1;5420;2640;2639;11.15;60433.00;29436.00;29424.85;
;ACC02;BBAS3;2;6335;3601;3600;19.71;124862.85;70975.71;70956.00;
;ACC09;LREN3;1;8438;4948;4947;12.42;104799.96;61454.16;61441.74;
;ACC06;ABEV3;2;2692;1773;1772;11.57;31146.44;20513.61;20502.04;
;ACC09;BBDC4;1;3858;1687;1686;15.33;59143.14;25861.71;25846.38;
;ACC08;MGLU3;2;8368;5394;5393;13.78;115311.04;74329.32;74315.54;
;ACC07;WEGE3;2;7011;6053;6052;16.73;117294.03;101266.69;101249.96;
;ACC08;VALE3;1;4902;2235;2234;17.50;85785.00;39112.50;39095.00;
;ACC08;ITUB4;2;1587;171;170;13.51;21440.37;2310.21;2296.70;
;ACC05;BBAS3;1;2161;1003;1002;10.57;22841.77;10601.71;10591.14;
;ACC02;WEGE3;1;7781;5573;5572;12.86;100063.66;71668.78;71655.92;
;ACC05;MGLU3;2;8466;5582;5581;14.70;124450.20;82055.40;82040.70;
;ACC05;MGLU3;2;4547;4278;4277;13.24;60202.28;56640.72;56627.48;
;ACC07;BBDC4;2;6149;2265;2264;13.67;84056.83;30962.55;30948.88;
;ACC03;WEGE3;1;6912;3803;3802;19.70;136166.40;74919.10;74899.40;
;ACC09;VALE3;2;2508;816;815;12.34;30948.72;10069.44;10057.10;
;ACC02;LREN3;2;5582;4689;4688;19.75;110244.50;92607.75;92588.00;
;ACC09;WEGE3;1;2530;1730;1729;18.97;47994.10;32818.10;32799.13;
;ACC09;VALE3;2;1520;27;26;18.35;27892.00;495.45;477.10;
;ACC10;LREN3;2;8305;7019;7018;15.67;130139.35;109987.73;109972.06;
;ACC07;BBDC4;2;8960;5414;5413;13.10;117376.00;70923.40;70910.30;
;ACC02;BBDC4;2;6907;6395;6394;14.33;98977.31;91640.35;91626.02;
;ACC08;PETR4;1;9640;8760;8759;13.47;129850.80;117997.20;117983.73;
;ACC07;ABEV3;2;8779;1413;1412;18.01;158109.79;25448.13;25430.12;
;ACC03;ABEV3;1;2788;1710;1709;19.90;55481.20;34029.00;34009.10;
;ACC04;PETR4;2;4691;3148;3147;10.08;47285.28;31731.84;31721.76;
;ACC10;ITUB4;2;4470;1446;1445;11.66;52120.20;16860.36;16848.70;
;ACC10;BBAS3;1;5494;1317;1316;16.03;88068.82;21111.51;21095.48;
;ACC08;MGLU3;1;7416;508;507;14.53;107754.48;7381.24;7366.71;
;ACC09;ITUB4;2;4135;2695;2694;15.37;63554.95;41422.15;41406.78;
;ACC09;ITUB4;1;7460;6892;6891;11.85;88401.00;81670.20;81658.35;
;ACC01;ITUB4;1;1416;32;31;13.39;18960.24;428.48;415.09;
;ACC09;PETR4;2;6078;5017;5016;15.11;91838.58;75806.87;75791.76;
;ACC05;BBDC4;1;6932;516;515;15.32;106198.24;7905.12;7889.80;
;ACC07;MGLU3;1;4080;3927;3926;12.85;52428.00;50461.95;50449.10;
;ACC06;ABEV3;1;3164;1170;1169;17.64;55812.96;20638.80;20621.16;
;ACC02;ABEV3;2;6068;3366;3365;18.79;114017.72;63247.14;63228.35;
;ACC06;WEGE3;1;5980;2560;2559;13.99;83660.20;35814.40;35800.41;
;ACC05;MGLU3;1;3612;2960;2959;12.96;46811.52;38361.60;38348.64;
;ACC10;WEGE3;2;1982;543;542;15.53;30780.46;8432.79;8417.26;
;ACC03;WEGE3;2;5964;526;525;11.87;70792.68;6243.62;6231.75;
;ACC03;BBAS3;1;2372;744;743;18.18;43122.96;13525.92;13507.74;
;ACC10;LREN3;2;8453;6813;6812;16.55;139897.15;112755.15;112738.60;
;ACC03;LREN3;1;1721;741;740;11.55;19877.55;8558.55;8547.00;
;ACC03;VALE3;2;4979;3347;3346;19.27;95945.33;64496.69;64477.42;
;ACC07;BBAS3;1;4008;3198;3197;17.02;68216.16;54429.96;54412.94;
;ACC10;VALE3;2;9375;796;795;12.87;120656.25;10244.52;10231.65;
;ACC01;B3SA3;1;3315;1560;1559;14.82;49128.30;23119.20;23104.38;
;ACC05;BBDC4;1;8365;4805;4804;18.70;156425.50;89853.50;89834.80;
;ACC04;MGLU3;1;4260;2643;2642;12.44;52994.40;32878.92;32866.48;
;ACC03;BBAS3;2;1470;755;754;11.78;17316.60;8893.90;8882.12;
;ACC03;B3SA3;2;8726;5992;5991;19.35;168848.10;115945.20;115925.85;
;ACC06;WEGE3;2;1878;588;587;14.38;27005.64;8455.44;8441.06;
;ACC07;B3SA3;2;5788;1319;1318;15.38;89019.44;20286.22;20270.84;
;ACC05;ITUB4;2;6470;4759;4758;11.64;75310.80;55394.76;55383.12;
;ACC09;LREN3;2;4687;562;561;12.55;58821.85;7053.10;7040.55;
;ACC07;VALE3;1;1178;398;397;15.30;18023.40;6089.40;6074.10;
;ACC07;BBAS3;1;5883;3044;3043;12.92;76008.36;39328.48;39315.56;
;ACC08;B3SA3;1;9339;8299;8298;14.27;133267.53;118426.73;118412.46;
;ACC02;VALE3;1;1914;355;354;17.10;32729.40;6070.50;6053.40;
;ACC07;WEGE3;2;9413;9221;9220;13.06;122933.78;120426.26;120413.20;
;ACC05;LREN3;1;4727;1841;1840;11.11;52516.97;20453.51;20442.40;
;ACC07;WEGE3;2;6593;989;988;11.89;78390.77;11759.21;11747.32;
;ACC10;MGLU3;2;6459;4695;4694;11.11;71759.49;52161.45;52150.34;
;ACC03;BBAS3;2;1034;345;344;14.30;14786.20;4933.50;4919.20;
;ACC03;BBAS3;1;1634;125;124;18.74;30621.16;2342.50;2323.76;
;ACC10;BBDC4;2;5947;4108;4107;11.27;67022.69;46297.16;46285.89;
;ACC09;ABEV3;1;9486;2476;2475;11.66;110606.76;28870.16;28858.50;
;ACC02;LREN3;2;7023;4184;4183;12.66;88911.18;52969.44;52956.78;
;ACC07;WEGE3;2;5234;293;292;16.86;88245.24;4939.98;4923.12;
;ACC07;ITUB4;2;5343;3328;3327;19.82;105898.26;65960.96;65941.14;
;ACC05;BBAS3;1;1295;835;834;16.57;21458.15;13835.95;13819.38;
;ACC07;VALE3;2;5582;4874;4873;15.38;85851.16;74962.12;74946.74;
;ACC03;ITUB4;1;3561;643;642;19.10;68015.10;12281.30;12262.20;
;ACC05;B3SA3;2;8535;878;877;18.86;160970.10;16559.08;16540.22;
;ACC02;BBAS3;1;1658;55;54;19.57;32447.06;1076.35;1056.78;
;ACC10;VALE3;1;7429;1429;1428;19.39;144048.31;27708.31;27688.92;
;ACC02;PETR4;2;1028;504;503;17.89;18390.92;9016.56;8998.67;
;ACC10;LREN3;1;1529;1290;1289;18.86;28836.94;24329.40;24310.54;
;ACC07;PETR4;1;6403;3806;3805;13.79;88297.37;52484.74;52470.95;
;ACC01;LREN3;1;3718;3627;3626;12.02;44690.36;43596.54;43584.52;
;ACC06;WEGE3;2;7904;3148;3147;11.45;90500.80;36044.60;36033.15;
;ACC10;WEGE3;1;4223;250;249;11.80;49831.40;2950.00;2938.20;
;ACC10;WEGE3;2;1125;1098;1097;18.47;20778.75;20280.06;20261.59;
;ACC04;BBDC4;1;6918;402;401;11.27;77965.86;4530.54;4519.27;
;ACC05;LREN3;1;2423;689;688;16.59;40197.57;11430.51;11413.92;
;ACC06;PETR4;2;1382;852;851;15.65;21628.30;13333.80;13318.15;
;ACC08;B3SA3;1;3926;2940;2939;14.12;55435.12;41512.80;41498.68;
;ACC06;BBDC4;2;8857;2782;2781;10.66;94415.62;29656.12;29645.46;
;ACC04;LREN3;1;3710;2499;2498;12.35;45818.50;30862.65;30850.30;
;ACC08;LREN3;2;9154;3386;3385;15.79;144541.66;53464.94;53449.15;
;ACC03;ITUB4;1;7440;4941;4940;10.92;81244.80;53955.72;53944.80;
;ACC04;VALE3;2;8419;5676;5675;13.59;114414.21;77136.84;77123.25;
;ACC01;LREN3;1;7216;357;356;19.47;140495.52;6950.79;6931.32;
;ACC04;BBDC4;2;2927;106;105;18.65;54588.55;1976.90;1958.25;
;ACC03;ITUB4;1;3897;3566;3565;15.46;60247.62;55130.36;55114.90;
;ACC09;LREN3;2;6176;5130;5129;12.39;76520.64;63560.70;63548.31;
;ACC10;ABEV3;2;9251;100;99;10.64;98430.64;1064.00;1053.36;
;ACC03;B3SA3;2;4553;3459;3458;12.31;56047.43;42580.29;42567.98;
;ACC03;B3SA3;1;9003;3085;3084;10.82;97412.46;33379.70;33368.88;
;ACC01;MGLU3;1;7260;746;745;16.80;121968.00;12532.80;12516.00;
;ACC08;BBDC4;2;3098;1661;1660;16.63;51519.74;27622.43;27605.80;
;ACC01;VALE3;1;8668;4272;4271;19.21;166512.28;82065.12;82045.91;
;ACC01;LREN3;1;5267;1565;1564;14.91;78530.97;23334.15;23319.24;
;ACC02;PETR4;1;8115;4462;4461;17.15;139172.25;76523.30;76506.15;
;ACC07;B3SA3;1;7576;1777;1776;13.20;100003.20;23456.40;23443.20;
;ACC04;ITUB4;2;9099;2100;2099;15.94;145038.06;33474.00;33458.06;
;ACC07;PETR4;2;8557;4084;4083;12.25;104823.25;50029.00;50016.75;
;ACC04;ITUB4;1;3656;1580;1579;17.00;62152.00;26860.00;26843.00;
;ACC03;VALE3;1;7363;2336;2335;13.83;101830.29;32306.88;32293.05;
;ACC05;ITUB4;1;3596;2902;2901;15.09;54263.64;43791.18;43776.09;
;ACC03;BBDC4;1;6981;4786;4785;13.90;97035.90;66525.40;66511.50;
;ACC06;VALE3;1;2145;2144;2143;10.42;22350.90;22340.48;22330.06;
;ACC01;B3SA3;2;4637;1704;1703;13.27;61532.99;22612.08;22598.81;
;ACC08;WEGE3;1;5993;924;923;14.18;84980.74;13102.32;13088.14;
;ACC01;B3SA3;2;2359;1133;1132;10.88;25665.92;12327.04;12316.16;
;ACC04;BBAS3;1;3816;1158;1157;18.83;71855.28;21805.14;21786.31;
;ACC09;VALE3;2;6844;2466;2465;16.94;115937.36;41774.04;41757.10;
;ACC03;PETR4;2;7592;7352;7351;16.60;126027.20;122043.20;122026.60;
;ACC10;WEGE3;1;9774;3060;3059;15.80;154429.20;48348.00;48332.20;
;ACC04;VALE3;2;4691;2631;2630;12.38;58074.58;32571.78;32559.40;
;ACC03;ABEV3;2;4018;3552;3551;11.11;44639.98;39462.72;39451.61;
;ACC09;VALE3;2;2619;1774;1773;19.73;51672.87;35001.02;34981.29;
;ACC01;ABEV3;2;3552;2439;2438;17.85;63403.20;43536.15;43518.30;
;ACC01;B3SA3;2;8084;1464;1463;10.95;88519.80;16030.80;16019.85;
;ACC07;VALE3;1;8748;2361;2360;18.94;165687.12;44717.34;44698.40;
;ACC08;ITUB4;2;6311;4211;4210;15.06;95043.66;63417.66;63402.60;
;ACC04;VALE3;2;4480;1858;1857;16.09;72083.20;29895.22;29879.13;
;ACC05;B3SA3;1;1480;1016;1015;19.65;29082.00;19964.40;19944.75;
;ACC04;PETR4;2;6294;4410;4409;17.32;109012.08;76381.20;76363.88;
;ACC06;VALE3;2;5784;3482;3481;15.35;88784.40;53448.70;53433.35;
;ACC05;MGLU3;2;1753;589;588;16.11;28240.83;9488.79;9472.68;
;ACC10;LREN3;1;4627;342;341;13.97;64639.19;4777.74;4763.77;
;ACC03;BBAS3;2;9172;5007;5006;19.48;178670.56;97536.36;97516.88;
;ACC01;ABEV3;2;4114;2513;2512;13.96;57431.44;35081.48;35067.52;
;ACC04;PETR4;2;1352;481;480;14.93;20185.36;7181.33;7166.40;
;ACC09;BBDC4;1;9937;6839;6838;19.43;193075.91;132881.77;132862.34;
;ACC05;BBAS3;1;9178;5643;5642;18.55;170251.90;104677.65;104659.10;
;ACC02;WEGE3;2;7801;6507;6506;11.15;86981.15;72553.05;72541.90;
;ACC07;MGLU3;2;6010;4173;4172;19.31;116053.10;80580.63;80561.32;
;ACC08;B3SA3;1;3110;2234;2233;10.87;33805.70;24283.58;24272.71;
;ACC04;WEGE3;1;1059;151;150;16.80;17791.20;2536.80;2520.00;
;ACC01;B3SA3;2;6313;2751;2750;12.50;78912.50;34387.50;34375.00;
;ACC09;ITUB4;1;8849;5009;5008;12.32;109019.68;61710.88;61698.56;
;ACC07;ITUB4;2;1006;849;848;16.23;16327.38;13779.27;13763.04;
;ACC01;BBAS3;2;9517;5914;5913;15.79;150273.43;93382.06;93366.27;
;ACC02;BBAS3;2;7254;2102;2101;14.39;104385.06;30247.78;30233.39;
;ACC01;LREN3;2;7562;4279;4278;13.22;99969.64;56568.38;56555.16;
;ACC01;BBAS3;1;8796;1638;1637;19.97;175656.12;32710.86;32690.89;
;ACC01;MGLU3;1;1483;626;625;12.29;18226.07;7693.54;7681.25;
;ACC04;PETR4;1;3796;1272;1271;11.59;43995.64;14742.48;14730.89;
;ACC02;ITUB4;1;7369;6502;6501;15.73;115914.37;102276.46;102260.73;
;ACC02;PETR4;2;7070;4985;4984;11.02;77911.40;54934.70;54923.68;
;ACC04;WEGE3;1;3448;824;823;15.07;51961.36;12417.68;12402.61;
;ACC09;VALE3;1;1958;514;513;11.83;23163.14;6080.62;6068.79;
;ACC04;WEGE3;1;2162;270;269;19.54;42245.48;5275.80;5256.26;
;ACC02;ABEV3;2;3807;2236;2235;10.34;39364.38;23120.24;23109.90;
;ACC04;PETR4;2;7185;1150;1149;17.47;125521.95;20090.50;20073.03;
;ACC09;VALE3;1;5042;3809;3808;12.52;63125.84;47688.68;47676.16;
;ACC09;VALE3;2;5321;2834;2833;10.21;54327.41;28935.14;28924.93;
;ACC01;WEGE3;1;8306;3819;3818;12.97;107728.82;49532.43;49519.46;
;ACC03;MGLU3;2;6923;5569;5568;10.79;74699.17;60089.51;60078.72;
;ACC07;MGLU3;2;3906;1139;1138;14.52;56715.12;16538.28;16523.76;
;ACC05;PETR4;1;3121;1314;1313;12.32;38450.72;16188.48;16176.16;
;ACC08;B3SA3;2;6988;6331;6330;19.75;138013.00;125037.25;125017.50;
;ACC01;BBDC4;2;4392;2112;2111;13.51;59335.92;28533.12;28519.61;
;ACC09;VALE3;2;6459;3936;3935;17.94;115874.46;70611.84;70593.90;
;ACC07;ITUB4;2;8632;7366;7365;11.03;95210.96;81246.98;81235.95;
;ACC09;VALE3;1;3017;547;546;13.57;40940.69;7422.79;7409.22;
;ACC03;VALE3;1;7149;5522;5521;11.37;81284.13;62785.14;62773.77;
;ACC07;ITUB4;2;2585;103;102;15.10;39033.50;1555.30;1540.20;
;ACC10;LREN3;1;4865;1834;1833;16.84;81926.60;30884.56;30867.72;
;ACC08;BBAS3;2;5406;3681;3680;15.13;81792.78;55693.53;55678.40;
;ACC02;ITUB4;2;6414;4486;4485;13.19;84600.66;59170.34;59157.15;
;ACC02;ABEV3;2;2689;2537;2536;15.47;41598.83;39247.39;39231.92;
;ACC09;VALE3;2;2695;1229;1228;18.79;50639.05;23092.91;23074.12;
;ACC08;MGLU3;1;6221;4468;4467;13.39;83299.19;59826.52;59813.13;
;ACC10;PETR4;1;7479;6565;6564;17.59;131555.61;115478.35;115460.76;
;ACC02;VALE3;2;1620;677;676;17.68;28641.60;11969.36;11951.68;
;ACC08;B3SA3;1;7631;4898;4897;10.93;83406.83;53535.14;53524.21;
;ACC01;VALE3;1;3627;2478;2477;15.48;56145.96;38359.44;38343.96;
;ACC10;VALE3;2;7339;1698;1697;15.46;113460.94;26251.08;26235.62;
;ACC01;MGLU3;2;6169;2909;2908;13.73;84700.37;39940.57;39926.84;
;ACC09;MGLU3;1;4998;3029;3028;17.08;85365.84;51735.32;51718.24;
;ACC04;ABEV3;2;3507;1318;1317;11.24;39418.68;14814.32;14803.08;
;ACC07;LREN3;1;7432;3685;3684;13.31;98919.92;49047.35;49034.04;
;ACC01;ITUB4;2;6451;1101;1100;10.07;64961.57;11087.07;11077.00;
;ACC10;BBDC4;1;9614;6669;6668;18.95;182185.30;126377.55;126358.60;
;ACC09;WEGE3;2;7091;4861;4860;17.31;122745.21;84143.91;84126.60;
;ACC02;B3SA3;2;2169;1556;1555;12.40;26895.60;19294.40;19282.00;
;ACC09;VALE3;2;2398;485;484;10.94;26234.12;5305.90;5294.96;
;ACC01;LREN3;2;7892;6685;6684;12.57;99202.44;84030.45;84017.88;
;ACC08;PETR4;2;4694;3298;3297;15.83;74306.02;52207.34;52191.51;
;ACC07;ITUB4;2;8409;4870;4869;18.71;157332.39;91117.70;91098.99;
;ACC03;LREN3;1;1150;699;698;18.64;21436.00;13029.36;13010.72;
;ACC01;B3SA3;1;2540;2049;2048;18.06;45872.40;37004.94;36986.88;
;ACC07;LREN3;1;8927;5874;5873;12.62;112658.74;74129.88;74117.26;
;ACC06;BBAS3;2;6678;5711;5710;18.73;125078.94;106967.03;106948.30;
;ACC05;PETR4;2;2838;720;719;15.97;45322.86;11498.40;11482.43;
;ACC09;MGLU3;2;5810;847;846;17.66;102604.60;14958.02;14940.36;
;ACC06;B3SA3;2;5620;3862;3861;10.02;56312.40;38697.24;38687.22;
;ACC05;BBAS3;2;7482;6375;6374;16.06;120160.92;102382.50;102366.44;
;ACC06;MGLU3;1;7035;6776;6775;15.65;110097.75;106044.40;106028.75;
;ACC01;VALE3;2;7225;3926;3925;17.16;123981.00;67370.16;67353.00;
;ACC04;VALE3;2;6143;1448;1447;19.27;118375.61;27902.96;27883.69;
;ACC05;ITUB4;1;6618;3595;3594;13.82;91460.76;49682.90;49669.08;
;ACC08;LREN3;1;8650;2400;2399;11.90;102935.00;28560.00;28548.10;
;ACC07;BBDC4;2;2095;1761;1760;15.60;32682.00;27471.60;27456.00;
;ACC07;MGLU3;1;7918;7738;7737;17.45;138169.10;135028.10;135010.65;
;ACC04;LREN3;2;9986;9499;9498;17.94;179148.84;170412.06;170394.12;
;ACC02;BBAS3;1;1261;907;906;19.01;23971.61;17242.07;17223.06;
;ACC01;BBAS3;2;7743;6862;6861;18.26;141387.18;125300.12;125281.86;
;ACC10;BBDC4;1;6563;3763;3762;14.00;91882.00;52682.00;52668.00;
;ACC06;MGLU3;2;9870;3119;3118;16.19;159795.30;50496.61;50480.42;
;ACC02;WEGE3;2;8017;2005;2004;12.07;96765.19;24200.35;24188.28;
;ACC05;BBDC4;2;9748;6441;6440;18.10;176438.80;116582.10;116564.00;
;ACC01;ABEV3;1;7283;4715;4714;11.79;85866.57;55589.85;55578.06;
;ACC10;ITUB4;2;3194;1873;1872;18.06;57683.64;33826.38;33808.32;
;ACC10;ITUB4;2;3490;2420;2419;14.66;51163.40;35477.20;35462.54;
;ACC08;MGLU3;2;3388;1384;1383;10.33;34998.04;14296.72;14286.39;
;ACC06;VALE3;1;5842;2037;2036;17.80;103987.60;36258.60;36240.80;
;ACC10;B3SA3;1;9410;4593;4592;10.51;98899.10;48272.43;48261.92;
;ACC08;PETR4;2;8164;1918;1917;18.70;152666.80;35866.60;35847.90;
;ACC06;LREN3;1;2137;1495;1494;15.49;33102.13;23157.55;23142.06;
;ACC08;VALE3;2;4772;427;426;18.35;87566.20;7835.45;7817.10;
;ACC02;B3SA3;1;7026;2857;2856;14.44;101455.44;41255.08;41240.64;
;ACC08;B3SA3;2;7179;1847;1846;11.32;81266.28;20908.04;20896.72;
;ACC07;ITUB4;1;1080;878;877;15.71;16966.80;13793.38;13777.67;
;ACC05;ABEV3;2;4989;4962;4961;13.89;69297.21;68922.18;68908.29;
;ACC01;VALE3;1;5286;1720;1719;17.10;90390.60;29412.00;29394.90;
;ACC09;MGLU3;2;3043;1578;1577;13.87;42206.41;21886.86;21872.99;
;ACC10;PETR4;1;4269;4016;4015;19.34;82562.46;77669.44;77650.10;
;ACC09;LREN3;2;3008;1352;1351;18.36;55226.88;24822.72;24804.36;
;ACC09;MGLU3;2;4841;3797;3796;15.19;73534.79;57676.43;57661.24;
;ACC10;BBDC4;1;1672;1320;1319;17.87;29878.64;23588.40;23570.53;
;ACC03;ITUB4;1;3804;953;952;18.95;72085.80;18059.35;18040.40;
;ACC04;B3SA3;1;7499;1830;1829;18.14;136031.86;33196.20;33178.06;
;ACC06;WEGE3;2;5169;1671;1670;13.93;72004.17;23277.03;23263.10;
;ACC01;BBAS3;2;5341;4182;4181;13.16;70287.56;55035.12;55021.96;
;ACC04;MGLU3;2;7513;4103;4102;17.56;131928.28;72048.68;72031.12;
;ACC05;MGLU3;1;7432;3254;3253;15.58;115790.56;50697.32;50681.74;
;ACC01;MGLU3;2;7384;1295;1294;16.77;123829.68;21717.15;21700.38;
;ACC09;BBDC4;2;6192;2625;2624;13.09;81053.28;34361.25;34348.16;
;ACC10;ABEV3;2;8832;7122;7121;18.24;161095.68;129905.28;129887.04;
;ACC10;VALE3;2;6701;5822;5821;12.03;80613.03;70038.66;70026.63;
;ACC08;VALE3;2;5043;3045;3044;11.13;56128.59;33890.85;33879.72;
;ACC01;WEGE3;1;2531;2395;2394;11.69;29587.39;27997.55;27985.86;
;ACC10;ITUB4;1;3157;2994;2993;12.05;38041.85;36077.70;36065.65;
;ACC01;VALE3;1;7148;41;40;15.55;111151.40;637.55;622.00;
;ACC01;MGLU3;2;7399;5804;5803;14.74;109061.26;85550.96;85536.22;
;ACC06;VALE3;1;5635;4690;4689;18.05;101711.75;84654.50;84636.45;
;ACC09;PETR4;2;5691;1113;1112;19.24;109494.84;21414.12;21394.88;
;ACC03;B3SA3;1;4067;130;129;18.07;73490.69;2349.10;2331.03;
;ACC06;LREN3;1;9342;3452;3451;17.99;168062.58;62101.48;62083.49;
;ACC10;BBDC4;1;2108;1795;1794;12.66;26687.28;22724.70;22712.04;
;ACC07;ITUB4;2;3008;1334;1333;18.82;56610.56;25105.88;25087.06;
;ACC04;BBDC4;2;1052;720;719;17.24;18136.48;12412.80;12395.56;
;ACC10;PETR4;1;1749;208;207;16.99;29715.51;3533.92;3516.93;
;ACC01;BBDC4;2;7331;7238;7237;10.88;79761.28;78749.44;78738.56;
;ACC03;ABEV3;2;9862;8991;8990;11.45;112919.90;102946.95;102935.50;
;ACC08;VALE3;1;2380;1084;1083;17.74;42221.20;19230.16;19212.42;
;ACC08;WEGE3;1;5808;4605;4604;12.47;72425.76;57424.35;57411.88;
;ACC07;WEGE3;2;3522;502;501;18.44;64945.68;9256.88;9238.44;
;ACC07;BBAS3;1;7315;4643;4642;10.62;77685.30;49308.66;49298.04;
;ACC01;ITUB4;1;5687;3878;3877;17.26;98157.62;66934.28;66917.02;
;ACC03;MGLU3;1;8507;3162;3161;19.52;166056.64;61722.24;61702.72;
;ACC09;LREN3;1;2246;2233;2232;14.07;31601.22;31418.31;31404.24;
;ACC04;ITUB4;1;9921;3676;3675;17.16;170244.36;63080.16;63063.00;
;ACC02;ABEV3;2;2873;2647;2646;11.95;34332.35;31631.65;31619.70;
;ACC01;PETR4;1;8401;5522;5521;13.17;110641.17;72724.74;72711.57;
;ACC07;BBDC4;2;2122;1683;1682;14.13;29983.86;23780.79;23766.66;
;ACC08;LREN3;2;3653;2706;2705;12.07;44091.71;32661.42;32649.35;
;ACC08;B3SA3;2;3013;1931;1930;16.54;49835.02;31938.74;31922.20;
;ACC03;PETR4;1;7544;2496;2495;14.69;110821.36;36666.24;36651.55;
;ACC03;LREN3;1;7980;5746;5745;14.35;114513.00;82455.10;82440.75;
;ACC01;BBAS3;2;4411;1682;1681;12.72;56107.92;21395.04;21382.32;
;ACC09;VALE3;2;8977;8463;8462;13.94;125139.38;117974.22;117960.28;
;ACC06;ITUB4;1;1986;161;160;13.86;27525.96;2231.46;2217.60;
;ACC02;LREN3;1;1327;672;671;13.63;18087.01;9159.36;9145.73;
;ACC08;WEGE3;2;2615;753;752;17.27;45161.05;13004.31;12987.04;
;ACC05;BBAS3;1;7032;5684;5683;19.51;137194.32;110894.84;110875.33;
;ACC02;VALE3;1;9501;984;983;11.93;113346.93;11739.12;11727.19;
;ACC04;LREN3;1;9854;3185;3184;14.93;147120.22;47552.05;47537.12;
;ACC01;VALE3;1;3517;78;77;12.52;44032.84;976.56;964.04;
;ACC08;BBDC4;2;6525;3806;3805;14.78;96439.50;56252.68;56237.90;
;ACC01;WEGE3;1;8523;2246;2245;10.48;89321.04;23538.08;23527.60;
;ACC06;VALE3;1;2799;500;499;18.19;50913.81;9095.00;9076.81;
;ACC10;ITUB4;1;9169;5356;5355;19.96;183013.24;106905.76;106885.80;
;ACC10;ITUB4;2;5726;3462;3461;15.83;90642.58;54803.46;54787.63;
;ACC03;ABEV3;2;9609;7503;7502;11.06;106275.54;82983.18;82972.12;
;ACC08;PETR4;1;4964;4400;4399;10.36;51427.04;45584.00;45573.64;
;ACC07;B3SA3;2;3999;2251;2250;15.29;61144.71;34417.79;34402.50;
;ACC04;ABEV3;1;6677;1228;1227;11.24;75049.48;13802.72;13791.48;
;ACC08;VALE3;1;3172;605;604;10.64;33750.08;6437.20;6426.56;
;ACC05;ABEV3;1;1674;815;814;17.48;29261.52;14246.20;14228.72;
;ACC01;BBDC4;1;9634;5001;5000;16.10;155107.40;80516.10;80500.00;
;ACC08;B3SA3;2;3863;3738;3737;14.53;56129.39;54313.14;54298.61;
;ACC09;MGLU3;1;6374;56;55;17.98;114604.52;1006.88;988.90;
;ACC06;ABEV3;2;7854;4089;4088;13.83;108620.82;56550.87;56537.04;
;ACC10;BBAS3;2;5152;348;347;13.02;67079.04;4530.96;4517.94;
;ACC08;B3SA3;2;8648;5438;5437;16.27;140702.96;88476.26;88459.99;
;ACC05;MGLU3;2;9604;1316;1315;15.63;150110.52;20569.08;20553.45;
;ACC08;ABEV3;1;4274;2280;2279;13.15;56203.10;29982.00;29968.85;
;ACC08;B3SA3;1;4459;2230;2229;19.05;84943.95;42481.50;42462.45;
;ACC03;VALE3;1;6764;3842;3841;10.71;72442.44;41147.82;41137.11;
;ACC04;LREN3;2;8866;2731;2730;12.96;114903.36;35393.76;35380.80;
;ACC03;BBAS3;1;4043;1935;1934;16.98;68650.14;32856.30;32839.32;
;ACC06;ITUB4;2;9161;2286;2285;12.33;112955.13;28186.38;28174.05;
;ACC07;VALE3;1;1871;688;687;11.96;22377.16;8228.48;8216.52;
;ACC09;BBDC4;1;2339;44;43;14.88;34804.32;654.72;639.84;
;ACC01;BBAS3;1;3205;526;525;14.93;47850.65;7853.18;7838.25;
;ACC08;WEGE3;1;8964;7514;7513;17.15;153732.60;128865.10;128847.95;
;ACC10;VALE3;1;3277;417;416;14.78;48434.06;6163.26;6148.48;
;ACC09;ABEV3;1;5101;3051;3050;11.39;58100.39;34750.89;34739.50;
;ACC03;ABEV3;1;6523;4691;4690;12.22;79711.06;57324.02;57311.80;
;ACC04;LREN3;1;5289;4509;4508;18.32;96894.48;82604.88;82586.56;
;ACC01;LREN3;1;4434;1409;1408;14.92;66155.28;21022.28;21007.36;
;ACC01;ABEV3;1;5235;3520;3519;13.01;68107.35;45795.20;45782.19;
;ACC03;B3SA3;1;2491;783;782;19.13;47652.83;14978.79;14959.66;
;ACC03;MGLU3;2;4052;1938;1937;13.87;56201.24;26880.06;26866.19;
;ACC04;LREN3;1;6722;5228;5227;14.06;94511.32;73505.68;73491.62;
;ACC03;VALE3;2;5344;2344;2343;17.00;90848.00;39848.00;39831.00;
;ACC03;WEGE3;1;6112;4922;4921;17.57;107387.84;86479.54;86461.97;
;ACC01;B3SA3;2;2001;428;427;10.99;21990.99;4703.72;4692.73;
;ACC09;BBDC4;1;9120;7182;7181;14.27;130142.40;102487.14;102472.87;
;ACC09;B3SA3;2;2290;601;600;19.34;44288.60;11623.34;11604.00;
;ACC06;WEGE3;2;3261;2480;2479;19.76;64437.36;49004.80;48985.04;
;ACC04;VALE3;2;6836;4784;4783;10.44;71367.84;49944.96;49934.52;
;ACC03;WEGE3;2;3986;2211;2210;17.06;68001.16;37719.66;37702.60;
;ACC05;BBAS3;1;9955;3006;3005;17.65;175705.75;53055.90;53038.25;
;ACC01;MGLU3;2;1472;682;681;13.92;20490.24;9493.44;9479.52;
;ACC09;LREN3;1;5329;2754;2753;14.10;75138.90;38831.40;38817.30;
;ACC02;VALE3;1;5434;1571;1570;12.05;65479.70;18930.55;18918.50;
;ACC02;BBAS3;1;9664;6456;6455;19.82;191540.48;127957.92;127938.10;
;ACC05;PETR4;2;1347;811;810;12.06;16244.82;9780.66;9768.60;
;ACC02;ABEV3;1;9708;5086;5085;10.98;106593.84;55844.28;55833.30;
;ACC10;VALE3;2;5997;3310;3309;10.11;60629.67;33464.10;33453.99;
;ACC06;ITUB4;1;7685;592;591;13.55;104131.75;8021.60;8008.05;
;ACC03;LREN3;1;6643;4119;4118;14.87;98781.41;61249.53;61234.66;
;ACC09;BBDC4;1;2280;1466;1465;16.50;37620.00;24189.00;24172.50;
;ACC05;LREN3;2;9295;8537;8536;16.17;150300.15;138043.29;138027.12;
;ACC03;ABEV3;2;5550;4374;4373;11.62;64491.00;50825.88;50814.26;
;ACC10;VALE3;2;8444;4710;4709;18.60;157058.40;87606.00;87587.40;
;ACC03;MGLU3;1;3843;2439;2438;10.09;38775.87;24609.51;24599.42;
;ACC08;WEGE3;1;1053;673;672;16.55;17427.15;11138.15;11121.60;
;ACC02;ITUB4;2;3887;3345;3344;18.05;70160.35;60377.25;60359.20;
;ACC07;PETR4;1;2186;1634;1633;19.09;41730.74;31193.06;31173.97;
;ACC04;MGLU3;1;7511;6131;6130;16.10;120927.10;98709.10;98693.00;
;ACC02;ITUB4;2;4057;2171;2170;15.87;64384.59;34453.77;34437.90;
;ACC03;ITUB4;1;4828;833;832;10.07;48617.96;8388.31;8378.24;
;ACC01;VALE3;1;7889;5088;5087;17.81;140503.09;90617.28;90599.47;
;ACC04;VALE3;2;8801;3584;3583;13.04;114765.04;46735.36;46722.32;
;ACC02;B3SA3;2;8999;8214;8213;18.48;166301.52;151794.72;151776.24;
;ACC02;BBAS3;1;7689;1682;1681;10.86;83502.54;18266.52;18255.66;
;ACC06;LREN3;2;2533;1999;1998;15.04;38096.32;30064.96;30049.92;
;ACC08;ITUB4;1;9670;6184;6183;16.16;156267.20;99933.44;99917.28;
;ACC10;ITUB4;1;8317;3854;3853;19.61;163096.37;75576.94;75557.33;
;ACC06;ITUB4;1;3762;2978;2977;18.19;68430.78;54169.82;54151.63;
;ACC10;ITUB4;1;3346;2130;2129;15.04;50323.84;32035.20;32020.16;
;ACC08;BBAS3;2;9208;5497;5496;18.33;168782.64;100760.01;100741.68;
;ACC08;ABEV3;1;9150;4925;4924;10.88;99552.00;53584.00;53573.12;
;ACC09;BBAS3;1;6730;1110;1109;13.80;92874.00;15318.00;15304.20;
;ACC01;WEGE3;1;3420;283;282;18.37;62825.40;5198.71;5180.34;
;ACC10;PETR4;2;9596;549;548;14.23;136551.08;7812.27;7798.04;
;ACC06;LREN3;2;7414;1738;1737;15.56;115361.84;27043.28;27027.72;
;ACC03;ITUB4;1;9663;8357;8356;18.68;180504.84;156108.76;156090.08;
;ACC09;ITUB4;2;4758;2162;2161;16.18;76984.44;34981.16;34964.98;
;ACC02;BBAS3;1;1822;1297;1296;12.88;23467.36;16705.36;16692.48;
;ACC03;WEGE3;2;2936;1841;1840;18.32;53787.52;33727.12;33708.80;
;ACC05;LREN3;2;1459;728;727;19.08;27837.72;13890.24;13871.16;
;ACC09;VALE3;1;1598;1297;1296;11.69;18680.62;15161.93;15150.24;
;ACC10;ITUB4;1;2137;169;168;13.48;28806.76;2278.12;2264.64;
;ACC08;WEGE3;2;6410;1615;1614;14.52;93073.20;23449.80;23435.28;
;ACC05;LREN3;2;3579;802;801;18.44;65996.76;14788.88;14770.44;
;ACC07;MGLU3;1;9806;4619;4618;13.66;133949.96;63095.54;63081.88;
;ACC01;BBAS3;2;7395;2039;2038;19.59;144868.05;39944.01;39924.42;
;ACC08;ABEV3;1;1646;893;892;14.17;23323.82;12653.81;12639.64;
;ACC03;VALE3;2;3692;3461;3460;10.03;37030.76;34713.83;34703.80;
;ACC07;ABEV3;2;5795;880;879;16.91;97993.45;14880.80;14863.89;
;ACC10;ITUB4;1;2175;1116;1115;16.60;36105.00;18525.60;18509.00;
;ACC09;PETR4;2;9761;147;146;15.34;149733.74;2254.98;2239.64;
;ACC05;ABEV3;1;5432;4771;4770;15.54;84413.28;74141.34;74125.80;
;ACC06;BBDC4;1;8386;1693;1692;15.04;126125.44;25462.72;25447.68;
;ACC07;VALE3;2;3920;1725;1724;17.53;68717.60;30239.25;30221.72;
;ACC05;VALE3;2;5959;5456;5455;12.26;73057.34;66890.56;66878.30;
;ACC02;VALE3;2;9492;2387;2386;14.36;136305.12;34277.32;34262.96;
;ACC06;ABEV3;1;1365;760;759;10.03;13690.95;7622.80;7612.77;
;ACC10;ABEV3;1;4204;444;443;12.18;51204.72;5407.92;5395.74;
;ACC02;BBAS3;2;2836;915;914;12.89;36556.04;11794.35;11781.46;
;ACC05;ABEV3;1;2820;145;144;18.76;52903.20;2720.20;2701.44;
;ACC08;WEGE3;1;4297;3020;3019;14.08;60501.76;42521.60;42507.52;
;ACC03;BBAS3;2;9957;7329;7328;14.54;144774.78;106563.66;106549.12;
;ACC10;MGLU3;1;7452;2915;2914;11.11;82791.72;32385.65;32374.54;
;ACC05;LREN3;1;5147;4684;4683;19.89;102373.83;93164.76;93144.87;
;ACC08;ITUB4;1;6250;891;890;18.45;115312.50;16438.95;16420.50;
;ACC08;PETR4;2;2001;1056;1055;13.58;27173.58;14340.48;14326.90;
;ACC10;ABEV3;1;3051;139;138;18.48;56382.48;2568.72;2550.24;
;ACC06;PETR4;1;3983;1667;1666;19.56;77907.48;32606.52;32586.96;
;ACC04;LREN3;1;9140;3095;3094;14.32;130884.80;44320.40;44306.08;
;ACC02;MGLU3;1;5706;2064;2063;12.33;70354.98;25449.12;25436.79;
;ACC08;VALE3;2;2013;522;521;10.57;21277.41;5517.54;5506.97;
;ACC03;MGLU3;1;6227;1819;1818;12.86;80079.22;23392.34;23379.48;
;ACC10;BBDC4;2;4922;2817;2816;10.82;53256.04;30479.94;30469.12;
;ACC04;VALE3;2;4325;1562;1561;10.29;44504.25;16072.98;16062.69;
;ACC02;BBDC4;1;1158;376;375;12.82;14845.56;4820.32;4807.50;
;ACC07;LREN3;1;1546;299;298;16.61;25679.06;4966.39;4949.78;
;ACC04;PETR4;2;1530;1488;1487;15.09;23087.70;22453.92;22438.83;
;ACC03;ITUB4;2;2566;564;563;14.16;36334.56;7986.24;7972.08;
;ACC03;B3SA3;1;6169;4493;4492;11.04;68105.76;49602.72;49591.68;
;ACC06;ITUB4;1;2138;2012;2011;18.61;39788.18;37443.32;37424.71;
;ACC09;VALE3;2;6470;327;326;19.34;125129.80;6324.18;6304.84;
;ACC01;VALE3;1;1649;27;26;11.87;19573.63;320.49;308.62;
;ACC05;LREN3;1;6020;3474;3473;11.43;68808.60;39707.82;39696.39;
;ACC08;VALE3;1;5893;955;954;12.75;75135.75;12176.25;12163.50;
;ACC08;ABEV3;2;7820;4603;4602;10.12;79138.40;46582.36;46572.24;
;ACC10;VALE3;2;6034;1818;1817;14.94;90147.96;27160.92;27145.98;
;ACC09;LREN3;2;6977;304;303;15.16;105771.32;4608.64;4593.48;
;ACC09;WEGE3;1;7896;4061;4060;14.87;117413.52;60387.07;60372.20;
;ACC05;BBAS3;1;6062;2433;2432;14.54;88141.48;35375.82;35361.28;
;ACC02;ITUB4;1;7796;1616;1615;14.22;110859.12;22979.52;22965.30;
;ACC05;B3SA3;1;4966;1506;1505;12.60;62571.60;18975.60;18963.00;
;ACC01;MGLU3;1;2032;574;573;14.54;29545.28;8345.96;8331.42;
;ACC10;VALE3;2;1490;1135;1134;18.61;27728.90;21122.35;21103.74;
;ACC10;ABEV3;1;5325;3920;3919;13.84;73698.00;54252.80;54238.96;
;ACC03;BBDC4;2;9581;8934;8933;11.99;114876.19;107118.66;107106.67;
;ACC09;MGLU3;2;6567;5327;5326;17.53;115119.51;93382.31;93364.78;
;ACC01;B3SA3;1;2802;2162;2161;12.65;35445.30;27349.30;27336.65;
;ACC07;WEGE3;2;2847;646;645;18.57;52868.79;11996.22;11977.65;
;ACC06;B3SA3;2;5387;5264;5263;17.82;95996.34;93804.48;93786.66;
;ACC10;LREN3;1;8906;1049;1048;14.25;126910.50;14948.25;14934.00;
;ACC02;BBDC4;1;6099;1288;1287;18.77;114478.23;24175.76;24156.99;
;ACC08;LREN3;1;7208;2902;2901;19.45;140195.60;56443.90;56424.45;
;ACC06;VALE3;2;9868;6650;6649;13.69;135092.92;91038.50;91024.81;
;ACC10;BBDC4;1;7909;3584;3583;18.85;149084.65;67558.40;67539.55;
;ACC04;VALE3;2;7777;2841;2840;15.38;119610.26;43694.58;43679.20;
;ACC01;ABEV3;1;3898;708;707;12.78;49816.44;9048.24;9035.46;
;ACC03;BBDC4;1;9380;8611;8610;14.75;138355.00;127012.25;126997.50;
;ACC02;PETR4;1;8731;7969;7968;14.32;125027.92;114116.08;114101.76;
;ACC05;ABEV3;2;1040;63;62;13.87;14424.80;873.81;859.94;
;ACC06;PETR4;2;4450;4393;4392;17.39;77385.50;76394.27;76376.88;
;ACC05;B3SA3;1;5503;2013;2012;14.73;81059.19;29651.49;29636.76;
;ACC03;ITUB4;1;8290;5575;5574;18.23;151126.70;101632.25;101614.02;
;ACC06;LREN3;2;1036;605;604;12.23;12670.28;7399.15;7386.92;
;ACC09;VALE3;1;7437;2006;2005;15.25;113414.25;30591.50;30576.25;
;ACC10;VALE3;1;7705;1672;1671;12.59;97005.95;21050.48;21037.89;
;ACC10;WEGE3;1;9485;4525;4524;14.43;136868.55;65295.75;65281.32;
;ACC07;BBDC4;1;8072;2886;2885;10.85;87581.20;31313.10;31302.25;
;ACC04;VALE3;2;2773;1170;1169;10.42;28894.66;12191.40;12180.98;
;ACC09;ABEV3;1;9869;5422;5421;13.58;134021.02;73630.76;73617.18;
;ACC07;LREN3;2;6455;2517;2516;15.47;99858.85;38937.99;38922.52;
;ACC08;B3SA3;2;2106;468;467;15.33;32284.98;7174.44;7159.11;
;ACC02;MGLU3;1;1335;644;643;11.28;15058.80;7264.32;7253.04;
;ACC07;BBAS3;1;8953;5541;5540;10.09;90335.77;55908.69;55898.60;
;ACC04;ITUB4;1;2302;1507;1506;10.94;25183.88;16486.58;16475.64;
;ACC08;ITUB4;2;3956;1756;1755;11.36;44940.16;19948.16;19936.80;
;ACC10;MGLU3;2;5174;2061;2060;11.11;57483.14;22897.71;22886.60;
;ACC04;ITUB4;2;4871;666;665;16.87;82173.77;11235.42;11218.55;
;ACC09;ITUB4;2;3668;1216;1215;16.52;60595.36;20088.32;20071.80;
;ACC03;LREN3;2;1556;1101;1100;16.73;26031.88;18419.73;18403.00;
;ACC02;LREN3;1;9400;102;101;11.97;112518.00;1220.94;1208.97;
;ACC06;BBAS3;2;8093;277;276;15.97;129245.21;4423.69;4407.72;
;ACC09;VALE3;2;2254;690;689;18.94;42690.76;13068.60;13049.66;
;ACC05;BBAS3;1;5404;259;258;15.31;82735.24;3965.29;3949.98;
;ACC02;WEGE3;2;8712;6930;6929;16.92;147407.04;117255.60;117238.68;
;ACC07;PETR4;1;1997;854;853;16.12;32191.64;13766.48;13750.36;
;ACC10;MGLU3;1;3600;2849;2848;11.71;42156.00;33361.79;33350.08;
;ACC06;ITUB4;1;5577;347;346;18.23;101668.71;6325.81;6307.58;
;ACC04;WEGE3;2;9138;6639;6638;15.57;142278.66;103369.23;103353.66;
;ACC05;BBDC4;1;5052;1007;1006;11.83;59765.16;11912.81;11900.98;
;ACC04;VALE3;2;8926;3755;3754;16.71;149153.46;62746.05;62729.34;
;ACC05;ABEV3;1;2888;1239;1238;16.97;49009.36;21025.83;21008.86;
;ACC10;VALE3;1;5241;440;439;17.88;93709.08;7867.20;7849.32;
;ACC07;BBAS3;2;1998;1482;1481;16.89;33746.22;25030.98;25014.09;
;ACC04;VALE3;1;4004;2070;2069;16.54;66226.16;34237.80;34221.26;
;ACC08;MGLU3;2;2483;249;248;13.69;33992.27;3408.81;3395.12;
;ACC09;ITUB4;2;6474;2530;2529;11.39;73738.86;28816.70;28805.31;
;ACC01;MGLU3;2;9791;3108;3107;17.62;172517.42;54762.96;54745.34;
;ACC04;ITUB4;1;8550;4230;4229;12.76;109098.00;53974.80;53962.04;
;ACC07;VALE3;2;1119;1055;1054;13.50;15106.50;14242.50;14229.00;
;ACC01;PETR4;1;5186;2364;2363;16.66;86398.76;39384.24;39367.58;
;ACC05;LREN3;2;7779;1754;1753;10.51;81757.29;18434.54;18424.03;
;ACC02;WEGE3;2;8776;2529;2528;14.89;130674.64;37656.81;37641.92;
;ACC01;WEGE3;2;3055;2437;2436;13.85;42311.75;33752.45;33738.60;
;ACC06;ITUB4;1;5403;1072;1071;16.13;87150.39;17291.36;17275.23;
;ACC08;ITUB4;1;4766;4019;4018;19.58;93318.28;78692.02;78672.44;
;ACC09;ABEV3;2;9222;7134;7133;15.30;141096.60;109150.20;109134.90;
;ACC08;VALE3;2;1033;1002;1001;16.03;16558.99;16062.06;16046.03;
;ACC05;MGLU3;1;3346;1539;1538;11.22;37542.12;17267.58;17256.36;
;ACC08;PETR4;2;8956;5216;5215;18.22;163178.32;95035.52;95017.30;
;ACC07;LREN3;2;3747;3661;3660;14.82;55530.54;54256.02;54241.20;
;ACC06;VALE3;2;1224;156;155;13.63;16683.12;2126.28;2112.65;
;ACC06;MGLU3;1;1179;610;609;12.80;15091.20;7808.00;7795.20;
;ACC02;LREN3;2;1360;318;317;10.65;14484.00;3386.70;3376.05;
;ACC04;B3SA3;2;9157;1364;1363;14.27;130670.39;19464.28;19450.01;
;ACC01;WEGE3;1;7447;3782;3781;13.22;98449.34;49998.04;49984.82;
;ACC01;MGLU3;1;8490;6697;6696;19.96;169460.40;133672.12;133652.16;
;ACC06;B3SA3;2;2160;1594;1593;17.91;38685.60;28548.54;28530.63;
;ACC01;MGLU3;1;2630;1066;1065;16.76;44078.80;17866.16;17849.40;
;ACC06;B3SA3;1;2236;558;557;11.96;26742.56;6673.68;6661.72;
;ACC03;PETR4;2;4491;2515;2514;12.09;54296.19;30406.35;30394.26;
;ACC08;ABEV3;2;4990;573;572;13.46;67165.40;7712.58;7699.12;
;ACC04;MGLU3;2;4379;1282;1281;15.82;69275.78;20281.24;20265.42;
;ACC06;B3SA3;2;3105;401;400;17.35;53871.75;6957.35;6940.00;
;ACC08;ABEV3;2;3338;813;812;19.32;64490.16;15707.16;15687.84;
;ACC06;LREN3;2;9480;9264;9263;13.29;125989.20;123118.56;123105.27;
;ACC03;MGLU3;1;6928;94;93;14.33;99278.24;1347.02;1332.69;
;ACC08;MGLU3;2;8212;2864;2863;14.07;115542.84;40296.48;40282.41;
;ACC08;B3SA3;2;9778;3141;3140;16.23;158696.94;50978.43;50962.20;
;ACC10;PETR4;1;2712;2413;2412;15.70;42578.40;37884.10;37868.40;
;ACC02;PETR4;2;6210;330;329;19.32;119977.20;6375.60;6356.28;
;ACC10;B3SA3;1;3975;1122;1121;12.83;50999.25;14395.26;14382.43;
;ACC02;MGLU3;2;5385;3151;3150;13.91;74905.35;43830.41;43816.50;
;ACC01;ABEV3;1;9291;5962;5961;15.55;144475.05;92709.10;92693.55;
;ACC02;VALE3;1;8467;5394;5393;17.54;148511.18;94610.76;94593.22;
;ACC08;ABEV3;2;9791;504;503;16.34;159984.94;8235.36;8219.02;
;ACC04;ABEV3;2;7225;1891;1890;15.35;110903.75;29026.85;29011.50;
;ACC10;VALE3;2;9333;3307;3306;18.13;169207.29;59955.91;59937.78;
;ACC04;B3SA3;2;7664;3478;3477;16.87;129291.68;58673.86;58656.99;
;ACC04;MGLU3;1;2064;1154;1153;17.31;35727.84;19975.74;19958.43;
;ACC04;MGLU3;1;2008;1892;1891;19.13;38413.04;36193.96;36174.83;
;ACC03;WEGE3;1;9762;7040;7039;17.60;171811.20;123904.00;123886.40;
;ACC01;WEGE3;2;1716;1183;1182;18.56;31848.96;21956.48;21937.92;
;ACC09;B3SA3;1;7158;5296;5295;13.59;97277.22;71972.64;71959.05;
;ACC07;B3SA3;2;9312;2654;2653;16.42;152903.04;43578.68;43562.26;
;ACC01;PETR4;2;7366;555;554;14.98;110342.68;8313.90;8298.92;
;ACC07;VALE3;1;7285;927;926;15.28;111314.80;14164.56;14149.28;
;ACC06;ABEV3;1;7485;2692;2691;15.25;114146.25;41053.00;41037.75;
;ACC09;BBDC4;2;7054;5313;5312;16.34;115262.36;86814.42;86798.08;
;ACC05;ABEV3;2;9325;4445;4444;10.73;100057.25;47694.85;47684.12;
;ACC03;LREN3;1;7502;233;232;19.99;149964.98;4657.67;4637.68;
;ACC04;ABEV3;2;4864;4202;4201;18.90;91929.60;79417.80;79398.90;
;ACC02;BBDC4;2;8278;2705;2704;14.58;120693.24;39438.90;39424.32;
;ACC10;ITUB4;1;3202;2771;2770;16.89;54081.78;46802.19;46785.30;
;ACC04;BBAS3;1;2554;1901;1900;10.61;27097.94;20169.61;20159.00;
;ACC03;ITUB4;2;9261;2697;2696;13.93;129005.73;37569.21;37555.28;
;ACC01;BBAS3;1;1236;576;575;10.42;12879.12;6001.92;5991.50;
;ACC02;LREN3;2;5595;1783;1782;13.80;77211.00;24605.40;24591.60;
;ACC02;PETR4;2;4855;501;500;15.58;75640.90;7805.58;7790.00;
;ACC01;WEGE3;1;1087;262;261;15.93;17315.91;4173.66;4157.73;
;ACC04;BBAS3;2;8500;5722;5721;17.01;144585.00;97331.22;97314.21;
;ACC09;BBAS3;1;6243;823;822;16.36;102135.48;13464.28;13447.92;
;ACC09;ITUB4;2;8951;7772;7771;15.13;135428.63;117590.36;117575.23;
;ACC06;BBDC4;2;8401;6358;6357;12.08;101484.08;76804.64;76792.56;
;ACC07;ABEV3;1;8842;2094;2093;19.96;176486.32;41796.24;41776.28;
;ACC06;VALE3;1;9317;8487;8486;14.93;139102.81;126710.91;126695.98;
;ACC03;ITUB4;1;5543;4444;4443;13.49;74775.07;59949.56;59936.07;
;ACC02;LREN3;1;2568;2496;2495;13.72;35232.96;34245.12;34231.40;
;ACC08;ABEV3;1;1426;678;677;19.33;27564.58;13105.74;13086.41;
;ACC03;MGLU3;1;5654;4765;4764;15.69;88711.26;74762.85;74747.16;
;ACC04;B3SA3;1;8891;7492;7491;16.84;149724.44;126165.28;126148.44;
;ACC04;BBAS3;2;1993;474;473;10.90;21723.70;5166.60;5155.70;
;ACC06;BBDC4;1;4247;1227;1226;19.83;84218.01;24331.41;24311.58;
;ACC04;MGLU3;2;9866;2906;2905;15.70;154896.20;45624.20;45608.50;
;ACC09;BBDC4;2;1808;627;626;12.07;21822.56;7567.89;7555.82;
;ACC01;B3SA3;1;9646;8062;8061;14.03;135333.38;113109.86;113095.83;
;ACC09;BBDC4;1;2183;1812;1811;14.47;31588.01;26219.64;26205.17;
;ACC01;MGLU3;1;3510;392;391;17.42;61144.20;6828.64;6811.22;
;ACC07;BBAS3;2;2560;100;99;11.47;29363.20;1147.00;1135.53;
;ACC10;PETR4;2;5692;2750;2749;17.63;100349.96;48482.50;48464.87;
;ACC03;PETR4;2;9804;7714;7713;16.37;160491.48;126278.18;126261.81;
;ACC02;B3SA3;1;9316;64;63;17.85;166290.60;1142.40;1124.55;
;ACC02;MGLU3;1;3303;20;19;18.08;59718.24;361.60;343.52;
;ACC04;MGLU3;1;3127;3029;3028;11.12;34772.24;33682.48;33671.36;
;ACC09;PETR4;1;5988;3936;3935;14.06;84191.28;55340.16;55326.10;
;ACC06;PETR4;2;9537;4783;4782;17.25;164513.25;82506.75;82489.50;
;ACC01;B3SA3;2;8723;7589;7588;17.00;148291.00;129013.00;128996.00;
;ACC08;BBAS3;1;4995;3926;3925;11.65;58191.75;45737.90;45726.25;
;ACC01;VALE3;1;3937;3008;3007;14.96;58897.52;44999.68;44984.72;
;ACC06;PETR4;1;5408;3413;3412;12.41;67113.28;42355.33;42342.92;
;ACC01;LREN3;2;8663;2197;2196;17.44;151082.72;38315.68;38298.24;
;ACC09;WEGE3;1;3436;2008;2007;14.09;48413.24;28292.72;28278.63;
;ACC09;BBAS3;1;8872;318;317;12.27;108859.44;3901.86;3889.59;
;ACC04;BBDC4;2;9671;2644;2643;19.50;188584.50;51558.00;51538.50;
;ACC09;VALE3;1;7039;2652;2651;10.63;74824.57;28190.76;28180.13;
;ACC06;BBAS3;2;2605;505;504;13.00;33865.00;6565.00;6552.00;
;ACC10;B3SA3;1;5797;291;290;10.16;58897.52;2956.56;2946.40;
;ACC04;WEGE3;2;2857;1253;1252;11.47;32769.79;14371.91;14360.44;
;ACC03;ITUB4;2;5374;3760;3759;18.51;99472.74;69597.60;69579.09;
;ACC05;ABEV3;1;6668;5585;5584;11.70;78015.60;65344.50;65332.80;
;ACC08;ABEV3;1;6972;1971;1970;12.23;85267.56;24105.33;24093.10;
;ACC08;WEGE3;2;6337;5689;5688;15.06;95435.22;85676.34;85661.28;
;ACC07;ABEV3;2;3449;1669;1668;18.31;63151.19;30559.39;30541.08;
;ACC08;ITUB4;1;7828;7807;7806;13.45;105286.60;105004.15;104990.70;
;ACC09;BBDC4;1;7185;669;668;18.37;131988.45;12289.53;12271.16;
;ACC10;VALE3;2;4789;1342;1341;12.32;59000.48;16533.44;16521.12;
;ACC03;ITUB4;2;1165;753;752;17.83;20771.95;13425.99;13408.16;
;ACC04;WEGE3;1;8264;334;333;19.65;162387.60;6563.10;6543.45;
;ACC06;BBDC4;2;6136;6027;6026;14.88;91303.68;89681.76;89666.88;
;ACC07;BBAS3;2;4471;2825;2824;11.79;52713.09;33306.75;33294.96;
;ACC08;PETR4;2;2148;1679;1678;16.72;35914.56;28072.88;28056.16;
;ACC05;MGLU3;1;4517;2729;2728;10.10;45621.70;27562.90;27552.80;
;ACC05;ABEV3;2;6380;2310;2309;12.93;82493.40;29868.30;29855.37;
;ACC02;B3SA3;2;5517;3641;3640;14.15;78065.55;51520.15;51506.00;
;ACC10;LREN3;1;9595;6333;6332;18.36;176164.20;116273.88;116255.52;
;ACC09;ITUB4;2;9480;7575;7574;10.42;98781.60;78931.50;78921.08;
;ACC06;B3SA3;2;4275;3495;3494;10.35;44246.25;36173.25;36162.90;
;ACC05;PETR4;2;7329;4880;4879;17.51;128330.79;85448.80;85431.29;
;ACC05;VALE3;2;7966;3675;3674;17.78;141635.48;65341.50;65323.72;
;ACC05;WEGE3;1;9835;5204;5203;11.42;112315.70;59429.68;59418.26;
;ACC08;B3SA3;1;6239;427;426;11.74;73245.86;5012.98;5001.24;
;ACC01;ITUB4;2;3160;1722;1721;17.23;54446.80;29670.06;29652.83;
;ACC06;LREN3;2;2025;1149;1148;10.24;20736.00;11765.76;11755.52;
;ACC01;BBDC4;2;9291;4975;4974;15.61;145032.51;77659.75;77644.14;
;ACC01;MGLU3;2;5206;3782;3781;11.86;61743.16;44854.52;44842.66;
;ACC09;MGLU3;2;8334;5515;5514;15.37;128093.58;84765.55;84750.18;
;ACC07;VALE3;1;1512;1153;1152;15.68;23708.16;18079.04;18063.36;
;ACC09;B3SA3;2;5132;1415;1414;15.79;81034.28;22342.85;22327.06;
;ACC01;WEGE3;1;3554;1206;1205;17.40;61839.60;20984.40;20967.00;
;ACC10;MGLU3;2;8295;8165;8164;14.63;121355.85;119453.95;119439.32;
;ACC02;MGLU3;2;7031;6467;6466;14.03;98644.93;90732.01;90717.98;
;ACC10;WEGE3;1;2394;459;458;10.68;25567.92;4902.12;4891.44;
;ACC01;ABEV3;2;6824;2336;2335;12.04;82160.96;28125.44;28113.40;
;ACC06;B3SA3;2;1711;1625;1624;11.89;20343.79;19321.25;19309.36;
;ACC10;WEGE3;1;7217;4042;4041;16.31;117709.27;65925.02;65908.71;
;ACC04;ABEV3;2;9528;5277;5276;12.62;120243.36;66595.74;66583.12;
;ACC02;BBDC4;2;9917;7589;7588;19.84;196753.28;150565.76;150545.92;
;ACC01;WEGE3;2;2049;1666;1665;16.37;33542.13;27272.42;27256.05;
;ACC01;ABEV3;2;6252;3458;3457;16.51;103220.52;57091.58;57075.07;
;ACC01;ITUB4;2;5524;562;561;12.35;68221.40;6940.70;6928.35;
;ACC07;PETR4;2;8067;4756;4755;11.90;95997.30;56596.40;56584.50;
;ACC05;BBAS3;2;1859;1643;1642;17.29;32142.11;28407.47;28390.18;
;ACC07;PETR4;2;9171;8819;8818;19.35;177458.85;170647.65;170628.30;
;ACC08;WEGE3;1;3921;2115;2114;15.87;62226.27;33565.05;33549.18;
;ACC03;WEGE3;2;2958;688;687;11.43;33809.94;7863.84;7852.41;
;ACC03;VALE3;2;9871;8978;8977;16.14;159317.94;144904.92;144888.78;
;ACC05;B3SA3;2;5225;795;794;18.86;98543.50;14993.70;14974.84;
;ACC05;ABEV3;2;8338;2073;2072;18.35;153002.30;38039.55;38021.20;
;ACC05;LREN3;2;5020;1290;1289;12.09;60691.80;15596.10;15584.01;
;ACC09;PETR4;2;2107;595;594;18.50;38979.50;11007.50;10989.00;
;ACC05;MGLU3;2;8579;425;424;12.72;109124.88;5406.00;5393.28;
;ACC10;BBDC4;1;2436;1015;1014;10.13;24676.68;10281.95;10271.82;
;ACC10;BBDC4;1;1744;1541;1540;14.64;25532.16;22560.24;22545.60;
;ACC01;B3SA3;1;8533;7658;7657;13.96;119120.68;106905.68;106891.72;
;ACC02;LREN3;2;9914;9021;9020;18.44;182814.16;166347.24;166328.80;
;ACC03;BBDC4;2;4121;2765;2764;17.20;70881.20;47558.00;47540.80;
;ACC08;PETR4;2;9027;2322;2321;18.82;169888.14;43700.04;43681.22;
;ACC09;LREN3;1;5290;2744;2743;13.56;71732.40;37208.64;37195.08;
;ACC10;ABEV3;2;3166;1210;1209;18.28;57874.48;22118.80;22100.52;
;ACC09;WEGE3;2;9812;9569;9568;10.94;107343.28;104684.86;104673.92;
;ACC05;ITUB4;1;8390;1325;1324;12.85;107811.50;17026.25;17013.40;
;ACC02;BBDC4;2;4143;1058;1057;17.15;71052.45;18144.70;18127.55;
;ACC07;LREN3;1;5269;2656;2655;11.62;61225.78;30862.72;30851.10;
;ACC10;MGLU3;1;8111;896;895;13.13;106497.43;11764.48;11751.35;
;ACC08;ITUB4;1;2655;456;455;18.52;49170.60;8445.12;8426.60;
;ACC08;B3SA3;1;8967;8071;8070;13.82;123923.94;111541.22;111527.40;
;ACC01;BBAS3;1;4221;2308;2307;19.66;82984.86;45375.28;45355.62;
;ACC10;ABEV3;1;9024;3694;3693;15.71;141767.04;58032.74;58017.03;
;ACC07;BBAS3;2;4978;4216;4215;11.23;55902.94;47345.68;47334.45;
;ACC07;BBAS3;2;6342;5473;5472;11.86;75216.12;64909.78;64897.92;
;ACC04;LREN3;1;9136;3894;3893;15.11;138044.96;58838.34;58823.23;
;ACC08;ABEV3;2;5602;2160;2159;18.21;102012.42;39333.60;39315.39;
;ACC08;MGLU3;2;6987;2356;2355;12.40;86638.80;29214.40;29202.00;
;ACC03;LREN3;1;5695;4969;4968;17.27;98352.65;85814.63;85797.36;
;ACC09;WEGE3;1;1188;384;383;16.95;20136.60;6508.80;6491.85;
;ACC08;MGLU3;1;5048;3849;3848;17.84;90056.32;68666.16;68648.32;
;ACC08;BBAS3;2;1062;320;319;13.99;14857.38;4476.80;4462.81;
;ACC03;ITUB4;1;5632;4883;4882;11.83;66626.56;57765.89;57754.06;
;ACC06;BBDC4;2;8579;1377;1376;11.08;95055.32;15257.16;15246.08;
;ACC08;MGLU3;1;2664;311;310;11.86;31595.04;3688.46;3676.60;
;ACC03;ITUB4;2;7286;4449;4448;11.44;83351.84;50896.56;50885.12;
;ACC06;LREN3;2;2899;2494;2493;15.78;45746.22;39355.32;39339.54;
;ACC07;BBAS3;1;1682;649;648;11.80;19847.60;7658.20;7646.40;
;ACC07;ABEV3;2;9820;3479;3478;16.76;164583.20;58308.04;58291.28;
;ACC01;VALE3;2;4993;1330;1329;19.92;99460.56;26493.60;26473.68;
;ACC04;BBDC4;2;6949;4538;4537;19.98;138841.02;90669.24;90649.26;
;ACC02;BBDC4;2;9101;7989;7988;19.00;172919.00;151791.00;151772.00;
;ACC01;LREN3;2;4681;651;650;19.72;92309.32;12837.72;12818.00;
;ACC09;MGLU3;2;3978;2318;2317;18.85;74985.30;43694.30;43675.45;
;ACC05;ITUB4;2;8730;7612;7611;12.78;111569.40;97281.36;97268.58;
;ACC04;BBAS3;2;4136;1787;1786;16.33;67540.88;29181.71;29165.38;
;ACC02;BBAS3;1;7347;5346;5345;17.07;125413.29;91256.22;91239.15;
;ACC05;PETR4;2;6012;3503;3502;19.81;119097.72;69394.43;69374.62;
;ACC01;B3SA3;2;2182;1208;1207;16.32;35610.24;19714.56;19698.24;
;ACC03;LREN3;2;4751;15;14;15.09;71692.59;226.35;211.26;
;ACC02;BBAS3;2;8926;8798;8797;14.74;131569.24;129682.52;129667.78;
;ACC01;MGLU3;2;8621;7998;7997;12.71;109572.91;101654.58;101641.87;
;ACC10;BBDC4;2;3389;2190;2189;17.49;59273.61;38303.10;38285.61;
;ACC01;B3SA3;2;3774;3321;3320;18.92;71404.08;62833.32;62814.40;
;ACC06;LREN3;1;5974;3970;3969;15.91;95046.34;63162.70;63146.79;
;ACC02;PETR4;1;7151;3512;3511;15.31;109481.81;53768.72;53753.41;
;ACC03;BBAS3;2;4363;2062;2061;18.41;80322.83;37961.42;37943.01;
;ACC03;BBDC4;1;3545;1469;1468;14.39;51012.55;21138.91;21124.52;
;ACC04;ABEV3;1;4271;2675;2674;10.68;45614.28;28569.00;28558.32;
;ACC08;VALE3;1;9983;8460;8459;11.07;110511.81;93652.20;93641.13;
;ACC01;ABEV3;2;9724;2392;2391;11.53;112117.72;27579.76;27568.23;
;ACC07;ITUB4;2;7316;7034;7033;12.37;90498.92;87010.58;86998.21;
;ACC04;ITUB4;2;1965;1261;1260;12.75;25053.75;16077.75;16065.00;
;ACC01;PETR4;2;9697;7728;7727;10.30;99879.10;79598.40;79588.10;
;ACC01;B3SA3;2;6956;4136;4135;14.27;99262.12;59020.72;59006.45;
;ACC08;ABEV3;2;2338;579;578;15.22;35584.36;8812.38;8797.16;
;ACC01;ITUB4;1;3995;2423;2422;18.26;72948.70;44243.98;44225.72;
;ACC08;LREN3;2;7601;6874;6873;19.63;149207.63;134936.62;134916.99;
;ACC05;B3SA3;1;8966;3702;3701;18.20;163181.20;67376.40;67358.20;
;ACC04;BBAS3;1;8241;2986;2985;14.76;121637.16;44073.36;44058.60;
;ACC07;ITUB4;1;1591;8;7;11.66;18551.06;93.28;81.62;
;ACC07;VALE3;2;3219;2511;2510;14.80;47641.20;37162.80;37148.00;
;ACC09;LREN3;1;8520;7245;7244;17.86;152167.20;129395.70;129377.84;
;ACC05;VALE3;2;5371;727;726;16.18;86902.78;11762.86;11746.68;
;ACC04;PETR4;2;3155;2294;2293;13.66;43097.30;31336.04;31322.38;
;ACC10;B3SA3;1;4323;1780;1779;11.81;51054.63;21021.80;21009.99;
;ACC03;LREN3;1;2324;266;265;14.10;32768.40;3750.60;3736.50;
;ACC05;WEGE3;1;5205;5041;5040;12.62;65687.10;63617.42;63604.80;
;ACC09;ITUB4;1;6949;2791;2790;16.20;112573.80;45214.20;45198.00;
;ACC05;ABEV3;1;3501;2153;2152;11.31;39596.31;24350.43;24339.12;
;ACC10;BBDC4;2;9584;7763;7762;17.00;162928.00;131971.00;131954.00;
;ACC02;LREN3;1;7075;5750;5749;15.67;110865.25;90102.50;90086.83;
;ACC08;LREN3;1;2383;1352;1351;19.61;46730.63;26512.72;26493.11;
;ACC07;VALE3;1;5988;1487;1486;11.40;68263.20;16951.80;16940.40;
;ACC05;BBDC4;1;5078;4916;4915;13.36;67842.08;65677.76;65664.40;
;ACC07;B3SA3;1;7481;2808;2807;16.70;124932.70;46893.60;46876.90;
;ACC05;WEGE3;2;6814;2013;2012;16.68;113657.52;33576.84;33560.16;
;ACC08;ITUB4;2;2854;1162;1161;13.70;39099.80;15919.40;15905.70;
;ACC01;ABEV3;2;6075;2901;2900;13.79;83774.25;40004.79;39991.00;
;ACC08;MGLU3;2;1091;824;823;13.90;15164.90;11453.60;11439.70;
;ACC07;BBDC4;1;7078;6779;6778;18.95;134128.10;128462.05;128443.10;
;ACC10;BBAS3;2;2853;2427;2426;17.71;50526.63;42982.17;42964.46;
;ACC06;B3SA3;1;7051;2863;2862;14.30;100829.30;40940.90;40926.60;
;ACC04;BBDC4;2;6253;2297;2296;10.27;64218.31;23590.19;23579.92;
;ACC02;MGLU3;2;1635;1481;1480;19.98;32667.30;29590.38;29570.40;
;ACC02;LREN3;2;3822;2347;2346;18.59;71050.98;43630.73;43612.14;
;ACC04;B3SA3;1;4722;1713;1712;17.57;82965.54;30097.41;30079.84;
;ACC09;BBAS3;1;9139;5785;5784;17.35;158561.65;100369.75;100352.40;
;ACC06;ITUB4;1;3569;1765;1764;10.70;38188.30;18885.50;18874.80;
;ACC10;ITUB4;2;8446;6606;6605;13.16;111149.36;86934.96;86921.80;
;ACC09;B3SA3;1;3236;1609;1608;18.66;60383.76;30023.94;30005.28;
;ACC05;ITUB4;1;1233;34;33;19.80;24413.40;673.20;653.40;
;ACC01;PETR4;2;7620;3213;3212;11.89;90601.80;38202.57;38190.68;
;ACC10;MGLU3;1;3911;2966;2965;19.25;75286.75;57095.50;57076.25;
;ACC08;PETR4;1;3253;899;898;10.39;33798.67;9340.61;9330.22;
;ACC01;PETR4;2;7970;5947;5946;15.81;126005.70;94022.07;94006.26;
;ACC06;LREN3;1;5944;3272;3271;18.63;110736.72;60957.36;60938.73;
;ACC05;MGLU3;2;9758;398;397;13.41;130854.78;5337.18;5323.77;
;ACC03;ITUB4;1;9857;8981;8980;10.47;103202.79;94031.07;94020.60;
;ACC05;ABEV3;1;1757;1217;1216;17.47;30694.79;21260.99;21243.52;
;ACC02;ABEV3;1;2908;2834;2833;19.76;57462.08;55999.84;55980.08;
;ACC05;PETR4;2;7950;3352;3351;16.90;134355.00;56648.80;56631.90;
;ACC04;VALE3;1;7319;2980;2979;14.60;106857.40;43508.00;43493.40;
;ACC07;PETR4;1;2075;1422;1421;19.56;40587.00;27814.32;27794.76;
;ACC03;BBDC4;1;6620;5263;5262;19.17;126905.40;100891.71;100872.54;
;ACC10;BBAS3;1;1073;392;391;12.12;13004.76;4751.04;4738.92;
;ACC06;BBAS3;2;9695;4615;4614;10.44;101215.80;48180.60;48170.16;
;ACC10;B3SA3;1;9642;6014;6013;17.15;165360.30;103140.10;103122.95;
;ACC09;PETR4;1;3425;56;55;15.84;54252.00;887.04;871.20;
;ACC09;MGLU3;2;8287;5173;5172;10.54;87344.98;54523.42;54512.88;
;ACC03;B3SA3;2;6414;1592;1591;14.70;94285.80;23402.40;23387.70;
;ACC08;VALE3;2;4763;4556;4555;17.81;84829.03;81142.36;81124.55;
;ACC04;BBAS3;1;7007;5320;5319;17.06;119539.42;90759.20;90742.14;
;ACC10;LREN3;2;9810;7584;7583;19.37;190019.70;146902.08;146882.71;
;ACC02;MGLU3;2;7408;839;838;15.85;117416.80;13298.15;13282.30;
;ACC09;B3SA3;1;7445;2609;2608;16.93;126043.85;44170.37;44153.44;
;ACC05;PETR4;1;4226;2329;2328;11.30;47753.80;26317.70;26306.40;
;ACC03;B3SA3;1;5183;2688;2687;16.05;83187.15;43142.40;43126.35;
;ACC05;WEGE3;1;8153;6738;6737;18.45;150422.85;124316.10;124297.65;
;ACC04;VALE3;1;8939;4930;4929;12.13;108430.07;59800.90;59788.77;
;ACC02;LREN3;1;8782;7383;7382;11.64;102222.48;85938.12;85926.48;
;ACC01;MGLU3;2;7955;5753;5752;19.84;157827.20;114139.52;114119.68;
;ACC06;LREN3;2;3180;2221;2220;11.92;37905.60;26474.32;26462.40;
;ACC03;WEGE3;1;3513;1516;1515;18.27;64182.51;27697.32;27679.05;
;ACC03;PETR4;2;9559;1725;1724;16.17;154569.03;27893.25;27877.08;
;ACC04;ITUB4;2;9568;6393;6392;16.70;159785.60;106763.10;106746.40;
;ACC06;MGLU3;1;6239;476;475;18.94;118166.66;9015.44;8996.50;
;ACC03;LREN3;1;3962;1615;1614;18.46;73138.52;29812.90;29794.44;
;ACC01;BBAS3;2;5288;1060;1059;10.66;56370.08;11299.60;11288.94;
;ACC10;MGLU3;2;7203;3614;3613;12.57;90541.71;45427.98;45415.41;
;ACC07;PETR4;2;9333;7584;7583;18.46;172287.18;140000.64;139982.18;
;ACC02;LREN3;1;9116;6250;6249;15.81;144123.96;98812.50;98796.69;
;ACC10;B3SA3;1;8543;5618;5617;18.08;154457.44;101573.44;101555.36;
;ACC08;VALE3;2;3984;1306;1305;19.85;79082.40;25924.10;25904.25;
;ACC05;BBAS3;2;3465;817;816;18.15;62889.75;14828.55;14810.40;
;ACC02;ABEV3;1;3265;2352;2351;10.99;35882.35;25848.48;25837.49;
;ACC02;WEGE3;2;5806;5705;5704;10.34;60034.04;58989.70;58979.36;
;ACC02;LREN3;1;3786;1567;1566;12.31;46605.66;19289.77;19277.46;
;ACC04;ABEV3;1;2857;2431;2430;11.59;33112.63;28175.29;28163.70;
;ACC05;MGLU3;2;2334;2059;2058;10.66;24880.44;21948.94;21938.28;
;ACC08;BBDC4;2;5467;4137;4136;17.06;93267.02;70577.22;70560.16;
;ACC07;B3SA3;1;5415;4669;4668;13.29;71965.35;62051.01;62037.72;
;ACC01;WEGE3;2;9103;3491;3490;14.88;135452.64;51946.08;51931.20;
;ACC01;VALE3;2;5991;1809;1808;11.67;69914.97;21111.03;21099.36;
;ACC04;B3SA3;2;8536;7216;7215;16.38;139819.68;118198.08;118181.70;
;ACC03;B3SA3;2;3562;1718;1717;12.16;43313.92;20890.88;20878.72;
;ACC02;WEGE3;1;8976;8866;8865;17.91;160760.16;158790.06;158772.15;
;ACC01;LREN3;1;8144;136;135;16.12;131281.28;2192.32;2176.20;
;ACC04;WEGE3;1;3754;216;215;12.89;48389.06;2784.24;2771.35;
;ACC04;VALE3;2;3950;2771;2770;14.19;56050.50;39320.49;39306.30;
;ACC01;MGLU3;2;2168;1083;1082;15.20;32953.60;16461.60;16446.40;
;ACC07;PETR4;1;3365;2369;2368;12.21;41086.65;28925.49;28913.28;
;ACC03;LREN3;2;1901;952;951;17.58;33419.58;16736.16;16718.58;
;ACC05;ITUB4;2;5025;741;740;18.67;93816.75;13834.47;13815.80;
;ACC01;WEGE3;1;5507;4352;4351;11.21;61733.47;48785.92;48774.71;
;ACC02;MGLU3;2;3010;306;305;15.95;48009.50;4880.70;4864.75;
;ACC05;ABEV3;2;9253;1061;1060;14.91;137962.23;15819.51;15804.60;
;ACC06;BBDC4;1;9189;5564;5563;10.41;95657.49;57921.24;57910.83;
;ACC06;ITUB4;2;5581;1283;1282;15.39;85891.59;19745.37;19729.98;
;ACC02;BBDC4;2;1731;1084;1083;18.61;32213.91;20173.24;20154.63;
;ACC06;WEGE3;2;9006;1105;1104;11.89;107081.34;13138.45;13126.56;
;ACC01;WEGE3;2;2167;1295;1294;19.50;42256.50;25252.50;25233.00;
;ACC06;LREN3;2;2186;1877;1876;11.62;25401.32;21810.74;21799.12;
;ACC09;LREN3;1;9796;8223;8222;15.10;147919.60;124167.30;124152.20;
;ACC04;WEGE3;2;7324;7066;7065;14.31;104806.44;101114.46;101100.15;
;ACC10;WEGE3;1;4267;4056;4055;14.42;61530.14;58487.52;58473.10;
;ACC08;B3SA3;1;4422;3406;3405;17.37;76810.14;59162.22;59144.85;
;ACC02;ITUB4;1;9336;4840;4839;18.09;168888.24;87555.60;87537.51;
;ACC10;B3SA3;1;8467;6740;6739;14.96;126666.32;100830.40;100815.44;
;ACC07;BBDC4;2;3485;2576;2575;13.51;47082.35;34801.76;34788.25;
;ACC04;BBDC4;2;4317;533;532;17.33;74813.61;9236.89;9219.56;
;ACC01;ABEV3;2;4997;540;539;12.99;64911.03;7014.60;7001.61;
;ACC04;ABEV3;1;6894;5540;5539;18.97;130779.18;105093.80;105074.83;
;ACC07;PETR4;2;9201;1266;1265;19.67;180983.67;24902.22;24882.55;
;ACC10;ITUB4;1;8450;2750;2749;16.66;140777.00;45815.00;45798.34;
;ACC08;WEGE3;1;9085;6276;6275;18.70;169889.50;117361.20;117342.50;
;ACC08;BBAS3;1;6395;4904;4903;11.20;71624.00;54924.80;54913.60;
;ACC03;PETR4;2;7843;6660;6659;13.45;105488.35;89577.00;89563.55;
;ACC05;BBDC4;2;5811;249;248;18.78;109130.58;4676.22;4657.44;
;ACC01;WEGE3;2;7310;6348;6347;19.24;140644.40;122135.52;122116.28;
;ACC09;BBDC4;2;7484;3700;3699;10.74;80378.16;39738.00;39727.26;
;ACC10;VALE3;1;8439;3840;3839;19.43;163969.77;74611.20;74591.77;
;ACC09;ITUB4;1;4242;1615;1614;12.79;54255.18;20655.85;20643.06;
;ACC01;PETR4;1;1962;426;425;11.20;21974.40;4771.20;4760.00;
;ACC05;ITUB4;1;9646;2364;2363;17.39;167743.94;41109.96;41092.57;
;ACC03;VALE3;2;8657;4664;4663;10.99;95140.43;51257.36;51246.37;
;ACC08;BBAS3;2;2068;159;158;15.35;31743.80;2440.65;2425.30;
;ACC06;ITUB4;2;1798;1597;1596;11.94;21468.12;19068.18;19056.24;
;ACC07;B3SA3;1;3030;2263;2262;15.31;46389.30;34646.53;34631.22;
;ACC09;ITUB4;1;8916;5688;5687;18.23;162538.68;103692.24;103674.01;
;ACC05;ITUB4;1;5533;740;739;12.25;67779.25;9065.00;9052.75;
;ACC10;MGLU3;2;9958;7434;7433;13.67;136125.86;101622.78;101609.11;
;ACC03;WEGE3;2;3038;633;632;18.68;56749.84;11824.44;11805.76;
;ACC03;WEGE3;2;4694;639;638;14.43;67734.42;9220.77;9206.34;
;ACC02;WEGE3;1;4194;57;56;14.51;60854.94;827.07;812.56;
;ACC06;PETR4;1;8342;4746;4745;18.36;153159.12;87136.56;87118.20;
;ACC07;BBAS3;1;6083;2529;2528;14.46;87960.18;36569.34;36554.88;
;ACC08;ABEV3;1;2545;1091;1090;15.67;39880.15;17095.97;17080.30;
;ACC04;WEGE3;2;7984;857;856;11.41;91097.44;9778.37;9766.96;
;ACC09;PETR4;2;6559;5024;5023;18.00;118062.00;90432.00;90414.00;
;ACC01;BBAS3;2;7414;3015;3014;17.63;130708.82;53154.45;53136.82;
;ACC06;BBDC4;2;2863;153;152;10.64;30462.32;1627.92;1617.28;
;ACC04;MGLU3;2;8251;1237;1236;19.29;159161.79;23861.73;23842.44;
;ACC01;MGLU3;1;6338;4937;4936;13.35;84612.30;65908.95;65895.60;
;ACC04;LREN3;2;1074;878;877;15.33;16464.42;13459.74;13444.41;
;ACC03;B3SA3;2;5509;1354;1353;11.47;63188.23;15530.38;15518.91;
;ACC07;LREN3;2;3262;1639;1638;18.33;59792.46;30042.87;30024.54;
;ACC03;BBDC4;2;2713;1074;1073;16.45;44628.85;17667.30;17650.85;
;ACC01;MGLU3;1;1543;442;441;14.56;22466.08;6435.52;6420.96;
;ACC04;PETR4;2;2946;821;820;17.36;51142.56;14252.56;14235.20;
;ACC01;BBDC4;1;4819;3628;3627;10.15;48912.85;36824.20;36814.05;
;ACC10;MGLU3;1;6168;5588;5587;11.36;70068.48;63479.68;63468.32;
;ACC05;LREN3;1;6313;4841;4840;12.04;76008.52;58285.64;58273.60;
;ACC09;LREN3;1;7472;2909;2908;17.86;133449.92;51954.74;51936.88;
;ACC10;ITUB4;2;4375;2180;2179;14.73;64443.75;32111.40;32096.67;
;ACC04;BBDC4;2;9187;7255;7254;13.93;127974.91;101062.15;101048.22;
;ACC02;BBDC4;2;3796;1684;1683;16.69;63355.24;28105.96;28089.27;
;ACC10;BBAS3;2;4284;1186;1185;10.58;45324.72;12547.88;12537.30;
;ACC06;VALE3;2;7221;5716;5715;12.34;89107.14;70535.44;70523.10;
;ACC01;B3SA3;2;4022;2928;2927;12.65;50878.30;37039.20;37026.55;
;ACC09;MGLU3;1;8508;1696;1695;18.33;155951.64;31087.68;31069.35;
;ACC07;B3SA3;2;9354;8699;8698;16.78;156960.12;145969.22;145952.44;
;ACC07;MGLU3;2;2371;2229;2228;15.25;36157.75;33992.25;33977.00;
;ACC04;BBDC4;2;8556;1807;1806;15.26;130564.56;27574.82;27559.56;
;ACC06;ITUB4;1;8941;4954;4953;18.40;164514.40;91153.60;91135.20;
;ACC04;PETR4;1;2798;168;167;15.29;42781.42;2568.72;2553.43;
;ACC02;BBAS3;2;2628;438;437;13.78;36213.84;6035.64;6021.86;
;ACC09;BBDC4;2;2331;607;606;16.25;37878.75;9863.75;9847.50;
;ACC07;VALE3;1;9691;4585;4584;17.83;172790.53;81750.55;81732.72;
;ACC10;PETR4;2;4020;574;573;19.78;79515.60;11353.72;11333.94;
;ACC08;ABEV3;2;8179;6292;6291;12.16;99456.64;76510.72;76498.56;
;ACC06;ABEV3;2;7789;2409;2408;10.11;78746.79;24354.99;24344.88;
;ACC01;BBAS3;2;1089;276;275;16.89;18393.21;4661.64;4644.75;
;ACC04;PETR4;2;7512;291;290;14.35;107797.20;4175.85;4161.50;
;ACC08;LREN3;2;7014;6587;6586;18.71;131231.94;123242.77;123224.06;
;ACC03;ITUB4;1;9688;1202;1201;15.46;149776.48;18582.92;18567.46;
;ACC06;ABEV3;2;2980;1257;1256;12.21;36385.80;15347.97;15335.76;
;ACC03;BBAS3;1;7502;2143;2142;12.36;92724.72;26487.48;26475.12;
;ACC03;MGLU3;1;8983;3726;3725;15.81;142021.23;58908.06;58892.25;
;ACC07;LREN3;1;6486;1368;1367;14.97;97095.42;20478.96;20463.99;
;ACC02;ABEV3;2;2649;590;589;15.76;41748.24;9298.40;9282.64;
;ACC03;BBDC4;1;6610;1774;1773;13.70;90557.00;24303.80;24290.10;
;ACC10;VALE3;2;4988;3096;3095;14.33;71478.04;44365.68;44351.35;
;ACC10;LREN3;2;9492;5240;5239;16.10;152821.20;84364.00;84347.90;
;ACC09;BBDC4;2;8706;180;179;11.01;95853.06;1981.80;1970.79;
;ACC10;ITUB4;2;9575;5629;5628;15.28;146306.00;86011.12;85995.84;
;ACC10;B3SA3;1;5327;4795;4794;17.61;93808.47;84439.95;84422.34;
;ACC04;LREN3;1;6694;1049;1048;17.68;118349.92;18546.32;18528.64;
;ACC05;LREN3;2;9724;2495;2494;11.08;107741.92;27644.60;27633.52;
;ACC10;WEGE3;2;4715;2220;2219;19.92;93922.80;44222.40;44202.48;
;ACC02;WEGE3;2;6357;144;143;10.08;64078.56;1451.52;1441.44;
;ACC04;LREN3;1;7752;274;273;17.27;133877.04;4731.98;4714.71;
;ACC09;LREN3;1;7011;909;908;13.98;98013.78;12707.82;12693.84;
;ACC02;B3SA3;2;4024;3841;3840;18.48;74363.52;70981.68;70963.20;
;ACC08;BBAS3;2;4018;1776;1775;15.40;61877.20;27350.40;27335.00;
;ACC06;PETR4;2;8158;2902;2901;14.41;117556.78;41817.82;41803.41;
;ACC10;PETR4;2;1355;208;207;19.95;27032.25;4149.60;4129.65;
;ACC05;ITUB4;2;5899;3444;3443;10.39;61290.61;35783.16;35772.77;
;ACC10;MGLU3;1;6074;900;899;19.23;116803.02;17307.00;17287.77;
;ACC06;LREN3;1;7020;3315;3314;14.60;102492.00;48399.00;48384.40;
;ACC02;ABEV3;1;6800;4487;4486;15.84;107712.00;71074.08;71058.24;
;ACC04;ITUB4;1;2745;1888;1887;17.43;47845.35;32907.84;32890.41;
;ACC03;BBAS3;2;9705;960;959;11.45;111122.25;10992.00;10980.55;
;ACC09;ABEV3;2;4365;3318;3317;19.17;83677.05;63606.06;63586.89;
;ACC05;MGLU3;1;6742;3183;3182;11.56;77937.52;36795.48;36783.92;
;ACC05;ITUB4;2;1716;420;419;15.90;27284.40;6678.00;6662.10;
;ACC09;B3SA3;1;3738;2757;2756;13.12;49042.56;36171.84;36158.72;
;ACC03;B3SA3;1;3367;2353;2352;15.97;53770.99;37577.41;37561.44;
;ACC01;WEGE3;2;6408;4255;4254;13.63;87341.04;57995.65;57982.02;
;ACC08;VALE3;2;6185;1444;1443;12.03;74405.55;17371.32;17359.29;
;ACC10;B3SA3;1;6659;2029;2028;12.85;85568.15;26072.65;26059.80;
;ACC04;ITUB4;1;2676;2421;2420;15.82;42334.32;38300.22;38284.40;
;ACC10;WEGE3;2;8604;7120;7119;10.76;92579.04;76611.20;76600.44;
;ACC07;B3SA3;1;1860;160;159;15.79;29369.40;2526.40;2510.61;
;ACC01;VALE3;1;5366;4052;4051;17.85;95783.10;72328.20;72310.35;
;ACC09;ITUB4;2;4794;2417;2416;19.83;95065.02;47929.11;47909.28;
;ACC03;WEGE3;2;2189;867;866;16.52;36162.28;14322.84;14306.32;
;ACC09;LREN3;1;5809;3240;3239;17.97;104387.73;58222.80;58204.83;
;ACC10;ITUB4;1;9121;4260;4259;14.50;132254.50;61770.00;61755.50;
;ACC08;ABEV3;1;1843;1319;1318;12.54;23111.22;16540.26;16527.72;
;ACC08;WEGE3;2;8286;3657;3656;14.11;116915.46;51600.27;51586.16;
;ACC08;PETR4;2;5787;4967;4966;15.58;90161.46;77385.86;77370.28;
;ACC03;B3SA3;2;9014;4310;4309;13.47;121418.58;58055.70;58042.23;
;ACC07;ABEV3;2;9676;8828;8827;15.88;153654.88;140188.64;140172.76;
;ACC07;LREN3;1;2652;1166;1165;18.14;48107.28;21151.24;21133.10;
;ACC08;VALE3;1;3232;2709;2708;10.61;34291.52;28742.49;28731.88;
;ACC09;WEGE3;1;3907;1687;1686;14.50;56651.50;24461.50;24447.00;
;ACC06;PETR4;1;4201;3370;3369;18.89;79356.89;63659.30;63640.41;
;ACC01;BBAS3;1;6939;5543;5542;18.49;128302.11;102490.07;102471.58;
;ACC10;PETR4;1;9555;2229;2228;17.08;163199.40;38071.32;38054.24;
;ACC08;WEGE3;2;8666;5010;5009;15.65;135622.90;78406.50;78390.85;
;ACC02;B3SA3;1;5054;4169;4168;18.36;92791.44;76542.84;76524.48;
;ACC08;BBDC4;1;8472;6666;6665;11.34;96072.48;75592.44;75581.10;
;ACC06;B3SA3;1;4751;4172;4171;11.38;54066.38;47477.36;47465.98;
;ACC02;ITUB4;2;4984;1629;1628;12.15;60555.60;19792.35;19780.20;
;ACC05;ITUB4;1;4831;1718;1717;15.24;73624.44;26182.32;26167.08;
;ACC03;VALE3;1;4453;1769;1768;12.10;53881.30;21404.90;21392.80;
;ACC10;PETR4;2;9201;448;447;11.01;101303.01;4932.48;4921.47;
;ACC07;B3SA3;1;5088;2514;2513;13.24;67365.12;33285.36;33272.12;
;ACC03;BBDC4;2;1076;193;192;18.28;19669.28;3528.04;3509.76;
;ACC04;WEGE3;2;8144;2046;2045;11.91;96995.04;24367.86;24355.95;
;ACC01;MGLU3;1;2279;1185;1184;11.92;27165.68;14125.20;14113.28;
;ACC08;ITUB4;2;4731;3380;3379;14.86;70302.66;50226.80;50211.94;
;ACC09;VALE3;1;1121;466;465;11.87;13306.27;5531.42;5519.55;
;ACC04;B3SA3;2;2034;1156;1155;12.29;24997.86;14207.24;14194.95;
;ACC04;BBAS3;2;7686;2002;2001;10.04;77167.44;20100.08;20090.04;
;ACC02;ITUB4;2;3920;1672;1671;14.12;55350.40;23608.64;23594.52;
;ACC07;B3SA3;1;1823;1205;1204;10.90;19870.70;13134.50;13123.60;
;ACC06;MGLU3;2;3368;1566;1565;10.57;35599.76;16552.62;16542.05;
;ACC03;VALE3;1;3535;2838;2837;14.73;52070.55;41803.74;41789.01;
;ACC01;PETR4;1;3581;1476;1475;14.71;52676.51;21711.96;21697.25;
;ACC02;BBAS3;2;9928;4984;4983;12.94;128468.32;64492.96;64480.02;
;ACC05;LREN3;1;1312;170;169;10.62;13933.44;1805.40;1794.78;
;ACC10;MGLU3;2;9045;7409;7408;15.58;140921.10;115432.22;115416.64;
;ACC05;PETR4;2;1780;291;290;13.36;23780.80;3887.76;3874.40;
;ACC08;B3SA3;2;6897;5167;5166;13.37;92212.89;69082.79;69069.42;
;ACC04;PETR4;1;7172;1604;1603;19.22;137845.84;30828.88;30809.66;
;ACC09;PETR4;1;8550;5811;5810;19.08;163134.00;110873.88;110854.80;
;ACC04;ITUB4;1;7338;5666;5665;17.61;129222.18;99778.26;99760.65;
;ACC07;B3SA3;2;3398;2076;2075;15.69;53314.62;32572.44;32556.75;
;ACC05;ABEV3;2;6809;6742;6741;17.99;122493.91;121288.58;121270.59;
;ACC01;PETR4;1;7724;6244;6243;11.24;86817.76;70182.56;70171.32;
;ACC07;PETR4;1;1315;422;421;18.14;23854.10;7655.08;7636.94;
;ACC06;BBDC4;1;3963;1856;1855;12.64;50092.32;23459.84;23447.20;
;ACC06;WEGE3;1;8891;8809;8808;12.38;110070.58;109055.42;109043.04;
;ACC08;ABEV3;1;6597;5763;5762;13.49;88993.53;77742.87;77729.38;
;ACC09;B3SA3;1;5203;1609;1608;10.70;55672.10;17216.30;17205.60;
;ACC07;MGLU3;2;6220;2122;2121;13.15;81793.00;27904.30;27891.15;
;ACC08;B3SA3;2;5838;4413;4412;12.75;74434.50;56265.75;56253.00;
;ACC08;BBAS3;1;1043;629;628;16.96;17689.28;10667.84;10650.88;
;ACC01;WEGE3;1;9126;7402;7401;12.53;114348.78;92747.06;92734.53;
;ACC06;LREN3;1;6101;924;923;10.14;61864.14;9369.36;9359.22;
;ACC02;ABEV3;2;4134;2881;2880;12.52;51757.68;36070.12;36057.60;
;ACC07;MGLU3;1;4819;4326;4325;10.00;48190.00;43260.00;43250.00;
;ACC01;BBAS3;2;8320;873;872;18.47;153670.40;16124.31;16105.84;
;ACC04;LREN3;2;3753;303;302;14.11;52954.83;4275.33;4261.22;
;ACC10;WEGE3;1;9679;3436;3435;18.34;177512.86;63016.24;62997.90;
;ACC03;BBDC4;2;1617;499;498;14.09;22783.53;7030.91;7016.82;
;ACC04;VALE3;2;5509;3193;3192;11.57;63739.13;36943.01;36931.44;
;ACC03;VALE3;2;8542;3526;3525;17.56;149997.52;61916.56;61899.00;
;ACC04;ABEV3;1;2044;1023;1022;17.41;35586.04;17810.43;17793.02;
;ACC08;BBDC4;2;6601;872;871;13.03;86011.03;11362.16;11349.13;
;ACC09;BBAS3;2;9856;7254;7253;13.25;130592.00;96115.50;96102.25;
;ACC05;BBAS3;2;6102;2088;2087;15.21;92811.42;31758.48;31743.27;
;ACC04;LREN3;1;6179;2387;2386;16.81;103868.99;40125.47;40108.66;
;ACC04;BBAS3;2;5543;275;274;10.48;58090.64;2882.00;2871.52;
;ACC10;ITUB4;1;3927;361;360;18.08;71000.16;6526.88;6508.80;
;ACC01;LREN3;2;8671;4874;4873;15.08;130758.68;73499.92;73484.84;
;ACC02;WEGE3;1;4774;1839;1838;19.91;95050.34;36614.49;36594.58;
;ACC10;WEGE3;1;2919;472;471;10.78;31466.82;5088.16;5077.38;
;ACC09;MGLU3;2;3052;3034;3033;18.11;55271.72;54945.74;54927.63;
;ACC03;LREN3;2;8691;562;561;15.38;133667.58;8643.56;8628.18;
;ACC10;ABEV3;1;5267;188;187;14.90;78478.30;2801.20;2786.30;
;ACC07;BBDC4;2;6901;4446;4445;18.12;125046.12;80561.52;80543.40;
;ACC05;VALE3;2;3285;1388;1387;11.76;38631.60;16322.88;16311.12;
;ACC07;WEGE3;2;9879;6210;6209;12.15;120029.85;75451.50;75439.35;
;ACC06;BBAS3;1;4148;3267;3266;10.30;42724.40;33650.10;33639.80;
;ACC10;LREN3;2;9477;4430;4429;19.06;180631.62;84435.80;84416.74;
;ACC01;WEGE3;2;2180;65;64;12.30;26814.00;799.50;787.20;
;ACC07;LREN3;2;5511;1529;1528;12.86;70871.46;19662.94;19650.08;
;ACC09;ABEV3;2;3726;1685;1684;12.62;47022.12;21264.70;21252.08;
;ACC09;VALE3;1;5650;1045;1044;13.28;75032.00;13877.60;13864.32;
;ACC06;VALE3;1;2926;2716;2715;10.91;31922.66;29631.56;29620.65;
;ACC06;BBAS3;2;2391;5;4;10.70;25583.70;53.50;42.80;
;ACC07;LREN3;2;3493;3148;3147;11.06;38632.58;34816.88;34805.82;
;ACC02;MGLU3;1;7234;4598;4597;17.73;128258.82;81522.54;81504.81;
;ACC07;PETR4;1;8711;1338;1337;19.23;167512.53;25729.74;25710.51;
;ACC10;MGLU3;2;3171;3052;3051;14.73;46708.83;44955.96;44941.23;
;ACC03;ABEV3;2;9533;6464;6463;14.28;136131.24;92305.92;92291.64;
;ACC09;BBAS3;1;3607;575;574;19.10;68893.70;10982.50;10963.40;
;ACC03;PETR4;2;4675;4245;4244;16.62;77698.50;70551.90;70535.28;
;ACC03;WEGE3;2;2055;1989;1988;10.91;22420.05;21699.99;21689.08;
;ACC07;VALE3;1;5834;3331;3330;14.23;83017.82;47400.13;47385.90;
;ACC04;PETR4;1;9718;7382;7381;19.54;189889.72;144244.28;144224.74;
;ACC03;VALE3;1;5806;4318;4317;16.86;97889.16;72801.48;72784.62;
;ACC08;ITUB4;1;3967;1805;1804;18.86;74817.62;34042.30;34023.44;
;ACC05;B3SA3;1;9808;7819;7818;12.09;118578.72;94531.71;94519.62;
;ACC10;PETR4;2;4923;3839;3838;10.77;53020.71;41346.03;41335.26;
;ACC07;ITUB4;1;4012;1210;1209;19.48;78153.76;23570.80;23551.32;
;ACC07;B3SA3;1;8934;6722;6721;19.50;174213.00;131079.00;131059.50;
;ACC05;WEGE3;1;6603;4839;4838;11.22;74085.66;54293.58;54282.36;
;ACC01;ITUB4;1;1434;857;856;11.50;16491.00;9855.50;9844.00;
;ACC09;ITUB4;2;8656;4364;4363;10.66;92272.96;46520.24;46509.58;
;ACC09;MGLU3;1;5106;1284;1283;18.46;94256.76;23702.64;23684.18;
;ACC01;MGLU3;2;9975;1180;1179;12.21;121794.75;14407.80;14395.59;
;ACC03;ABEV3;2;2535;915;914;13.12;33259.20;12004.80;11991.68;
;ACC02;BBAS3;1;2696;2066;2065;18.72;50469.12;38675.52;38656.80;
;ACC08;ABEV3;2;3221;646;645;10.41;33530.61;6724.86;6714.45;
;ACC08;ABEV3;1;7247;3852;3851;15.06;109139.82;58011.12;57996.06;
;ACC03;VALE3;2;3590;2342;2341;18.78;67420.20;43982.76;43963.98;
;ACC02;BBDC4;2;1799;320;319;19.08;34324.92;6105.60;6086.52;
;ACC02;VALE3;1;6661;6437;6436;19.06;126958.66;122689.22;122670.16;
;ACC01;WEGE3;2;7537;4363;4362;13.31;100317.47;58071.53;58058.22;
;ACC03;BBAS3;2;8819;8307;8306;10.74;94716.06;89217.18;89206.44;
;ACC02;B3SA3;1;1008;143;142;13.94;14051.52;1993.42;1979.48;
;ACC07;VALE3;2;4412;2165;2164;18.12;79945.44;39229.80;39211.68;
;ACC08;ABEV3;2;8471;7579;7578;15.32;129775.72;116110.28;116094.96;
;ACC08;ABEV3;2;6682;2559;2558;11.07;73969.74;28328.13;28317.06;
;ACC02;ABEV3;1;5793;740;739;19.87;115106.91;14703.80;14683.93;
;ACC09;BBDC4;1;4904;3343;3342;11.82;57965.28;39514.26;39502.44;
;ACC04;VALE3;1;6503;368;367;15.58;101316.74;5733.44;5717.86;
;ACC01;MGLU3;1;3950;2184;2183;16.60;65570.00;36254.40;36237.80;
;ACC06;BBDC4;1;1905;845;844;18.31;34880.55;15471.95;15453.64;
;ACC09;PETR4;1;4277;1850;1849;14.84;63470.68;27454.00;27439.16;
;ACC09;BBAS3;1;4457;1219;1218;18.07;80537.99;22027.33;22009.26;
;ACC01;BBDC4;1;8120;4253;4252;12.19;98982.80;51844.07;51831.88;
;ACC08;WEGE3;2;3715;749;748;18.15;67427.25;13594.35;13576.20;
;ACC09;VALE3;1;2897;1001;1000;19.32;55970.04;19339.32;19320.00;
;ACC03;LREN3;2;1665;1085;1084;16.67;27755.55;18086.95;18070.28;
;ACC10;ABEV3;2;7460;4078;4077;18.93;141217.80;77196.54;77177.61;
;ACC05;B3SA3;2;8557;97;96;18.41;157534.37;1785.77;1767.36;
;ACC08;VALE3;1;3010;1936;1935;18.27;54992.70;35370.72;35352.45;
;ACC08;BBAS3;2;4786;2958;2957;10.51;50300.86;31088.58;31078.07;
;ACC09;LREN3;2;2966;1145;1144;17.07;50629.62;19545.15;19528.08;
;ACC07;MGLU3;1;9634;3186;3185;18.18;175146.12;57921.48;57903.30;
;ACC10;B3SA3;2;2202;745;744;13.21;29088.42;9841.45;9828.24;
;ACC08;BBDC4;1;6735;4716;4715;19.16;129042.60;90358.56;90339.40;
;ACC06;BBAS3;2;5394;2552;2551;11.20;60412.80;28582.40;28571.20;
;ACC08;ABEV3;2;6309;4360;4359;17.86;112678.74;77869.60;77851.74;
;ACC03;BBAS3;1;5143;3760;3759;10.48;53898.64;39404.80;39394.32;
;ACC09;PETR4;2;7246;4277;4276;13.06;94632.76;55857.62;55844.56;
;ACC05;B3SA3;2;3204;200;199;13.92;44599.68;2784.00;2770.08;
;ACC08;BBAS3;2;5164;2543;2542;15.06;77769.84;38297.58;38282.52;
;ACC05;ITUB4;1;1067;413;412;18.41;19643.47;7603.33;7584.92;
;ACC03;B3SA3;2;2753;1750;1749;11.07;30475.71;19372.50;19361.43;
;ACC08;ABEV3;2;5575;2769;2768;12.78;71248.50;35387.82;35375.04;
;ACC02;WEGE3;1;4401;2658;2657;19.98;87931.98;53106.84;53086.86;
;ACC10;ITUB4;1;3363;1801;1800;10.27;34538.01;18496.27;18486.00;
;ACC01;ITUB4;2;7013;1126;1125;19.99;140189.87;22508.74;22488.75;
;ACC10;ITUB4;2;2729;92;91;15.47;42217.63;1423.24;1407.77;
;ACC03;LREN3;1;8193;6986;6985;15.45;126581.85;107933.70;107918.25;
;ACC05;BBAS3;2;7795;1885;1884;18.10;141089.50;34118.50;34100.40;
;ACC06;ABEV3;2;1343;406;405;11.28;15149.04;4579.68;4568.40;
;ACC07;MGLU3;2;7148;1733;1732;18.50;132238.00;32060.50;32042.00;
;ACC04;VALE3;1;6912;228;227;16.45;113702.40;3750.60;3734.15;
;ACC02;WEGE3;1;9119;7;6;12.29;112072.51;86.03;73.74;
;ACC09;WEGE3;1;4529;1141;1140;19.74;89402.46;22523.34;22503.60;
;ACC03;BBAS3;1;3110;1011;1010;13.99;43508.90;14143.89;14129.90;
;ACC01;BBDC4;1;5298;3546;3545;14.29;75708.42;50672.34;50658.05;
;ACC06;ITUB4;2;5155;789;788;12.02;61963.10;9483.78;9471.76;
;ACC10;VALE3;1;3536;1340;1339;19.31;68280.16;25875.40;25856.09;
;ACC05;LREN3;1;4633;2475;2474;19.98;92567.34;49450.50;49430.52;
;ACC09;PETR4;2;8571;4328;4327;10.27;88024.17;44448.56;44438.29;
;ACC09;B3SA3;2;5787;4922;4921;11.54;66781.98;56799.88;56788.34;
;ACC09;BBAS3;1;6008;627;626;10.97;65907.76;6878.19;6867.22;
;ACC07;ABEV3;1;3219;2963;2962;18.92;60903.48;56059.96;56041.04;
;ACC01;B3SA3;2;4071;1848;1847;13.98;56912.58;25835.04;25821.06;
;ACC01;VALE3;2;9827;2551;2550;17.22;169220.94;43928.22;43911.00;
;ACC02;MGLU3;1;9676;8138;8137;17.63;170587.88;143472.94;143455.31;
;ACC07;MGLU3;2;9710;3905;3904;19.55;189830.50;76342.75;76323.20;
;ACC07;PETR4;2;1954;1640;1639;11.15;21787.10;18286.00;18274.85;
;ACC09;LREN3;2;5862;4701;4700;10.42;61082.04;48984.42;48974.00;
;ACC08;B3SA3;1;6218;1762;1761;11.17;69455.06;19681.54;19670.37;
;ACC10;LREN3;2;4999;1988;1987;17.06;85282.94;33915.28;33898.22;
;ACC03;ITUB4;1;6303;601;600;16.06;101226.18;9652.06;9636.00;
;ACC05;ITUB4;1;5042;4828;4827;11.27;56823.34;54411.56;54400.29;
;ACC10;BBDC4;2;4717;4691;4690;16.49;77783.33;77354.59;77338.10;
;ACC02;PETR4;1;8154;682;681;16.60;135356.40;11321.20;11304.60;
;ACC01;ITUB4;1;5060;52;51;13.51;68360.60;702.52;689.01;
;ACC05;ABEV3;1;1473;848;847;18.15;26734.95;15391.20;15373.05;
;ACC09;LREN3;1;1168;654;653;17.67;20638.56;11556.18;11538.51;
;ACC03;VALE3;2;2035;516;515;15.10;30728.50;7791.60;7776.50;
;ACC03;ITUB4;2;2604;1256;1255;15.41;40127.64;19354.96;19339.55;
;ACC03;BBAS3;1;8504;5949;5948;18.07;153667.28;107498.43;107480.36;
;ACC01;B3SA3;2;9945;8025;8024;11.21;111483.45;89960.25;89949.04;
;ACC08;BBAS3;2;4389;3055;3054;16.44;72155.16;50224.20;50207.76;
;ACC10;B3SA3;1;1802;1648;1647;16.87;30399.74;27801.76;27784.89;
;ACC10;ITUB4;1;3044;1262;1261;12.84;39084.96;16204.08;16191.24;
;ACC10;MGLU3;2;6354;5045;5044;11.26;71546.04;56806.70;56795.44;
;ACC03;ABEV3;2;7030;1234;1233;14.84;104325.20;18312.56;18297.72;
;ACC10;PETR4;2;9643;2973;2972;16.93;163255.99;50332.89;50315.96;
;ACC08;LREN3;1;3447;3368;3367;16.06;55358.82;54090.08;54074.02;
;ACC02;BBDC4;1;2104;558;557;12.03;25311.12;6712.74;6700.71;
;ACC08;PETR4;1;8601;1339;1338;11.72;100803.72;15693.08;15681.36;
;ACC06;B3SA3;1;3995;3677;3676;18.81;75145.95;69164.37;69145.56;
;ACC05;LREN3;1;8870;3921;3920;15.96;141565.20;62579.16;62563.20;
;ACC06;MGLU3;1;3271;69;68;12.20;39906.20;841.80;829.60;
;ACC03;ITUB4;1;2257;563;562;10.76;24285.32;6057.88;6047.12;
;ACC08;BBDC4;2;6006;1680;1679;14.74;88528.44;24763.20;24748.46;
;ACC04;ABEV3;1;6541;4295;4294;18.99;124213.59;81562.05;81543.06;
;ACC10;PETR4;1;8003;2597;2596;16.40;131249.20;42590.80;42574.40;
;ACC03;B3SA3;2;6108;2645;2644;16.30;99560.40;43113.50;43097.20;
;ACC10;VALE3;2;5617;4577;4576;10.41;58472.97;47646.57;47636.16;
;ACC05;BBAS3;1;8312;4566;4565;19.34;160754.08;88306.44;88287.10;
;ACC02;LREN3;1;4248;3848;3847;18.82;79947.36;72419.36;72400.54;
;ACC01;BBAS3;2;8860;2813;2812;10.15;89929.00;28551.95;28541.80;
;ACC03;WEGE3;2;8613;175;174;13.88;119548.44;2429.00;2415.12;
;ACC06;ABEV3;1;9018;2739;2738;19.16;172784.88;52479.24;52460.08;
;ACC03;ABEV3;1;2458;2039;2038;13.80;33920.40;28138.20;28124.40;
;ACC08;MGLU3;2;9062;8490;8489;11.59;105028.58;98399.10;98387.51;
;ACC09;WEGE3;1;7729;5797;5796;14.19;109674.51;82259.43;82245.24;
;ACC06;B3SA3;2;8009;5452;5451;14.70;117732.30;80144.40;80129.70;
;ACC09;ABEV3;2;2669;254;253;18.58;49590.02;4719.32;4700.74;
;ACC08;BBDC4;1;4478;2597;2596;15.77;70618.06;40954.69;40938.92;
;ACC02;MGLU3;2;3280;1396;1395;14.45;47396.00;20172.20;20157.75;
;ACC01;MGLU3;2;5408;2844;2843;13.19;71331.52;37512.36;37499.17;
;ACC06;BBAS3;1;9261;8641;8640;13.06;120948.66;112851.46;112838.40;
;ACC03;VALE3;1;8888;4219;4218;15.44;137230.72;65141.36;65125.92;
;ACC05;ITUB4;1;7611;942;941;12.29;93539.19;11577.18;11564.89;
;ACC04;B3SA3;1;3538;1731;1730;11.69;41359.22;20235.39;20223.70;
;ACC07;VALE3;1;8046;5685;5684;16.12;129701.52;91642.20;91626.08;
;ACC05;PETR4;1;8850;383;382;15.78;139653.00;6043.74;6027.96;
;ACC02;BBAS3;1;1752;486;485;10.23;17922.96;4971.78;4961.55;
;ACC04;WEGE3;1;7158;1011;1010;19.35;138507.30;19562.85;19543.50;
;ACC06;PETR4;1;6202;6124;6123;18.07;112070.14;110660.68;110642.61;
;ACC07;B3SA3;1;1912;38;37;16.52;31586.24;627.76;611.24;
;ACC05;B3SA3;1;3624;3115;3114;19.07;69109.68;59403.05;59383.98;
;ACC04;B3SA3;1;1722;1463;1462;17.01;29291.22;24885.63;24868.62;
;ACC03;MGLU3;1;4340;523;522;19.27;83631.80;10078.21;10058.94;
;ACC09;B3SA3;2;2687;1345;1344;15.12;40627.44;20336.40;20321.28;
;ACC06;VALE3;1;9847;1420;1419;10.53;103688.91;14952.60;14942.07;
;ACC10;LREN3;1;6938;3288;3287;17.54;121692.52;57671.52;57653.98;
;ACC10;ITUB4;1;7710;5122;5121;11.88;91594.80;60849.36;60837.48;
;ACC10;B3SA3;1;6044;5274;5273;19.80;119671.20;104425.20;104405.40;
;ACC10;ABEV3;1;3545;1434;1433;19.20;68064.00;27532.80;27513.60;
;ACC04;VALE3;2;6457;3105;3104;13.82;89235.74;42911.10;42897.28;
;ACC04;LREN3;2;3020;2009;2008;11.82;35696.40;23746.38;23734.56;
;ACC01;VALE3;1;2875;127;126;11.41;32803.75;1449.07;1437.66;
;ACC02;BBDC4;2;7386;5686;5685;17.29;127703.94;98310.94;98293.65;
;ACC05;BBDC4;1;9501;2243;2242;11.07;105176.07;24830.01;24818.94;
;ACC09;LREN3;1;1092;376;375;17.71;19339.32;6658.96;6641.25;
;ACC04;ITUB4;2;2697;133;132;18.04;48653.88;2399.32;2381.28;
;ACC09;VALE3;1;4022;3970;3969;14.06;56549.32;55818.20;55804.14;
;ACC09;VALE3;1;7289;5018;5017;19.98;145634.22;100259.64;100239.66;
;ACC05;LREN3;1;9657;5371;5370;16.89;163106.73;90716.19;90699.30;
;ACC05;WEGE3;1;2136;129;128;13.00;27768.00;1677.00;1664.00;
;ACC02;MGLU3;1;4528;1270;1269;14.70;66561.60;18669.00;18654.30;
;ACC06;WEGE3;1;9048;498;497;15.75;142506.00;7843.50;7827.75;
;ACC09;VALE3;2;3550;1339;1338;13.51;47960.50;18089.89;18076.38;
;ACC06;PETR4;2;8909;5536;5535;11.07;98622.63;61283.52;61272.45;
;ACC04;BBAS3;1;7558;99;98;13.87;104829.46;1373.13;1359.26;
;ACC07;BBAS3;1;8831;5219;5218;17.88;157898.28;93315.72;93297.84;
;ACC01;BBDC4;1;6625;2806;2805;13.75;91093.75;38582.50;38568.75;
;ACC02;BBDC4;1;9051;4244;4243;18.09;163732.59;76773.96;76755.87;
;ACC08;VALE3;2;6954;1176;1175;18.77;130526.58;22073.52;22054.75;
;ACC08;BBAS3;2;7019;6764;6763;15.80;110900.20;106871.20;106855.40;
;ACC01;ABEV3;1;2700;2596;2595;13.01;35127.00;33773.96;33760.95;
;ACC01;ABEV3;1;1272;296;295;18.92;24066.24;5600.32;5581.40;
;ACC09;ABEV3;1;2842;232;231;16.83;47830.86;3904.56;3887.73;
;ACC03;BBDC4;1;3926;705;704;15.31;60107.06;10793.55;10778.24;
;ACC08;PETR4;2;4309;2065;2064;10.23;44081.07;21124.95;21114.72;
;ACC03;BBAS3;1;8447;3164;3163;18.61;157198.67;58882.04;58863.43;
;ACC05;MGLU3;2;1360;567;566;12.84;17462.40;7280.28;7267.44;
;ACC02;BBAS3;1;9989;8619;8618;10.85;108380.65;93516.15;93505.30;
;ACC08;B3SA3;1;7110;4668;4667;14.28;101530.80;66659.04;66644.76;
;ACC01;B3SA3;1;2179;453;452;12.00;26148.00;5436.00;5424.00;
;ACC04;LREN3;2;5689;568;567;10.85;61725.65;6162.80;6151.95;
;ACC06;WEGE3;2;6868;2477;2476;18.62;127882.16;46121.74;46103.12;
;ACC09;MGLU3;1;2044;1543;1542;17.42;35606.48;26879.06;26861.64;
;ACC03;BBAS3;2;8322;7907;7906;16.60;138145.20;131256.20;131239.60;
;ACC08;PETR4;1;3145;2141;2140;15.44;48558.80;33057.04;33041.60;
;ACC09;BBAS3;1;7719;3872;3871;15.43;119104.17;59744.96;59729.53;
;ACC01;B3SA3;1;7635;4580;4579;10.81;82534.35;49509.80;49498.99;
;ACC09;ITUB4;1;6446;539;538;13.73;88503.58;7400.47;7386.74;
;ACC07;B3SA3;1;9196;5515;5514;17.71;162861.16;97670.65;97652.94;
;ACC07;B3SA3;2;2738;1678;1677;18.51;50680.38;31059.78;31041.27;
;ACC07;MGLU3;1;7551;1930;1929;17.09;129046.59;32983.70;32966.61;
;ACC06;ITUB4;2;5516;1143;1142;13.10;72259.60;14973.30;14960.20;
;ACC02;PETR4;1;2734;1869;1868;10.77;29445.18;20129.13;20118.36;
;ACC05;BBAS3;2;3873;3655;3654;10.99;42564.27;40168.45;40157.46;
;ACC03;PETR4;1;9964;716;715;15.07;150157.48;10790.12;10775.05;
;ACC10;ITUB4;1;8793;2847;2846;15.61;137258.73;44441.67;44426.06;
;ACC06;WEGE3;2;6155;4112;4111;19.79;121807.45;81376.48;81356.69;
;ACC03;ABEV3;1;7103;4510;4509;18.31;130055.93;82578.10;82559.79;
;ACC01;PETR4;2;4757;2596;2595;11.43;54372.51;29672.28;29660.85;
;ACC07;MGLU3;1;9359;2729;2728;19.52;182687.68;53270.08;53250.56;
;ACC02;BBAS3;2;2678;1464;1463;11.65;31198.70;17055.60;17043.95;
;ACC03;B3SA3;1;7298;6645;6644;10.39;75826.22;69041.55;69031.16;
;ACC04;BBDC4;1;9184;1121;1120;14.57;133810.88;16332.97;16318.40;
;ACC08;WEGE3;2;8291;3854;3853;14.91;123618.81;57463.14;57448.23;
;ACC06;ITUB4;1;5381;4971;4970;19.19;103261.39;95393.49;95374.30;
;ACC02;MGLU3;2;4228;2889;2888;14.67;62024.76;42381.63;42366.96;
;ACC02;WEGE3;2;9240;4040;4039;15.42;142480.80;62296.80;62281.38;
;ACC05;LREN3;1;4153;572;571;11.49;47717.97;6572.28;6560.79;
;ACC08;ITUB4;2;7914;7492;7491;14.94;118235.16;111930.48;111915.54;
;ACC02;ITUB4;1;5571;1107;1106;14.91;83063.61;16505.37;16490.46;
;ACC07;WEGE3;2;4856;29;28;10.44;50696.64;302.76;292.32;
;ACC10;B3SA3;2;3020;1904;1903;14.74;44514.80;28064.96;28050.22;
;ACC04;ITUB4;2;8603;812;811;19.49;167672.47;15825.88;15806.39;
;ACC03;WEGE3;2;6249;2428;2427;10.86;67864.14;26368.08;26357.22;
;ACC04;WEGE3;2;2685;2022;2021;11.59;31119.15;23434.98;23423.39;
;ACC01;LREN3;1;4058;2492;2491;15.29;62046.82;38102.68;38087.39;
;ACC09;ITUB4;2;8338;5418;5417;19.46;162257.48;105434.28;105414.82;
;ACC04;LREN3;1;8691;3060;3059;13.74;119414.34;42044.40;42030.66;
;ACC05;VALE3;1;4700;3589;3588;18.45;86715.00;66217.05;66198.60;
;ACC05;MGLU3;2;9342;3123;3122;16.73;156291.66;52247.79;52231.06;
;ACC10;BBAS3;1;2964;1828;1827;19.92;59042.88;36413.76;36393.84;
;ACC07;MGLU3;1;6205;2686;2685;12.50;77562.50;33575.00;33562.50;
;ACC02;B3SA3;2;9511;1960;1959;17.37;165206.07;34045.20;34027.83;
;ACC06;MGLU3;2;3403;3283;3282;16.67;56728.01;54727.61;54710.94;
;ACC06;WEGE3;2;1886;22;21;16.49;31100.14;362.78;346.29;
;ACC04;ITUB4;1;9915;5086;5085;15.98;158441.70;81274.28;81258.30;
;ACC08;ABEV3;2;6843;3465;3464;12.65;86563.95;43832.25;43819.60;
;ACC02;BBAS3;1;2023;877;876;16.13;32630.99;14146.01;14129.88;
;ACC01;BBAS3;1;1442;828;827;12.00;17304.00;9936.00;9924.00;
;ACC04;VALE3;2;7041;4584;4583;15.82;111388.62;72518.88;72503.06;
;ACC01;MGLU3;1;2740;1289;1288;14.90;40826.00;19206.10;19191.20;
;ACC08;LREN3;1;4036;3450;3449;12.27;49521.72;42331.50;42319.23;
;ACC02;ITUB4;1;3974;3285;3284;14.54;57781.96;47763.90;47749.36;
;ACC03;ITUB4;1;1730;592;591;15.61;27005.30;9241.12;9225.51;
;ACC05;ABEV3;2;8685;6342;6341;11.63;101006.55;73757.46;73745.83;
;ACC07;BBDC4;1;2080;270;269;10.95;22776.00;2956.50;2945.55;
;ACC02;MGLU3;1;3134;2763;2762;18.35;57508.90;50701.05;50682.70;
;ACC07;MGLU3;1;4533;2733;2732;10.24;46417.92;27985.92;27975.68;
;ACC04;WEGE3;2;3875;2851;2850;12.15;47081.25;34639.65;34627.50;
;ACC05;WEGE3;2;1506;426;425;13.57;20436.42;5780.82;5767.25;
;ACC08;BBDC4;1;4446;3957;3956;10.66;47394.36;42181.62;42170.96;
;ACC05;PETR4;2;3467;3455;3454;12.03;41708.01;41563.65;41551.62;
;ACC01;MGLU3;1;1025;68;67;16.86;17281.50;1146.48;1129.62;
;ACC02;BBAS3;2;2002;1432;1431;17.21;34454.42;24644.72;24627.51;
;ACC08;BBDC4;2;4592;3364;3363;18.48;84860.16;62166.72;62148.24;
;ACC05;PETR4;1;1073;303;302;12.82;13755.86;3884.46;3871.64;
;ACC01;LREN3;1;8060;263;262;10.53;84871.80;2769.39;2758.86;
;ACC07;WEGE3;1;7003;4030;4029;13.37;93630.11;53881.10;53867.73;
;ACC01;LREN3;2;3177;1121;1120;12.04;38251.08;13496.84;13484.80;
;ACC05;B3SA3;2;4571;4017;4016;17.31;79124.01;69534.27;69516.96;
;ACC10;B3SA3;1;5065;2976;2975;10.50;53182.50;31248.00;31237.50;
;ACC03;BBAS3;2;1419;1324;1323;14.43;20476.17;19105.32;19090.89;
;ACC09;PETR4;1;3949;1957;1956;10.35;40872.15;20254.95;20244.60;
;ACC08;PETR4;1;4037;2300;2299;19.96;80578.52;45908.00;45888.04;
;ACC02;LREN3;2;4746;236;235;13.95;66206.70;3292.20;3278.25;
;ACC03;PETR4;2;8572;4639;4638;10.31;88377.32;47828.09;47817.78;
;ACC08;ABEV3;1;5192;4719;4718;16.31;84681.52;76966.89;76950.58;
;ACC08;B3SA3;2;5803;3215;3214;17.64;102364.92;56712.60;56694.96;
;ACC05;ABEV3;1;7572;7532;7531;17.14;129784.08;129098.48;129081.34;
;ACC04;BBAS3;1;9396;8774;8773;13.41;126000.36;117659.34;117645.93;
;ACC07;BBAS3;2;4182;1273;1272;16.37;68459.34;20839.01;20822.64;
;ACC05;MGLU3;2;6201;312;311;13.06;80985.06;4074.72;4061.66;
;ACC07;BBAS3;1;7235;4030;4029;11.76;85083.60;47392.80;47381.04;
;ACC05;PETR4;1;4469;1029;1028;16.84;75257.96;17328.36;17311.52;
;ACC10;VALE3;2;6699;3582;3581;19.78;132506.22;70851.96;70832.18;
;ACC06;BBDC4;2;7811;3202;3201;14.12;110291.32;45212.24;45198.12;
;ACC05;PETR4;2;3547;692;691;13.33;47281.51;9224.36;9211.03;
;ACC03;PETR4;2;9236;1751;1750;11.05;102057.80;19348.55;19337.50;
;ACC03;B3SA3;1;7715;2370;2369;12.45;96051.75;29506.50;29494.05;
;ACC05;LREN3;2;5700;2404;2403;14.03;79971.00;33728.12;33714.09;
;ACC10;LREN3;1;8495;2771;2770;16.71;141951.45;46303.41;46286.70;
;ACC06;PETR4;2;5717;150;149;13.73;78494.41;2059.50;2045.77;
;ACC07;BBAS3;2;9434;9110;9109;10.31;97264.54;93924.10;93913.79;
;ACC07;LREN3;1;4002;3172;3171;17.23;68954.46;54653.56;54636.33;
;ACC02;PETR4;2;7845;1074;1073;13.63;106927.35;14638.62;14624.99;
;ACC04;B3SA3;1;3172;218;217;17.99;57064.28;3921.82;3903.83;
;ACC10;LREN3;2;3099;1844;1843;17.28;53550.72;31864.32;31847.04;
;ACC02;VALE3;1;5647;65;64;16.15;91199.05;1049.75;1033.60;
;ACC09;BBDC4;2;9599;4338;4337;17.32;166254.68;75134.16;75116.84;
;ACC02;BBDC4;2;6541;3327;3326;13.96;91312.36;46444.92;46430.96;
;ACC10;PETR4;2;5620;4949;4948;12.79;71879.80;63297.71;63284.92;
;ACC06;B3SA3;2;4385;3139;3138;13.82;60600.70;43380.98;43367.16;
;ACC07;ABEV3;1;6195;2081;2080;19.18;118820.10;39913.58;39894.40;
;ACC10;BBAS3;2;9668;41;40;18.65;180308.20;764.65;746.00;
;ACC01;WEGE3;1;7551;4646;4645;13.92;105109.92;64672.32;64658.40;
;ACC07;B3SA3;1;9250;3748;3747;17.24;159470.00;64615.52;64598.28;
;ACC08;BBDC4;1;3427;3192;3191;12.61;43214.47;40251.12;40238.51;
;ACC03;BBAS3;2;8005;4179;4178;19.12;153055.60;79902.48;79883.36;
;ACC04;VALE3;1;8194;1391;1390;17.04;139625.76;23702.64;23685.60;
;ACC05;VALE3;2;9375;2154;2153;16.64;156000.00;35842.56;35825.92;
;ACC07;WEGE3;1;1237;1035;1034;18.75;23193.75;19406.25;19387.50;
;ACC05;BBAS3;1;9099;2509;2508;13.97;127113.03;35050.73;35036.76;
;ACC09;PETR4;2;2807;2374;2373;14.07;39494.49;33402.18;33388.11;
;ACC05;MGLU3;2;9900;2695;2694;15.47;153153.00;41691.65;41676.18;
;ACC01;ITUB4;1;2043;578;577;19.48;39797.64;11259.44;11239.96;
;ACC10;MGLU3;1;4860;2945;2944;18.23;88597.80;53687.35;53669.12;
;ACC06;BBAS3;2;1883;16;15;18.29;34440.07;292.64;274.35;
;ACC07;VALE3;1;7165;6124;6123;16.32;116932.80;99943.68;99927.36;
;ACC02;BBAS3;2;4826;3198;3197;12.33;59504.58;39431.34;39419.01;
;ACC03;MGLU3;1;5122;250;249;16.45;84256.90;4112.50;4096.05;
;ACC06;ABEV3;2;5186;3846;3845;14.73;76389.78;56651.58;56636.85;
;ACC10;WEGE3;1;7470;6296;6295;17.57;131247.90;110620.72;110603.15;
;ACC06;VALE3;2;1870;1227;1226;12.53;23431.10;15374.31;15361.78;
;ACC03;BBAS3;1;3363;1155;1154;19.20;64569.60;22176.00;22156.80;
;ACC05;VALE3;2;6256;3971;3970;10.10;63185.60;40107.10;40097.00;
;ACC06;MGLU3;1;3651;2327;2326;15.90;58050.90;36999.30;36983.40;
;ACC09;MGLU3;2;1491;576;575;17.16;25585.56;9884.16;9867.00;
;ACC09;BBAS3;2;1585;580;579;17.82;28244.70;10335.60;10317.78;
;ACC09;PETR4;2;9921;3299;3298;17.37;172327.77;57303.63;57286.26;
;ACC09;PETR4;1;7928;7181;7180;19.61;155468.08;140819.41;140799.80;
;ACC09;LREN3;2;3133;1038;1037;16.30;51067.90;16919.40;16903.10;
;ACC02;MGLU3;1;8649;4102;4101;12.61;109063.89;51726.22;51713.61;
;ACC05;PETR4;1;6681;974;973;19.79;132216.99;19275.46;19255.67;
;ACC02;LREN3;2;7624;6911;6910;17.78;135554.72;122877.58;122859.80;
;ACC01;BBDC4;2;5855;4401;4400;16.33;95612.15;71868.33;71852.00;
;ACC07;ITUB4;1;4071;2773;2772;19.16;78000.36;53130.68;53111.52;
;ACC03;LREN3;1;7747;4040;4039;19.65;152228.55;79386.00;79366.35;
;ACC03;ITUB4;1;3105;1627;1626;10.23;31764.15;16644.21;16633.98;
;ACC01;PETR4;1;4671;3343;3342;10.18;47550.78;34031.74;34021.56;
;ACC03;LREN3;1;8671;5685;5684;18.17;157552.07;103296.45;103278.28;
;ACC05;ABEV3;2;2549;183;182;16.41;41829.09;3003.03;2986.62;
;ACC06;VALE3;1;9877;4910;4909;13.28;131166.56;65204.80;65191.52;
;ACC07;PETR4;1;8087;7476;7475;19.82;160284.34;148174.32;148154.50;
;ACC07;ITUB4;1;6877;3817;3816;13.50;92839.50;51529.50;51516.00;
;ACC10;BBDC4;1;7057;3772;3771;19.59;138246.63;73893.48;73873.89;
;ACC03;VALE3;1;4729;2384;2383;16.40;77555.60;39097.60;39081.20;
;ACC08;BBAS3;1;1149;979;978;15.65;17981.85;15321.35;15305.70;
;ACC06;LREN3;1;7101;435;434;13.55;96218.55;5894.25;5880.70;
;ACC06;B3SA3;2;3357;1767;1766;11.13;37363.41;19666.71;19655.58;
;ACC01;PETR4;1;7570;5186;5185;14.60;110522.00;75715.60;75701.00;
;ACC10;BBAS3;1;8035;5811;5810;18.08;145272.80;105062.88;105044.80;
;ACC10;BBAS3;2;3546;873;872;10.99;38970.54;9594.27;9583.28;
;ACC05;BBAS3;1;7285;6485;6484;12.65;92155.25;82035.25;82022.60;
;ACC05;WEGE3;2;9867;7015;7014;15.19;149879.73;106557.85;106542.66;
;ACC05;WEGE3;2;1390;1259;1258;11.36;15790.40;14302.24;14290.88;
;ACC02;MGLU3;1;6039;1907;1906;19.43;117337.77;37053.01;37033.58;
;ACC02;WEGE3;2;8874;7959;7958;18.82;167008.68;149788.38;149769.56;
;ACC05;ITUB4;1;4812;2860;2859;18.41;88588.92;52652.60;52634.19;
;ACC08;LREN3;2;4445;2332;2331;13.34;59296.30;31108.88;31095.54;
;ACC02;ITUB4;1;4812;897;896;13.48;64865.76;12091.56;12078.08;
;ACC08;BBAS3;2;1903;1791;1790;15.38;29268.14;27545.58;27530.20;
;ACC05;B3SA3;1;1194;1170;1169;16.32;19486.08;19094.40;19078.08;
;ACC05;B3SA3;1;6140;2054;2053;15.76;96766.40;32371.04;32355.28;
;ACC07;BBAS3;1;7584;5350;5349;14.51;110043.84;77628.50;77613.99;
;ACC08;VALE3;2;4151;950;949;16.64;69072.64;15808.00;15791.36;
;ACC03;WEGE3;2;1272;462;461;12.48;15874.56;5765.76;5753.28;
;ACC09;B3SA3;1;8561;4399;4398;13.69;117200.09;60222.31;60208.62;
;ACC05;VALE3;2;5125;1725;1724;12.82;65702.50;22114.50;22101.68;
;ACC03;LREN3;2;8085;363;362;10.83;87560.55;3931.29;3920.46;
;ACC03;WEGE3;2;3265;1645;1644;15.25;49791.25;25086.25;25071.00;
;ACC03;BBAS3;1;9927;9695;9694;10.99;109097.73;106548.05;106537.06;
;ACC08;BBAS3;2;1927;844;843;13.25;25532.75;11183.00;11169.75;
;ACC05;BBDC4;1;4711;4012;4011;19.13;90121.43;76749.56;76730.43;
;ACC01;B3SA3;2;6138;5590;5589;10.59;65001.42;59198.10;59187.51;
;ACC05;VALE3;2;5097;717;716;16.08;81959.76;11529.36;11513.28;
;ACC01;WEGE3;1;2860;2461;2460;12.80;36608.00;31500.80;31488.00;
;ACC04;BBAS3;2;4527;581;580;14.35;64962.45;8337.35;8323.00;
;ACC06;PETR4;2;6592;33;32;10.79;71127.68;356.07;345.28;
;ACC06;MGLU3;2;9916;2881;2880;19.66;194948.56;56640.46;56620.80;
;ACC08;ABEV3;2;7663;6675;6674;16.65;127588.95;111138.75;111122.10;
;ACC06;BBDC4;1;5315;3619;3618;14.07;74782.05;50919.33;50905.26;
;ACC04;B3SA3;1;6805;3621;3620;13.93;94793.65;50440.53;50426.60;
;ACC09;ABEV3;2;1421;1278;1277;19.62;27880.02;25074.36;25054.74;
;ACC05;ITUB4;2;8515;4200;4199;17.34;147650.10;72828.00;72810.66;
;ACC07;WEGE3;2;3621;3050;3049;13.43;48630.03;40961.50;40948.07;
;ACC01;MGLU3;2;5406;4723;4722;19.19;103741.14;90634.37;90615.18;
;ACC04;LREN3;2;9478;5571;5570;17.95;170130.10;99999.45;99981.50;
;ACC06;BBAS3;1;7094;2264;2263;12.48;88533.12;28254.72;28242.24;
;ACC04;LREN3;2;9722;1443;1442;12.49;121427.78;18023.07;18010.58;
;ACC02;BBAS3;1;3951;1600;1599;13.03;51481.53;20848.00;20834.97;
;ACC09;PETR4;2;3052;2844;2843;14.71;44894.92;41835.24;41820.53;
;ACC04;PETR4;1;4514;2611;2610;15.59;70373.26;40705.49;40689.90;
;ACC05;BBAS3;2;2526;413;412;13.09;33065.34;5406.17;5393.08;
;ACC01;B3SA3;1;8796;8368;8367;11.12;97811.52;93052.16;93041.04;
;ACC10;ABEV3;2;7843;4161;4160;14.15;110978.45;58878.15;58864.00;
;ACC02;VALE3;2;3893;2877;2876;15.39;59913.27;44277.03;44261.64;
;ACC06;VALE3;1;3877;2421;2420;10.39;40282.03;25154.19;25143.80;
;ACC04;BBAS3;2;8256;2028;2027;11.09;91559.04;22490.52;22479.43;
;ACC07;LREN3;1;2663;2302;2301;17.81;47428.03;40998.62;40980.81;
;ACC09;BBAS3;2;3257;2975;2974;18.35;59765.95;54591.25;54572.90;
;ACC10;MGLU3;1;1227;193;192;13.86;17006.22;2674.98;2661.12;
;ACC04;BBAS3;2;3921;3714;3713;11.18;43836.78;41522.52;41511.34;
;ACC07;MGLU3;2;9611;7540;7539;19.75;189817.25;148915.00;148895.25;
;ACC05;BBDC4;1;6371;1854;1853;19.55;124553.05;36245.70;36226.15;
;ACC09;ABEV3;1;8763;2246;2245;12.94;113393.22;29063.24;29050.30;
;ACC09;WEGE3;1;1898;1402;1401;19.62;37238.76;27507.24;27487.62;
;ACC09;BBAS3;1;8509;1189;1188;18.81;160054.29;22365.09;22346.28;
;ACC07;WEGE3;2;3263;531;530;16.93;55242.59;8989.83;8972.90;
;ACC06;ITUB4;1;9723;2018;2017;12.22;118815.06;24659.96;24647.74;
;ACC07;WEGE3;1;2622;471;470;19.91;52204.02;9377.61;9357.70;
;ACC01;VALE3;2;7536;3176;3175;12.98;97817.28;41224.48;41211.50;
;ACC10;WEGE3;1;2017;246;245;13.76;27753.92;3384.96;3371.20;
;ACC01;LREN3;2;4877;518;517;11.16;54427.32;5780.88;5769.72;
;ACC07;BBDC4;1;8842;4053;4052;16.82;148722.44;68171.46;68154.64;
;ACC06;MGLU3;2;2199;160;159;10.82;23793.18;1731.20;1720.38;
;ACC10;BBDC4;2;5397;538;537;14.53;78418.41;7817.14;7802.61;
;ACC04;BBAS3;1;9431;6249;6248;13.50;127318.50;84361.50;84348.00;
;ACC07;WEGE3;2;4107;627;626;18.30;75158.10;11474.10;11455.80;
;ACC01;LREN3;1;8439;7439;7438;14.91;125825.49;110915.49;110900.58;
;ACC07;BBDC4;1;7479;1106;1105;19.09;142774.11;21113.54;21094.45;
;ACC03;VALE3;2;3091;2559;2558;11.08;34248.28;28353.72;28342.64;
;ACC05;BBDC4;1;2355;858;857;18.20;42861.00;15615.60;15597.40;
;ACC09;B3SA3;2;7893;2383;2382;12.48;98504.64;29739.84;29727.36;
;ACC04;WEGE3;1;9778;3688;3687;10.12;98953.36;37322.56;37312.44;
;ACC08;ABEV3;1;2734;2130;2129;17.37;47489.58;36998.10;36980.73;
;ACC05;LREN3;2;8735;7322;7321;14.76;128928.60;108072.72;108057.96;
;ACC04;VALE3;2;6995;5154;5153;17.97;125700.15;92617.38;92599.41;
;ACC06;BBAS3;1;9740;4493;4492;18.99;184962.60;85322.07;85303.08;
;ACC06;PETR4;2;9357;4543;4542;15.48;144846.36;70325.64;70310.16;
;ACC06;VALE3;1;7579;1339;1338;19.95;151201.05;26713.05;26693.10;
;ACC08;PETR4;1;1358;496;495;12.78;17355.24;6338.88;6326.10;
;ACC06;WEGE3;2;5535;1598;1597;14.82;82028.70;23682.36;23667.54;
;ACC04;BBAS3;2;1914;1756;1755;15.77;30183.78;27692.12;27676.35;
;ACC02;VALE3;2;6123;4148;4147;14.64;89640.72;60726.72;60712.08;
;ACC07;LREN3;2;1058;217;216;17.03;18017.74;3695.51;3678.48;
;ACC09;WEGE3;1;8169;2042;2041;11.95;97619.55;24401.90;24389.95;
;ACC06;BBDC4;1;9802;6114;6113;18.04;176828.08;110296.56;110278.52;
;ACC05;LREN3;1;8515;639;638;14.60;124319.00;9329.40;9314.80;
;ACC10;MGLU3;2;9883;5196;5195;18.39;181748.37;95554.44;95536.05;
;ACC02;PETR4;2;4244;3955;3954;10.74;45580.56;42476.70;42465.96;
;ACC10;ITUB4;2;9873;6368;6367;13.30;131310.90;84694.40;84681.10;
;ACC10;MGLU3;2;6918;2628;2627;12.26;84814.68;32219.28;32207.02;
;ACC08;LREN3;1;9917;9052;9051;12.99;128821.83;117585.48;117572.49;
;ACC08;WEGE3;2;1221;1144;1143;16.60;20268.60;18990.40;18973.80;
;ACC06;ABEV3;2;4794;2338;2337;10.05;48179.70;23496.90;23486.85;
;ACC01;WEGE3;2;5074;228;227;19.35;98181.90;4411.80;4392.45;
;ACC04;ITUB4;2;5972;3545;3544;13.43;80203.96;47609.35;47595.92;
;ACC05;ITUB4;2;5856;2159;2158;12.44;72848.64;26857.96;26845.52;
;ACC06;VALE3;1;5891;3720;3719;10.22;60206.02;38018.40;38008.18;
;ACC08;ABEV3;2;6026;3100;3099;15.36;92559.36;47616.00;47600.64;
;ACC04;WEGE3;2;5451;5022;5021;18.81;102533.31;94463.82;94445.01;
;ACC05;MGLU3;2;5721;2909;2908;19.34;110644.14;56260.06;56240.72;
;ACC01;ABEV3;1;5679;4222;4221;19.60;111308.40;82751.20;82731.60;
;ACC10;MGLU3;1;1585;212;211;16.76;26564.60;3553.12;3536.36;
;ACC01;ABEV3;2;8320;1876;1875;11.85;98592.00;22230.60;22218.75;
;ACC01;BBAS3;2;4612;1443;1442;10.69;49302.28;15425.67;15414.98;
;ACC09;PETR4;1;5233;2247;2246;17.87;93513.71;40153.89;40136.02;
;ACC09;WEGE3;2;9092;4920;4919;12.12;110195.04;59630.40;59618.28;
;ACC10;PETR4;2;1317;530;529;18.09;23824.53;9587.70;9569.61;
;ACC01;LREN3;1;2277;546;545;14.47;32948.19;7900.62;7886.15;
;ACC07;BBDC4;2;1607;319;318;13.24;21276.68;4223.56;4210.32;
;ACC05;WEGE3;1;9320;245;244;18.02;167946.40;4414.90;4396.88;
;ACC03;BBAS3;2;8336;2326;2325;12.17;101449.12;28307.42;28295.25;
;ACC10;LREN3;1;4736;2846;2845;18.98;89889.28;54017.08;53998.10;
;ACC01;ITUB4;1;4667;1130;1129;16.59;77425.53;18746.70;18730.11;
;ACC03;BBAS3;2;7375;3947;3946;10.70;78912.50;42232.90;42222.20;
;ACC01;ITUB4;1;4227;4106;4105;16.14;68223.78;66270.84;66254.70;
;ACC02;WEGE3;2;6440;5610;5609;16.82;108320.80;94360.20;94343.38;
;ACC03;VALE3;2;3394;1147;1146;10.22;34686.68;11722.34;11712.12;
;ACC07;WEGE3;1;9582;8466;8465;18.71;179279.22;158398.86;158380.15;
;ACC05;WEGE3;1;5995;3578;3577;14.88;89205.60;53240.64;53225.76;
;ACC05;PETR4;1;5691;747;746;12.27;69828.57;9165.69;9153.42;
;ACC07;BBAS3;1;9248;4317;4316;16.18;149632.64;69849.06;69832.88;
;ACC07;ABEV3;1;8993;1005;1004;11.19;100631.67;11245.95;11234.76;
;ACC10;WEGE3;1;5196;31;30;13.54;70353.84;419.74;406.20;
;ACC09;MGLU3;1;4059;1552;1551;16.87;68475.33;26182.24;26165.37;
;ACC07;B3SA3;1;9289;3610;3609;19.14;177791.46;69095.40;69076.26;
;ACC06;ABEV3;2;4948;1225;1224;17.08;84511.84;20923.00;20905.92;
;ACC04;B3SA3;1;5186;1732;1731;12.15;63009.90;21043.80;21031.65;
;ACC08;BBDC4;2;2533;1461;1460;18.45;46733.85;26955.45;26937.00;
;ACC01;BBDC4;1;9073;433;432;18.84;170935.32;8157.72;8138.88;
;ACC04;BBDC4;2;5323;56;55;10.13;53921.99;567.28;557.15;
;ACC05;LREN3;2;2817;2726;2725;12.18;34311.06;33202.68;33190.50;
;ACC04;BBAS3;2;8150;116;115;18.39;149878.50;2133.24;2114.85;
;ACC03;MGLU3;2;8596;5750;5749;17.14;147335.44;98555.00;98537.86;
;ACC09;WEGE3;1;7233;3604;3603;14.72;106469.76;53050.88;53036.16;
;ACC02;LREN3;2;5093;750;749;10.25;52203.25;7687.50;7677.25;
;ACC05;ITUB4;2;5048;4849;4848;12.21;61636.08;59206.29;59194.08;
;ACC08;VALE3;2;4478;2129;2128;14.59;65334.02;31062.11;31047.52;
;ACC06;PETR4;1;8076;6040;6039;17.52;141491.52;105820.80;105803.28;
;ACC03;PETR4;2;1922;189;188;13.87;26658.14;2621.43;2607.56;
;ACC10;MGLU3;1;2720;1607;1606;18.55;50456.00;29809.85;29791.30;
;ACC01;B3SA3;2;4618;55;54;11.62;53661.16;639.10;627.48;
;ACC07;B3SA3;2;5614;5316;5315;19.92;111830.88;105894.72;105874.80;
;ACC06;ITUB4;1;4011;1243;1242;14.29;57317.19;17762.47;17748.18;
;ACC10;BBAS3;1;3682;695;694;11.37;41864.34;7902.15;7890.78;
;ACC03;LREN3;1;1318;491;490;19.24;25358.32;9446.84;9427.60;
;ACC08;ITUB4;1;8813;6540;6539;16.33;143916.29;106798.20;106781.87;
;ACC04;WEGE3;1;6678;1450;1449;11.37;75928.86;16486.50;16475.13;
;ACC01;B3SA3;2;8634;5486;5485;10.56;91175.04;57932.16;57921.60;
;ACC03;ABEV3;1;3461;3055;3054;14.40;49838.40;43992.00;43977.60;
;ACC09;MGLU3;2;4363;3629;3628;13.31;58071.53;48301.99;48288.68;
;ACC01;BBDC4;2;4501;1395;1394;15.57;70080.57;21720.15;21704.58;
;ACC01;WEGE3;1;7748;36;35;15.80;122418.40;568.80;553.00;
;ACC09;WEGE3;1;1754;823;822;14.81;25976.74;12188.63;12173.82;
;ACC01;BBAS3;2;5957;5012;5011;14.46;86138.22;72473.52;72459.06;
;ACC09;MGLU3;1;4429;2825;2824;11.97;53015.13;33815.25;33803.28;
;ACC05;BBAS3;1;6795;2592;2591;18.79;127678.05;48703.68;48684.89;
;ACC01;PETR4;2;9442;4162;4161;18.42;173921.64;76664.04;76645.62;
;ACC08;WEGE3;2;4200;2564;2563;16.20;68040.00;41536.80;41520.60;
;ACC06;PETR4;1;3435;3304;3303;11.39;39124.65;37632.56;37621.17;
;ACC06;B3SA3;2;6589;2626;2625;18.77;123675.53;49290.02;49271.25;
;ACC09;LREN3;1;2185;395;394;12.44;27181.40;4913.80;4901.36;
;ACC04;B3SA3;1;1374;212;211;19.30;26518.20;4091.60;4072.30;
;ACC02;MGLU3;1;1673;998;997;13.55;22669.15;13522.90;13509.35;
;ACC02;ABEV3;1;4540;2742;2741;16.40;74456.00;44968.80;44952.40;
;ACC04;ABEV3;1;9131;3327;3326;16.93;154587.83;56326.11;56309.18;
;ACC08;WEGE3;2;2444;1005;1004;11.29;27592.76;11346.45;11335.16;
;ACC06;BBDC4;1;2436;2036;2035;17.34;42240.24;35304.24;35286.90;
;ACC04;PETR4;1;7254;4994;4993;10.88;78923.52;54334.72;54323.84;
;ACC01;BBDC4;2;4676;2043;2042;17.92;83793.92;36610.56;36592.64;
;ACC02;ITUB4;1;7261;6738;6737;14.68;106591.48;98913.84;98899.16;
;ACC03;BBDC4;2;7368;5189;5188;13.14;96815.52;68183.46;68170.32;
;ACC09;ITUB4;2;1701;1546;1545;15.47;26314.47;23916.62;23901.15;
;ACC01;WEGE3;1;1176;845;844;15.18;17851.68;12827.10;12811.92;
;ACC08;MGLU3;1;2951;874;873;15.94;47038.94;13931.56;13915.62;
;ACC07;VALE3;2;7473;4810;4809;12.16;90871.68;58489.60;58477.44;
;ACC02;VALE3;2;4134;3998;3997;16.34;67549.56;65327.32;65310.98;
;ACC02;ITUB4;1;9067;4132;4131;19.51;176897.17;80615.32;80595.81;
;ACC03;ITUB4;2;7261;1196;1195;10.41;75587.01;12450.36;12439.95;
;ACC04;B3SA3;2;4330;4286;4285;17.98;77853.40;77062.28;77044.30;
;ACC07;PETR4;1;2469;103;102;19.62;48441.78;2020.86;2001.24;
;ACC06;WEGE3;1;5217;3488;3487;14.60;76168.20;50924.80;50910.20;
;ACC01;ITUB4;2;6738;14;13;17.91;120677.58;250.74;232.83;
;ACC06;PETR4;1;5401;5263;5262;15.01;81069.01;78997.63;78982.62;
;ACC10;VALE3;1;2870;984;983;11.94;34267.80;11748.96;11737.02;
;ACC01;MGLU3;1;4814;1410;1409;18.48;88962.72;26056.80;26038.32;
;ACC06;ABEV3;2;4116;201;200;14.26;58694.16;2866.26;2852.00;
;ACC01;MGLU3;1;1889;687;686;19.12;36117.68;13135.44;13116.32;
;ACC07;MGLU3;1;5285;1035;1034;19.14;101154.90;19809.90;19790.76;
;ACC08;PETR4;1;8597;10;9;19.51;167727.47;195.10;175.59;
;ACC07;PETR4;1;8685;474;473;13.60;118116.00;6446.40;6432.80;
;ACC04;B3SA3;1;5917;2122;2121;15.31;90589.27;32487.82;32472.51;
;ACC01;WEGE3;1;3758;295;294;18.40;69147.20;5428.00;5409.60;
;ACC09;BBDC4;2;8628;3640;3639;12.00;103536.00;43680.00;43668.00;
;ACC02;BBDC4;2;5659;4099;4098;16.47;93203.73;67510.53;67494.06;
;ACC03;ITUB4;1;4635;848;847;17.44;80834.40;14789.12;14771.68;
;ACC06;ITUB4;2;5173;2982;2981;18.62;96321.26;55524.84;55506.22;
;ACC06;ABEV3;1;5989;2783;2782;16.30;97620.70;45362.90;45346.60;
;ACC01;ITUB4;1;5096;3399;3398;18.83;95957.68;64003.17;63984.34;
;ACC04;MGLU3;2;9629;1621;1620;15.04;144820.16;24379.84;24364.80;
;ACC06;BBDC4;2;5534;5189;5188;14.20;78582.80;73683.80;73669.60;
;ACC06;PETR4;1;8141;5452;5451;18.57;151178.37;101243.64;101225.07;
;ACC02;ITUB4;2;3649;1116;1115;16.75;61120.75;18693.00;18676.25;
;ACC10;PETR4;1;7904;3048;3047;12.22;96586.88;37246.56;37234.34;
;ACC02;ABEV3;2;9564;4521;4520;17.06;163161.84;77128.26;77111.20;
;ACC03;WEGE3;2;5392;2191;2190;15.08;81311.36;33040.28;33025.20;
;ACC02;B3SA3;1;7874;5533;5532;12.08;95117.92;66838.64;66826.56;
;ACC05;ABEV3;1;2888;2810;2809;13.57;39190.16;38131.70;38118.13;
;ACC08;BBAS3;2;9957;1424;1423;12.03;119782.71;17130.72;17118.69;
;ACC01;LREN3;2;3778;2635;2634;16.02;60523.56;42212.70;42196.68;
;ACC01;B3SA3;2;3175;1335;1334;13.78;43751.50;18396.30;18382.52;
;ACC10;MGLU3;2;1465;1268;1267;12.24;17931.60;15520.32;15508.08;
;ACC08;B3SA3;2;5699;3705;3704;10.53;60010.47;39013.65;39003.12;
;ACC07;PETR4;1;3175;2286;2285;13.96;44323.00;31912.56;31898.60;
;ACC03;PETR4;2;5500;1684;1683;10.23;56265.00;17227.32;17217.09;
;ACC09;PETR4;2;7927;4480;4479;14.97;118667.19;67065.60;67050.63;
;ACC05;B3SA3;1;9715;1473;1472;17.61;171081.15;25939.53;25921.92;
;ACC07;MGLU3;1;8539;1315;1314;11.87;101357.93;15609.05;15597.18;
;ACC09;MGLU3;1;3076;2845;2844;17.22;52968.72;48990.90;48973.68;
;ACC02;MGLU3;1;5766;2565;2564;19.30;111283.80;49504.50;49485.20;
;ACC03;B3SA3;1;9273;3425;3424;17.27;160144.71;59149.75;59132.48;
;ACC03;MGLU3;2;2250;1524;1523;15.65;35212.50;23850.60;23834.95;
;ACC05;LREN3;1;9493;5820;5819;16.84;159862.12;98008.80;97991.96;
;ACC08;MGLU3;2;1978;390;389;17.80;35208.40;6942.00;6924.20;
;ACC08;ITUB4;2;2538;385;384;11.11;28197.18;4277.35;4266.24;
;ACC02;BBAS3;1;4640;3476;3475;16.31;75678.40;56693.56;56677.25;
;ACC09;VALE3;1;5226;3574;3573;12.19;63704.94;43567.06;43554.87;
;ACC08;ITUB4;2;6798;4645;4644;14.34;97483.32;66609.30;66594.96;
;ACC01;LREN3;1;4832;3778;3777;15.32;74026.24;57878.96;57863.64;
;ACC06;LREN3;1;1400;1236;1235;16.68;23352.00;20616.48;20599.80;
;ACC10;BBAS3;2;5862;5533;5532;12.87;75443.94;71209.71;71196.84;
;ACC03;ITUB4;2;4472;1094;1093;17.47;78125.84;19112.18;19094.71;
;ACC06;LREN3;1;8215;2088;2087;10.98;90200.70;22926.24;22915.26;
;ACC09;ABEV3;1;8936;6698;6697;17.66;157809.76;118286.68;118269.02;
;ACC04;BBDC4;2;1310;925;924;16.31;21366.10;15086.75;15070.44;
;ACC06;PETR4;1;1874;1242;1241;15.92;29834.08;19772.64;19756.72;
;ACC01;WEGE3;1;2365;631;630;12.67;29964.55;7994.77;7982.10;
;ACC09;ABEV3;2;9762;5963;5962;19.12;186649.44;114012.56;113993.44;
;ACC01;MGLU3;1;7927;3207;3206;19.95;158143.65;63979.65;63959.70;
;ACC10;WEGE3;2;9394;5088;5087;11.03;103615.82;56120.64;56109.61;
;ACC08;VALE3;2;9653;5498;5497;10.38;100198.14;57069.24;57058.86;
;ACC03;B3SA3;2;9980;5945;5944;10.28;102594.40;61114.60;61104.32;
;ACC08;B3SA3;2;1699;1547;1546;19.18;32586.82;29671.46;29652.28;
;ACC04;BBAS3;2;2258;353;352;11.38;25696.04;4017.14;4005.76;
;ACC02;MGLU3;1;9995;6601;6600;19.83;198200.85;130897.83;130878.00;
;ACC05;MGLU3;1;5440;3894;3893;14.73;80131.20;57358.62;57343.89;
;ACC01;WEGE3;1;2463;1944;1943;16.14;39752.82;31376.16;31360.02;
;ACC02;VALE3;2;6303;2735;2734;14.45;91078.35;39520.75;39506.30;
;ACC01;MGLU3;1;6954;1750;1749;16.01;111333.54;28017.50;28001.49;
;ACC09;VALE3;2;2211;1753;1752;14.99;33142.89;26277.47;26262.48;
;ACC08;WEGE3;2;6343;309;308;14.36;91085.48;4437.24;4422.88;
;ACC08;BBAS3;2;1117;572;571;10.32;11527.44;5903.04;5892.72;
;ACC05;BBDC4;1;1096;159;158;15.05;16494.80;2392.95;2377.90;
;ACC02;BBAS3;2;7161;7041;7040;11.65;83425.65;82027.65;82016.00;
;ACC10;ITUB4;1;7295;851;850;14.15;103224.25;12041.65;12027.50;
;ACC09;B3SA3;1;2160;1949;1948;12.50;27000.00;24362.50;24350.00;
;ACC03;BBDC4;1;1351;1133;1132;19.50;26344.50;22093.50;22074.00;
;ACC10;BBDC4;2;6654;3924;3923;12.07;80313.78;47362.68;47350.61;
;ACC05;ABEV3;2;5579;5335;5334;13.91;77603.89;74209.85;74195.94;
;ACC05;ITUB4;1;8444;8014;8013;10.74;90688.56;86070.36;86059.62;
;ACC05;ITUB4;2;5044;2417;2416;11.84;59720.96;28617.28;28605.44;
;ACC02;BBAS3;1;1662;199;198;13.64;22669.68;2714.36;2700.72;
;ACC03;VALE3;1;4206;3577;3576;12.13;51018.78;43389.01;43376.88;
;ACC05;VALE3;2;3173;2784;2783;11.03;34998.19;30707.52;30696.49;
;ACC07;ITUB4;2;4819;3445;3444;11.33;54599.27;39031.85;39020.52;
;ACC10;LREN3;1;8228;118;117;16.64;136913.92;1963.52;1946.88;
;ACC01;BBAS3;1;3446;1522;1521;15.37;52965.02;23393.14;23377.77;
;ACC07;BBAS3;1;7367;5782;5781;17.54;129217.18;101416.28;101398.74;
;ACC10;BBDC4;1;6576;5089;5088;19.19;126193.44;97657.91;97638.72;
;ACC02;VALE3;2;6870;97;96;11.68;80241.60;1132.96;1121.28;
;ACC01;ITUB4;2;3413;3120;3119;16.90;57679.70;52728.00;52711.10;
;ACC09;WEGE3;2;4853;4751;4750;11.77;57119.81;55919.27;55907.50;
;ACC02;WEGE3;2;7071;2457;2456;17.13;121126.23;42088.41;42071.28;
;ACC06;WEGE3;1;8215;7686;7685;16.64;136697.60;127895.04;127878.40;
;ACC09;B3SA3;2;8961;1482;1481;11.28;101080.08;16716.96;16705.68;
;ACC06;PETR4;2;7597;4929;4928;13.63;103547.11;67182.27;67168.64;
;ACC03;B3SA3;1;3708;3118;3117;14.14;52431.12;44088.52;44074.38;
;ACC04;BBAS3;1;8818;5174;5173;18.26;161016.68;94477.24;94458.98;
;ACC09;LREN3;2;4004;3900;3899;19.69;78838.76;76791.00;76771.31;
;ACC10;WEGE3;2;2985;145;144;19.69;58774.65;2855.05;2835.36;
;ACC10;WEGE3;2;8459;7287;7286;16.63;140673.17;121182.81;121166.18;
;ACC01;VALE3;1;7093;1814;1813;13.24;93911.32;24017.36;24004.12;
;ACC08;VALE3;2;9667;3555;3554;11.15;107787.05;39638.25;39627.10;
;ACC05;BBDC4;1;8623;1736;1735;13.46;116065.58;23366.56;23353.10;
;ACC01;ITUB4;2;2920;318;317;16.91;49377.20;5377.38;5360.47;
;ACC03;WEGE3;1;6298;974;973;13.99;88109.02;13626.26;13612.27;
;ACC06;LREN3;2;3882;3492;3491;14.44;56056.08;50424.48;50410.04;
;ACC01;ABEV3;2;4857;2814;2813;12.76;61975.32;35906.64;35893.88;
;ACC10;PETR4;1;4438;2846;2845;14.97;66436.86;42604.62;42589.65;
;ACC03;VALE3;2;4590;1457;1456;13.81;63387.90;20121.17;20107.36;
;ACC07;BBDC4;2;7382;2962;2961;16.00;118112.00;47392.00;47376.00;
;ACC05;ABEV3;2;7628;2358;2357;19.12;145847.36;45084.96;45065.84;
;ACC05;VALE3;1;9843;5968;5967;18.56;182686.08;110766.08;110747.52;
;ACC05;WEGE3;1;1245;123;122;16.83;20953.35;2070.09;2053.26;
;ACC10;ITUB4;2;2032;1198;1197;18.50;37592.00;22163.00;22144.50;
;ACC09;BBAS3;1;3700;3228;3227;14.31;52947.00;46192.68;46178.37;
;ACC07;ABEV3;1;1537;44;43;16.64;25575.68;732.16;715.52;
;ACC09;ITUB4;2;1587;533;532;17.33;27502.71;9236.89;9219.56;
;ACC09;B3SA3;2;7623;2163;2162;15.34;116936.82;33180.42;33165.08;
;ACC01;ABEV3;1;1861;853;852;18.87;35117.07;16096.11;16077.24;
;ACC05;BBAS3;1;5381;2139;2138;11.10;59729.10;23742.90;23731.80;
;ACC02;ITUB4;2;8980;2928;2927;13.77;123654.60;40318.56;40304.79;
;ACC02;ABEV3;2;2638;1384;1383;15.90;41944.20;22005.60;21989.70;
;ACC06;MGLU3;2;5803;426;425;17.80;103293.40;7582.80;7565.00;
;ACC10;LREN3;2;7108;5666;5665;11.83;84087.64;67028.78;67016.95;
;ACC02;MGLU3;2;9692;8033;8032;12.33;119502.36;99046.89;99034.56;
;ACC04;B3SA3;1;2425;463;462;16.66;40400.50;7713.58;7696.92;
;ACC06;WEGE3;1;7674;4089;4088;18.22;139820.28;74501.58;74483.36;
;ACC04;BBDC4;1;4168;2631;2630;10.10;42096.80;26573.10;26563.00;
;ACC09;ABEV3;1;8359;4011;4010;15.02;125552.18;60245.22;60230.20;
;ACC03;PETR4;1;7819;7653;7652;13.11;102507.09;100330.83;100317.72;
;ACC09;ITUB4;1;7069;6828;6827;14.18;100238.42;96821.04;96806.86;
;ACC06;LREN3;1;2414;1142;1141;15.28;36885.92;17449.76;17434.48;
;ACC07;WEGE3;1;8672;6809;6808;17.37;150632.64;118272.33;118254.96;
;ACC01;ABEV3;2;3698;1456;1455;17.48;64641.04;25450.88;25433.40;
;ACC03;WEGE3;1;7826;4587;4586;13.51;105729.26;61970.37;61956.86;
;ACC05;BBAS3;2;6858;5781;5780;19.83;135994.14;114637.23;114617.40;
;ACC03;VALE3;2;8133;1121;1120;10.70;87023.10;11994.70;11984.00;
;ACC07;BBAS3;2;5336;4340;4339;17.29;92259.44;75038.60;75021.31;
;ACC09;ABEV3;2;6363;1490;1489;11.70;74447.10;17433.00;17421.30;
;ACC03;LREN3;2;7560;2940;2939;17.70;133812.00;52038.00;52020.30;
;ACC03;WEGE3;2;9504;5116;5115;13.94;132485.76;71317.04;71303.10;
;ACC05;B3SA3;1;3811;3302;3301;19.78;75381.58;65313.56;65293.78;
;ACC04;ITUB4;2;7590;1894;1893;17.94;136164.60;33978.36;33960.42;
;ACC02;LREN3;2;5115;3331;3330;10.91;55804.65;36341.21;36330.30;
;ACC03;PETR4;2;8743;3660;3659;10.03;87692.29;36709.80;36699.77;
;ACC05;BBAS3;2;2093;1262;1261;17.04;35664.72;21504.48;21487.44;
;ACC09;BBAS3;1;2189;2055;2054;18.16;39752.24;37318.80;37300.64;
;ACC06;BBAS3;2;3753;691;690;19.62;73633.86;13557.42;13537.80;
;ACC02;PETR4;1;3332;38;37;11.90;39650.80;452.20;440.30;
;ACC07;B3SA3;1;6835;1417;1416;17.07;116673.45;24188.19;24171.12;
;ACC06;B3SA3;2;3229;1507;1506;10.16;32806.64;15311.12;15300.96;
;ACC03;LREN3;1;8029;3885;3884;10.39;83421.31;40365.15;40354.76;
;ACC04;BBDC4;1;4092;1760;1759;13.00;53196.00;22880.00;22867.00;
;ACC02;ITUB4;2;4961;2122;2121;15.63;77540.43;33166.86;33151.23;
;ACC07;LREN3;1;8154;6204;6203;15.82;128996.28;98147.28;98131.46;
;ACC02;LREN3;2;5650;271;270;17.80;100570.00;4823.80;4806.00;
;ACC05;BBDC4;2;8635;1036;1035;17.43;150508.05;18057.48;18040.05;
;ACC08;PETR4;1;9243;1007;1006;13.86;128107.98;13957.02;13943.16;
;ACC02;B3SA3;2;1040;668;667;15.35;15964.00;10253.80;10238.45;
;ACC06;BBDC4;1;6325;4612;4611;14.42;91206.50;66505.04;66490.62;
;ACC03;ABEV3;2;4757;2987;2986;14.60;69452.20;43610.20;43595.60;
;ACC03;PETR4;2;5573;2378;2377;16.79;93570.67;39926.62;39909.83;
;ACC10;WEGE3;2;9939;5544;5543;18.64;185262.96;103340.16;103321.52;
;ACC09;PETR4;2;6907;6879;6878;14.06;97112.42;96718.74;96704.68;
;ACC09;MGLU3;1;2718;737;736;13.49;36665.82;9942.13;9928.64;
;ACC06;VALE3;1;4682;2628;2627;17.65;82637.30;46384.20;46366.55;
;ACC06;B3SA3;1;1191;284;283;18.71;22283.61;5313.64;5294.93;
;ACC07;LREN3;1;3558;975;974;13.35;47499.30;13016.25;13002.90;
;ACC04;LREN3;1;1106;165;164;11.47;12685.82;1892.55;1881.08;
;ACC01;MGLU3;1;4560;3632;3631;12.95;59052.00;47034.40;47021.45;
;ACC03;ITUB4;2;2472;194;193;12.14;30010.08;2355.16;2343.02;
;ACC06;B3SA3;1;4347;1359;1358;16.67;72464.49;22654.53;22637.86;
;ACC10;BBDC4;1;8052;6687;6686;12.71;102340.92;84991.77;84979.06;
;ACC02;LREN3;2;1201;372;371;13.47;16177.47;5010.84;4997.37;
;ACC01;WEGE3;1;4050;3100;3099;11.64;47142.00;36084.00;36072.36;
;ACC04;MGLU3;1;1494;889;888;19.36;28923.84;17211.04;17191.68;
;ACC09;ABEV3;1;5570;2363;2362;11.12;61938.40;26276.56;26265.44;
;ACC06;BBDC4;1;8523;6352;6351;15.98;136197.54;101504.96;101488.98;
;ACC10;MGLU3;1;8832;4021;4020;15.68;138485.76;63049.28;63033.60;
;ACC06;VALE3;2;3875;1104;1103;14.27;55296.25;15754.08;15739.81;
;ACC01;BBDC4;2;2590;1596;1595;12.89;33385.10;20572.44;20559.55;
;ACC03;ITUB4;1;1144;1009;1008;10.84;12400.96;10937.56;10926.72;
;ACC08;BBAS3;1;1440;865;864;10.19;14673.60;8814.35;8804.16;
;ACC04;PETR4;1;4830;4021;4020;16.62;80274.60;66829.02;66812.40;
;ACC08;VALE3;2;6238;3569;3568;13.60;84836.80;48538.40;48524.80;
;ACC07;WEGE3;2;3446;2102;2101;10.42;35907.32;21902.84;21892.42;
;ACC03;ITUB4;1;5196;172;171;17.30;89890.80;2975.60;2958.30;
;ACC07;BBDC4;2;2282;2257;2256;12.19;27817.58;27512.83;27500.64;
;ACC09;ITUB4;2;6636;3263;3262;14.88;98743.68;48553.44;48538.56;
;ACC09;ITUB4;2;8847;4576;4575;13.30;117665.10;60860.80;60847.50;
;ACC04;MGLU3;2;4145;3314;3313;16.20;67149.00;53686.80;53670.60;
;ACC03;WEGE3;2;4461;2304;2303;13.85;61784.85;31910.40;31896.55;
;ACC08;LREN3;2;1709;924;923;15.68;26797.12;14488.32;14472.64;
;ACC09;B3SA3;2;8840;2541;2540;19.31;170700.40;49066.71;49047.40;
;ACC02;BBAS3;2;4859;4729;4728;11.02;53546.18;52113.58;52102.56;
;ACC10;PETR4;1;7986;7547;7546;11.36;90720.96;85733.92;85722.56;
;ACC03;B3SA3;2;9574;4592;4591;13.06;125036.44;59971.52;59958.46;
;ACC05;BBAS3;1;3117;2926;2925;10.41;32447.97;30459.66;30449.25;
;ACC09;ABEV3;1;7750;2054;2053;10.83;83932.50;22244.82;22233.99;
;ACC06;MGLU3;2;6556;5054;5053;19.53;128038.68;98704.62;98685.09;
;ACC05;BBDC4;1;4457;217;216;17.58;78354.06;3814.86;3797.28;
;ACC06;VALE3;1;9338;5199;5198;12.36;115417.68;64259.64;64247.28;
;ACC07;BBAS3;2;7526;7484;7483;16.67;125458.42;124758.28;124741.61;
;ACC07;LREN3;2;3248;498;497;19.68;63920.64;9800.64;9780.96;
;ACC10;BBDC4;1;4323;3804;3803;18.26;78937.98;69461.04;69442.78;
;ACC02;ABEV3;2;7402;2645;2644;12.23;90526.46;32348.35;32336.12;
;ACC04;LREN3;2;5855;3042;3041;10.65;62355.75;32397.30;32386.65;
;ACC02;WEGE3;1;5763;1552;1551;19.45;112090.35;30186.40;30166.95;
;ACC10;ABEV3;1;1559;113;112;12.12;18895.08;1369.56;1357.44;
;ACC03;B3SA3;1;1955;709;708;16.73;32707.15;11861.57;11844.84;
;ACC02;B3SA3;2;1285;330;329;12.18;15651.30;4019.40;4007.22;
;ACC10;ITUB4;2;7799;769;768;15.88;123848.12;12211.72;12195.84;
;ACC06;VALE3;2;3539;2664;2663;13.22;46785.58;35218.08;35204.86;
;ACC10;VALE3;1;4040;3209;3208;16.34;66013.60;52435.06;52418.72;
;ACC10;PETR4;2;2500;190;189;16.18;40450.00;3074.20;3058.02;
;ACC03;PETR4;1;3161;2105;2104;16.88;53357.68;35532.40;35515.52;
;ACC06;B3SA3;2;5186;2555;2554;16.41;85102.26;41927.55;41911.14;
;ACC03;LREN3;2;2860;1459;1458;10.30;29458.00;15027.70;15017.40;
;ACC04;BBDC4;1;4535;4227;4226;18.42;83534.70;77861.34;77842.92;
;ACC01;BBDC4;1;9285;5872;5871;15.93;147910.05;93540.96;93525.03;
;ACC06;BBDC4;1;5247;522;521;10.49;55041.03;5475.78;5465.29;
;ACC08;B3SA3;2;9709;9229;9228;17.36;168548.24;160215.44;160198.08;
;ACC02;BBDC4;2;6852;59;58;12.95;88733.40;764.05;751.10;
;ACC04;VALE3;1;9127;6345;6344;15.20;138730.40;96444.00;96428.80;
;ACC03;MGLU3;1;1152;660;659;16.08;18524.16;10612.80;10596.72;
;ACC01;VALE3;2;8869;8058;8057;17.41;154409.29;140289.78;140272.37;
;ACC07;ITUB4;1;8141;2623;2622;16.50;134326.50;43279.50;43263.00;
;ACC02;BBDC4;1;3602;1954;1953;11.90;42863.80;23252.60;23240.70;
;ACC01;BBAS3;2;8511;1856;1855;12.93;110047.23;23998.08;23985.15;
;ACC07;ITUB4;2;2393;1461;1460;18.90;45227.70;27612.90;27594.00;
;ACC07;ITUB4;2;9104;7048;7047;15.09;137379.36;106354.32;106339.23;
;ACC06;WEGE3;2;1980;1486;1485;13.00;25740.00;19318.00;19305.00;
;ACC08;B3SA3;1;4690;4399;4398;11.92;55904.80;52436.08;52424.16;
;ACC10;ABEV3;1;6333;886;885;17.10;108294.30;15150.60;15133.50;
;ACC04;BBDC4;1;2015;1514;1513;17.59;35443.85;26631.26;26613.67;
;ACC01;ITUB4;2;1584;1228;1227;13.31;21083.04;16344.68;16331.37;
;ACC04;BBDC4;1;9243;8579;8578;16.57;153156.51;142154.03;142137.46;
;ACC04;LREN3;2;3717;3545;3544;18.12;67352.04;64235.40;64217.28;
;ACC09;LREN3;1;3743;280;279;11.40;42670.20;3192.00;3180.60;
;ACC09;MGLU3;1;6561;95;94;11.74;77026.14;1115.30;1103.56;
;ACC02;WEGE3;2;6367;3466;3465;19.11;121673.37;66235.26;66216.15;
;ACC02;B3SA3;1;4109;3037;3036;13.87;56991.83;42123.19;42109.32;
;ACC02;LREN3;2;5668;2276;2275;15.22;86266.96;34640.72;34625.50;
;ACC03;B3SA3;1;6853;1832;1831;11.06;75794.18;20261.92;20250.86;
;ACC01;PETR4;2;2106;1348;1347;16.14;33990.84;21756.72;21740.58;
;ACC08;LREN3;2;6433;1700;1699;12.70;81699.10;21590.00;21577.30;
;ACC07;MGLU3;1;8866;6908;6907;13.86;122882.76;95744.88;95731.02;
;ACC08;ABEV3;1;5758;2881;2880;15.83;91149.14;45606.23;45590.40;
;ACC08;LREN3;1;1384;804;803;18.88;26129.92;15179.52;15160.64;
;ACC06;BBAS3;2;4325;956;955;10.95;47358.75;10468.20;10457.25;
;ACC05;MGLU3;2;5861;4514;4513;10.12;59313.32;45681.68;45671.56;
;ACC07;BBDC4;2;2929;829;828;13.76;40303.04;11407.04;11393.28;
;ACC09;ITUB4;1;7037;519;518;12.93;90988.41;6710.67;6697.74;
;ACC03;BBDC4;1;5933;5281;5280;10.32;61228.56;54499.92;54489.60;
;ACC06;B3SA3;1;5273;4147;4146;18.76;98921.48;77797.72;77778.96;
;ACC10;MGLU3;1;6906;4488;4487;15.31;105730.86;68711.28;68695.97;
;ACC10;BBAS3;2;5372;1635;1634;12.70;68224.40;20764.50;20751.80;
;ACC05;BBDC4;1;7820;5326;5325;16.01;125198.20;85269.26;85253.25;
;ACC08;B3SA3;1;7273;2274;2273;17.52;127422.96;39840.48;39822.96;
;ACC03;LREN3;2;2021;25;24;16.65;33649.65;416.25;399.60;
;ACC07;BBDC4;1;9731;7509;7508;15.28;148689.68;114737.52;114722.24;
;ACC06;B3SA3;2;7152;527;526;10.72;76669.44;5649.44;5638.72;
;ACC10;VALE3;2;3419;2607;2606;10.22;34942.18;26643.54;26633.32;
;ACC08;PETR4;2;6790;4699;4698;10.95;74350.50;51454.05;51443.10;
;ACC07;PETR4;2;8516;8364;8363;19.00;161804.00;158916.00;158897.00;
;ACC03;VALE3;2;6091;3526;3525;19.46;118530.86;68615.96;68596.50;
;ACC10;LREN3;1;6682;4868;4867;16.95;113259.90;82512.60;82495.65;
;ACC06;LREN3;1;6193;2525;2524;12.94;80137.42;32673.50;32660.56;
;ACC03;VALE3;2;2989;2662;2661;11.49;34343.61;30586.38;30574.89;
;ACC04;MGLU3;2;6314;1799;1798;10.17;64213.38;18295.83;18285.66;
;ACC08;BBAS3;1;9521;7698;7697;16.28;155001.88;125323.44;125307.16;
;ACC01;PETR4;2;5626;5096;5095;11.86;66724.36;60438.56;60426.70;
;ACC04;BBDC4;2;2472;1326;1325;12.33;30479.76;16349.58;16337.25;
;ACC05;BBDC4;2;1554;1470;1469;15.17;23574.18;22299.90;22284.73;
;ACC01;BBAS3;2;2861;1277;1276;14.59;41741.99;18631.43;18616.84;
;ACC09;WEGE3;1;1092;642;641;17.69;19317.48;11356.98;11339.29;
;ACC02;ITUB4;1;7674;4160;4159;15.28;117258.72;63564.80;63549.52;
;ACC08;ABEV3;1;6309;5694;5693;18.45;116401.05;105054.30;105035.85;
;ACC01;WEGE3;2;8330;5821;5820;17.45;145358.50;101576.45;101559.00;
;ACC07;PETR4;2;9125;1694;1693;15.67;142988.75;26544.98;26529.31;
;ACC09;ABEV3;1;1720;50;49;15.06;25903.20;753.00;737.94;
;ACC08;VALE3;2;6368;5384;5383;13.73;87432.64;73922.32;73908.59;
;ACC02;BBAS3;1;2533;455;454;18.06;45745.98;8217.30;8199.24;
;ACC03;BBAS3;1;8183;7765;7764;14.21;116280.43;110340.65;110326.44;
;ACC07;LREN3;1;1292;104;103;13.72;17726.24;1426.88;1413.16;
;ACC01;BBAS3;2;5311;3984;3983;18.39;97669.29;73265.76;73247.37;
;ACC02;VALE3;2;1232;361;360;17.78;21904.96;6418.58;6400.80;
;ACC01;B3SA3;1;9656;7770;7769;11.08;106988.48;86091.60;86080.52;
;ACC06;WEGE3;1;9603;3073;3072;11.57;111106.71;35554.61;35543.04;
;ACC05;LREN3;2;8173;4378;4377;18.20;148748.60;79679.60;79661.40;
;ACC06;WEGE3;1;9088;7372;7371;13.73;124778.24;101217.56;101203.83;
;ACC10;B3SA3;2;8058;4646;4645;12.93;104189.94;60072.78;60059.85;
;ACC03;PETR4;1;3009;1700;1699;17.67;53169.03;30039.00;30021.33;
;ACC03;BBAS3;2;8984;4305;4304;17.86;160454.24;76887.30;76869.44;
;ACC10;VALE3;2;2784;1278;1277;18.42;51281.28;23540.76;23522.34;
;ACC02;PETR4;1;2594;544;543;13.08;33929.52;7115.52;7102.44;
;ACC10;MGLU3;1;9505;3223;3222;14.93;141909.65;48119.39;48104.46;
;ACC03;B3SA3;1;5979;5335;5334;12.38;74020.02;66047.30;66034.92;
;ACC06;WEGE3;1;5766;4151;4150;16.54;95369.64;68657.54;68641.00;
;ACC05;ITUB4;2;6436;866;865;12.75;82059.00;11041.50;11028.75;
;ACC05;ITUB4;1;3817;1315;1314;14.72;56186.24;19356.80;19342.08;
;ACC01;WEGE3;1;2169;1582;1581;14.27;30951.63;22575.14;22560.87;
;ACC07;BBAS3;2;4181;2094;2093;13.70;57279.70;28687.80;28674.10;
;ACC04;LREN3;1;7196;5245;5244;10.49;75486.04;55020.05;55009.56;
;ACC07;VALE3;2;7124;6125;6124;16.11;114767.64;98673.75;98657.64;
;ACC08;PETR4;2;6592;984;983;11.54;76071.68;11355.36;11343.82;
;ACC01;MGLU3;1;9504;228;227;12.34;117279.36;2813.52;2801.18;
;ACC01;VALE3;2;6710;6277;6276;14.97;100448.70;93966.69;93951.72;
;ACC04;WEGE3;1;6029;27;26;14.63;88204.27;395.01;380.38;
;ACC06;PETR4;1;8722;4605;4604;11.56;100826.32;53233.80;53222.24;
;ACC02;ITUB4;1;9485;6279;6278;19.66;186475.10;123445.14;123425.48;
;ACC08;VALE3;1;5126;990;989;16.13;82682.38;15968.70;15952.57;
;ACC09;WEGE3;1;8410;7348;7347;15.64;131532.40;114922.72;114907.08;
;ACC05;VALE3;1;3868;2615;2614;15.67;60611.56;40977.05;40961.38;
;ACC01;B3SA3;1;8582;2479;2478;12.65;108562.30;31359.35;31346.70;
;ACC03;WEGE3;2;6064;470;469;19.61;118915.04;9216.70;9197.09;
;ACC10;ITUB4;2;6909;3773;3772;17.26;119249.34;65121.98;65104.72;
;ACC06;VALE3;1;4971;1201;1200;19.71;97978.41;23671.71;23652.00;
;ACC04;B3SA3;2;6504;3442;3441;15.15;98535.60;52146.30;52131.15;
;ACC09;MGLU3;1;1559;663;662;19.47;30353.73;12908.61;12889.14;
