;ACC02;BBDC4;1;8195;8195;8195;18.51;151689.45;151689.45;151689.45;
;ACC08;BBDC4;2;2790;2790;2790;19.34;53958.60;53958.60;53958.60;
;ACC03;ABEV3;2;5206;5206;5206;11.99;62419.94;62419.94;62419.94;
;ACC05;WEGE3;1;4436;4436;4436;15.73;69778.28;69778.28;69778.28;
;ACC07;ABEV3;2;2538;2538;2538;18.97;48145.86;48145.86;48145.86;
;ACC07;WEGE3;2;9236;9236;9236;16.41;151562.76;151562.76;151562.76;
;ACC07;ITUB4;2;7997;7997;7997;14.22;113717.34;113717.34;113717.34;
;ACC07;ITUB4;1;9045;9045;9045;19.34;174930.30;174930.30;174930.30;
;ACC10;ABEV3;1;8463;8463;8463;11.61;98255.43;98255.43;98255.43;
;ACC02;MGLU3;1;7834;7834;7834;11.36;88994.24;88994.24;88994.24;
;ACC02;LREN3;1;8666;8666;8666;17.07;147928.62;147928.62;147928.62;
;ACC02;B3SA3;1;3012;3012;3012;15.47;46595.64;46595.64;46595.64;
;ACC08;BBAS3;2;8488;8488;8488;18.79;159489.52;159489.52;159489.52;
;ACC04;PETR4;2;7873;7873;7873;15.75;123999.75;123999.75;123999.75;
;ACC06;WEGE3;1;5667;5667;5667;16.13;91408.71;91408.71;91408.71;
;ACC02;ITUB4;1;3796;3796;3796;11.69;44375.24;44375.24;44375.24;
;ACC05;BBDC4;2;1951;1951;1951;11.85;23119.35;23119.35;23119.35;
;ACC07;B3SA3;2;8531;8531;8531;13.47;114912.57;114912.57;114912.57;
;ACC06;PETR4;1;5800;5800;5800;19.67;114086.00;114086.00;114086.00;
;ACC09;PETR4;1;1052;1052;1052;12.99;13665.48;13665.48;13665.48;
;ACC06;WEGE3;1;8675;8675;8675;19.42;168468.50;168468.50;168468.50;
;ACC07;VALE3;1;6647;6647;6647;12.02;79896.94;79896.94;79896.94;
;ACC08;MGLU3;1;9992;9992;9992;15.54;155275.68;155275.68;155275.68;
;ACC03;VALE3;2;4623;4623;4623;10.44;48264.12;48264.12;48264.12;
;ACC02;LREN3;2;4480;4480;4480;11.82;52953.60;52953.60;52953.60;
;ACC10;WEGE3;1;7004;7004;7004;17.63;123480.52;123480.52;123480.52;
;ACC01;ABEV3;1;2239;2239;2239;15.00;33585.00;33585.00;33585.00;
;ACC07;ABEV3;2;1293;1293;1293;11.27;14572.11;14572.11;14572.11;
;ACC06;WEGE3;2;2918;2918;2918;15.57;45433.26;45433.26;45433.26;
;ACC02;B3SA3;1;1041;1041;1041;12.94;13470.54;13470.54;13470.54;
;ACC10;MGLU3;2;7128;7128;7128;13.53;96441.84;96441.84;96441.84;
;ACC09;VALE3;2;6524;6524;6524;10.25;66871.00;66871.00;66871.00;
;ACC02;VALE3;2;6721;6721;6721;11.15;74939.15;74939.15;74939.15;
;ACC07;ABEV3;1;1898;1898;1898;16.70;31696.60;31696.60;31696.60;
;ACC02;VALE3;1;7278;7278;7278;18.88;137408.64;137408.64;137408.64;
;ACC04;PETR4;2;6673;6673;6673;13.66;91153.18;91153.18;91153.18;
;ACC06;ABEV3;2;4507;4507;4507;13.06;58861.42;58861.42;58861.42;
;ACC07;BBDC4;2;8376;8376;8376;14.78;123797.28;123797.28;123797.28;
;ACC05;VALE3;2;8217;8217;8217;17.96;147577.32;147577.32;147577.32;
;ACC07;LREN3;2;3031;3031;3031;18.80;56982.80;56982.80;56982.80;
;ACC05;ITUB4;2;4577;4577;4577;12.96;59317.92;59317.92;59317.92;
;ACC05;PETR4;2;2604;2604;2604;18.88;49163.52;49163.52;49163.52;
;ACC04;BBAS3;2;8287;8287;8287;10.40;86184.80;86184.80;86184.80;
;ACC06;VALE3;1;3489;3489;3489;10.82;37750.98;37750.98;37750.98;
;ACC06;B3SA3;1;6540;6540;6540;16.88;110395.20;110395.20;110395.20;
;ACC04;B3SA3;2;2228;2228;2228;15.86;35336.08;35336.08;35336.08;
;ACC01;ABEV3;2;7426;7426;7426;18.18;135004.68;135004.68;135004.68;
;ACC02;ITUB4;2;5983;5983;5983;18.41;110147.03;110147.03;110147.03;
;ACC10;VALE3;2;3239;3239;3239;12.21;39548.19;39548.19;39548.19;
;ACC06;BBAS3;2;2571;2571;2571;16.57;42601.47;42601.47;42601.47;
;ACC07;MGLU3;1;2372;2372;2372;19.22;45589.84;45589.84;45589.84;
;ACC05;PETR4;2;8666;8666;8666;12.46;107978.36;107978.36;107978.36;
;ACC01;ITUB4;1;2141;2141;2141;15.06;32243.46;32243.46;32243.46;
;ACC01;BBDC4;2;5829;5829;5829;10.45;60913.05;60913.05;60913.05;
;ACC07;BBAS3;1;5962;5962;5962;10.06;59977.72;59977.72;59977.72;
;ACC07;PETR4;1;4597;4597;4597;14.71;67621.87;67621.87;67621.87;
;ACC04;ITUB4;1;4998;4998;4998;19.09;95411.82;95411.82;95411.82;
;ACC09;ABEV3;2;1536;1536;1536;11.97;18385.92;18385.92;18385.92;
;ACC03;WEGE3;1;3101;3101;3101;13.54;41987.54;41987.54;41987.54;
;ACC09;ITUB4;2;5705;5705;5705;18.50;105542.50;105542.50;105542.50;
;ACC10;LREN3;1;5681;5681;5681;17.04;96804.24;96804.24;96804.24;
;ACC09;ABEV3;1;3869;3869;3869;13.03;50413.07;50413.07;50413.07;
;ACC06;BBAS3;1;9336;9336;9336;19.91;185879.76;185879.76;185879.76;
;ACC09;MGLU3;2;8583;8583;8583;18.29;156983.07;156983.07;156983.07;
;ACC06;LREN3;1;6626;6626;6626;16.77;111118.02;111118.02;111118.02;
;ACC09;LREN3;1;4268;4268;4268;19.57;83524.76;83524.76;83524.76;
;ACC03;VALE3;2;8352;8352;8352;16.02;133799.04;133799.04;133799.04;
;ACC05;BBAS3;2;4578;4578;4578;19.13;87577.14;87577.14;87577.14;
;ACC06;ITUB4;1;1774;1774;1774;11.33;20099.42;20099.42;20099.42;
;ACC08;BBDC4;1;8505;8505;8505;13.22;112436.10;112436.10;112436.10;
;ACC07;B3SA3;1;3678;3678;3678;17.93;65946.54;65946.54;65946.54;
;ACC02;MGLU3;1;7842;7842;7842;13.54;106180.68;106180.68;106180.68;
;ACC06;VALE3;1;6417;6417;6417;19.90;127698.30;127698.30;127698.30;
;ACC06;MGLU3;1;3818;3818;3818;18.51;70671.18;70671.18;70671.18;
;ACC06;ABEV3;2;6646;6646;6646;13.24;87993.04;87993.04;87993.04;
;ACC08;ABEV3;2;7689;7689;7689;12.36;95036.04;95036.04;95036.04;
;ACC10;ABEV3;1;4277;4277;4277;13.54;57910.58;57910.58;57910.58;
;ACC06;LREN3;2;7554;7554;7554;13.70;103489.80;103489.80;103489.80;
;ACC01;LREN3;1;6919;6919;6919;19.27;133329.13;133329.13;133329.13;
;ACC08;MGLU3;2;9379;9379;9379;14.83;139090.57;139090.57;139090.57;
;ACC10;ITUB4;2;2197;2197;2197;16.85;37019.45;37019.45;37019.45;
;ACC04;LREN3;2;9244;9244;9244;18.41;170182.04;170182.04;170182.04;
;ACC10;WEGE3;1;2937;2937;2937;17.95;52719.15;52719.15;52719.15;
;ACC04;B3SA3;2;2564;2564;2564;12.37;31716.68;31716.68;31716.68;
;ACC03;VALE3;1;4502;4502;4502;15.78;71041.56;71041.56;71041.56;
;ACC10;B3SA3;1;4720;4720;4720;16.10;75992.00;75992.00;75992.00;
;ACC05;MGLU3;1;5420;5420;5420;10.95;59349.00;59349.00;59349.00;
;ACC08;WEGE3;2;8820;8820;8820;16.00;141120.00;141120.00;141120.00;
;ACC02;WEGE3;2;1112;1112;1112;19.55;21739.60;21739.60;21739.60;
;ACC08;VALE3;1;3984;3984;3984;18.47;73584.48;73584.48;73584.48;
;ACC01;ABEV3;2;4925;4925;4925;10.90;53682.50;53682.50;53682.50;
;ACC03;B3SA3;1;9211;9211;9211;17.49;161100.39;161100.39;161100.39;
;ACC06;BBAS3;1;4841;4841;4841;19.97;96674.77;96674.77;96674.77;
;ACC03;PETR4;1;3705;3705;3705;10.34;38309.70;38309.70;38309.70;
;ACC06;ITUB4;2;5381;5381;5381;18.38;98902.78;98902.78;98902.78;
;ACC01;PETR4;1;3602;3602;3602;18.02;64908.04;64908.04;64908.04;
;ACC08;BBAS3;2;2667;2667;2667;12.25;32670.75;32670.75;32670.75;
;ACC03;BBDC4;2;7345;7345;7345;18.01;132283.45;132283.45;132283.45;
;ACC04;PETR4;2;3534;3534;3534;14.78;52232.52;52232.52;52232.52;
;ACC05;LREN3;2;6940;6940;6940;18.37;127487.80;127487.80;127487.80;
;ACC02;LREN3;1;8632;8632;8632;12.17;105051.44;105051.44;105051.44;
;ACC05;VALE3;1;8558;8558;8558;19.77;169191.66;169191.66;169191.66;
;ACC02;VALE3;1;8955;8955;8955;18.95;169697.25;169697.25;169697.25;
;ACC09;B3SA3;1;6930;6930;6930;14.15;98059.50;98059.50;98059.50;
;ACC06;WEGE3;1;9628;9628;9628;11.01;106004.28;106004.28;106004.28;
;ACC04;BBAS3;2;2766;2766;2766;18.67;51641.22;51641.22;51641.22;
;ACC09;BBDC4;2;1419;1419;1419;13.72;19468.68;19468.68;19468.68;
;ACC08;ITUB4;1;4573;4573;4573;17.33;79250.09;79250.09;79250.09;
;ACC03;ABEV3;1;5648;5648;5648;18.26;103132.48;103132.48;103132.48;
;ACC05;PETR4;2;7290;7290;7290;18.74;136614.60;136614.60;136614.60;
;ACC01;WEGE3;2;1466;1466;1466;17.24;25273.84;25273.84;25273.84;
;ACC03;B3SA3;2;1373;1373;1373;14.85;20389.05;20389.05;20389.05;
;ACC08;LREN3;1;1995;1995;1995;12.45;24837.75;24837.75;24837.75;
;ACC10;B3SA3;2;7198;7198;7198;14.74;106098.52;106098.52;106098.52;
;ACC10;WEGE3;1;8715;8715;8715;14.56;126890.40;126890.40;126890.40;
;ACC07;ABEV3;1;4702;4702;4702;18.39;86469.78;86469.78;86469.78;
;ACC06;VALE3;2;5180;5180;5180;19.29;99922.20;99922.20;99922.20;
;ACC03;ITUB4;2;4525;4525;4525;11.09;50182.25;50182.25;50182.25;
;ACC01;ABEV3;1;1323;1323;1323;13.55;17926.65;17926.65;17926.65;
;ACC08;LREN3;1;9040;9040;9040;13.73;124119.20;124119.20;124119.20;
;ACC04;BBAS3;1;2545;2545;2545;11.74;29878.30;29878.30;29878.30;
;ACC09;ITUB4;1;9980;9980;9980;15.65;156187.00;156187.00;156187.00;
;ACC10;PETR4;1;9548;9548;9548;11.41;108942.68;108942.68;108942.68;
;ACC07;BBAS3;2;3071;3071;3071;17.22;52882.62;52882.62;52882.62;
;ACC04;MGLU3;1;3387;3387;3387;15.42;52227.54;52227.54;52227.54;
;ACC03;B3SA3;1;6511;6511;6511;10.21;66477.31;66477.31;66477.31;
;ACC10;VALE3;1;7055;7055;7055;14.30;100886.50;100886.50;100886.50;
;ACC05;VALE3;1;3502;3502;3502;14.47;50673.94;50673.94;50673.94;
;ACC09;B3SA3;2;2189;2189;2189;19.05;41700.45;41700.45;41700.45;
;ACC07;MGLU3;1;6729;6729;6729;10.13;68164.77;68164.77;68164.77;
;ACC07;BBAS3;1;5409;5409;5409;19.76;106881.84;106881.84;106881.84;
;ACC10;BBDC4;1;5197;5197;5197;18.21;94637.37;94637.37;94637.37;
;ACC07;B3SA3;1;1687;1687;1687;15.50;26148.50;26148.50;26148.50;
;ACC08;VALE3;1;3270;3270;3270;19.69;64386.30;64386.30;64386.30;
;ACC07;BBDC4;2;1179;1179;1179;11.53;13593.87;13593.87;13593.87;
;ACC03;ITUB4;2;8251;8251;8251;11.72;96701.72;96701.72;96701.72;
;ACC02;PETR4;1;1198;1198;1198;14.74;17658.52;17658.52;17658.52;
;ACC05;B3SA3;1;7866;7866;7866;14.09;110831.94;110831.94;110831.94;
;ACC07;LREN3;1;7618;7618;7618;13.81;105204.58;105204.58;105204.58;
;ACC05;ABEV3;1;2586;2586;2586;12.75;32971.50;32971.50;32971.50;
;ACC01;WEGE3;2;6465;6465;6465;13.40;86631.00;86631.00;86631.00;
;ACC09;BBAS3;2;7119;7119;7119;18.59;132342.21;132342.21;132342.21;
;ACC10;MGLU3;1;2972;2972;2972;15.99;47522.28;47522.28;47522.28;
;ACC08;ITUB4;2;1010;1010;1010;17.58;17755.80;17755.80;17755.80;
;ACC10;LREN3;1;9290;9290;9290;19.21;178460.90;178460.90;178460.90;
;ACC04;VALE3;1;8108;8108;8108;19.10;154862.80;154862.80;154862.80;
;ACC01;B3SA3;2;6454;6454;6454;17.68;114106.72;114106.72;114106.72;
;ACC10;ABEV3;2;8941;8941;8941;10.62;94953.42;94953.42;94953.42;
;ACC09;B3SA3;1;9746;9746;9746;13.77;134202.42;134202.42;134202.42;
;ACC06;WEGE3;2;2216;2216;2216;11.42;25306.72;25306.72;25306.72;
;ACC08;B3SA3;2;8558;8558;8558;16.15;138211.70;138211.70;138211.70;
;ACC03;VALE3;1;8888;8888;8888;11.69;103900.72;103900.72;103900.72;
;ACC07;PETR4;2;2025;2025;2025;18.63;37725.75;37725.75;37725.75;
;ACC04;ITUB4;2;2198;2198;2198;17.35;38135.30;38135.30;38135.30;
;ACC08;B3SA3;1;7422;7422;7422;12.51;92849.22;92849.22;92849.22;
;ACC10;PETR4;2;7133;7133;7133;14.97;106781.01;106781.01;106781.01;
;ACC09;PETR4;1;5835;5835;5835;11.01;64243.35;64243.35;64243.35;
;ACC06;MGLU3;1;6149;6149;6149;17.61;108283.89;108283.89;108283.89;
;ACC10;VALE3;2;6074;6074;6074;17.30;105080.20;105080.20;105080.20;
;ACC07;MGLU3;1;3718;3718;3718;11.38;42310.84;42310.84;42310.84;
;ACC04;ABEV3;2;8163;8163;8163;18.38;150035.94;150035.94;150035.94;
;ACC10;MGLU3;1;4845;4845;4845;15.03;72820.35;72820.35;72820.35;
;ACC01;LREN3;1;1203;1203;1203;12.98;15614.94;15614.94;15614.94;
;ACC01;VALE3;2;4296;4296;4296;13.52;58081.92;58081.92;58081.92;
;ACC03;BBDC4;2;1421;1421;1421;18.78;26686.38;26686.38;26686.38;
;ACC10;PETR4;1;5918;5918;5918;12.68;75040.24;75040.24;75040.24;
;ACC05;B3SA3;1;6413;6413;6413;15.47;99209.11;99209.11;99209.11;
;ACC08;B3SA3;1;5116;5116;5116;17.17;87841.72;87841.72;87841.72;
;ACC05;BBDC4;1;5135;5135;5135;17.24;88527.40;88527.40;88527.40;
;ACC09;LREN3;2;9691;9691;9691;18.00;174438.00;174438.00;174438.00;
;ACC10;B3SA3;1;7080;7080;7080;14.11;99898.80;99898.80;99898.80;
;ACC04;WEGE3;2;1058;1058;1058;16.66;17626.28;17626.28;17626.28;
;ACC01;B3SA3;2;6021;6021;6021;11.24;67676.04;67676.04;67676.04;
;ACC02;B3SA3;2;6782;6782;6782;18.65;126484.30;126484.30;126484.30;
;ACC06;LREN3;2;3534;3534;3534;10.25;36223.50;36223.50;36223.50;
;ACC04;BBDC4;2;4397;4397;4397;13.01;57204.97;57204.97;57204.97;
;ACC03;ABEV3;1;4345;4345;4345;14.87;64610.15;64610.15;64610.15;
;ACC10;LREN3;1;1210;1210;1210;12.88;15584.80;15584.80;15584.80;
;ACC04;B3SA3;1;1229;1229;1229;16.45;20217.05;20217.05;20217.05;
;ACC04;BBDC4;2;7090;7090;7090;13.93;98763.70;98763.70;98763.70;
;ACC01;B3SA3;1;2459;2459;2459;11.64;28622.76;28622.76;28622.76;
;ACC04;MGLU3;2;5499;5499;5499;15.35;84409.65;84409.65;84409.65;
;ACC01;B3SA3;1;4784;4784;4784;11.56;55303.04;55303.04;55303.04;
;ACC10;ABEV3;2;9548;9548;9548;11.53;110088.44;110088.44;110088.44;
;ACC07;PETR4;2;1272;1272;1272;15.67;19932.24;19932.24;19932.24;
;ACC10;BBDC4;2;7077;7077;7077;11.70;82800.90;82800.90;82800.90;
;ACC06;ITUB4;2;1609;1609;1609;16.39;26371.51;26371.51;26371.51;
;ACC02;ABEV3;1;1515;1515;1515;17.74;26876.10;26876.10;26876.10;
;ACC04;LREN3;2;4458;4458;4458;15.05;67092.90;67092.90;67092.90;
;ACC03;PETR4;1;3666;3666;3666;17.34;63568.44;63568.44;63568.44;
;ACC02;ITUB4;2;5985;5985;5985;19.69;117844.65;117844.65;117844.65;
;ACC01;BBAS3;1;5840;5840;5840;18.90;110376.00;110376.00;110376.00;
;ACC03;B3SA3;2;8871;8871;8871;12.97;115056.87;115056.87;115056.87;
;ACC04;ITUB4;2;4747;4747;4747;16.50;78325.50;78325.50;78325.50;
;ACC07;LREN3;2;4636;4636;4636;14.57;67546.52;67546.52;67546.52;
;ACC06;VALE3;2;7094;7094;7094;11.61;82361.34;82361.34;82361.34;
;ACC06;PETR4;1;3148;3148;3148;17.41;54806.68;54806.68;54806.68;
;ACC08;WEGE3;1;5574;5574;5574;12.09;67389.66;67389.66;67389.66;
;ACC07;BBDC4;2;3956;3956;3956;10.56;41775.36;41775.36;41775.36;
;ACC10;B3SA3;1;5835;5835;5835;19.10;111448.50;111448.50;111448.50;
;ACC04;BBDC4;1;7882;7882;7882;14.13;111372.66;111372.66;111372.66;
;ACC02;MGLU3;1;5413;5413;5413;17.09;92508.17;92508.17;92508.17;
;ACC01;LREN3;1;6301;6301;6301;19.63;123688.63;123688.63;123688.63;
;ACC01;MGLU3;2;3847;3847;3847;15.44;59397.68;59397.68;59397.68;
;ACC03;VALE3;1;4006;4006;4006;14.87;59569.22;59569.22;59569.22;
;ACC06;WEGE3;1;5871;5871;5871;10.74;63054.54;63054.54;63054.54;
;ACC02;PETR4;1;9803;9803;9803;10.15;99500.45;99500.45;99500.45;
;ACC03;ABEV3;1;7193;7193;7193;13.05;93868.65;93868.65;93868.65;
;ACC08;MGLU3;2;1541;1541;1541;16.35;25195.35;25195.35;25195.35;
;ACC01;VALE3;1;6247;6247;6247;17.54;109572.38;109572.38;109572.38;
;ACC07;WEGE3;1;2575;2575;2575;10.30;26522.50;26522.50;26522.50;
;ACC06;BBDC4;2;7731;7731;7731;17.91;138462.21;138462.21;138462.21;
;ACC03;B3SA3;1;7080;7080;7080;11.53;81632.40;81632.40;81632.40;
;ACC05;B3SA3;2;4116;4116;4116;15.28;62892.48;62892.48;62892.48;
;ACC01;ITUB4;2;7808;7808;7808;15.09;117822.72;117822.72;117822.72;
;ACC10;VALE3;2;9720;9720;9720;14.22;138218.40;138218.40;138218.40;
;ACC08;MGLU3;1;3289;3289;3289;14.11;46407.79;46407.79;46407.79;
;ACC03;PETR4;1;4450;4450;4450;16.92;75294.00;75294.00;75294.00;
;ACC01;VALE3;2;6873;6873;6873;10.52;72303.96;72303.96;72303.96;
;ACC02;WEGE3;1;8144;8144;8144;17.48;142357.12;142357.12;142357.12;
;ACC02;ABEV3;1;5596;5596;5596;19.97;111752.12;111752.12;111752.12;
;ACC06;ABEV3;2;2080;2080;2080;11.51;23940.80;23940.80;23940.80;
;ACC05;ITUB4;1;5828;5828;5828;17.26;100591.28;100591.28;100591.28;
;ACC09;MGLU3;1;8624;8624;8624;17.68;152472.32;152472.32;152472.32;
;ACC02;BBDC4;1;8036;8036;8036;18.37;147621.32;147621.32;147621.32;
;ACC08;PETR4;1;4895;4895;4895;11.64;56977.80;56977.80;56977.80;
;ACC02;ITUB4;2;6567;6567;6567;15.43;101328.81;101328.81;101328.81;
;ACC07;BBDC4;2;3576;3576;3576;16.02;57287.52;57287.52;57287.52;
;ACC01;MGLU3;1;5466;5466;5466;13.55;74064.30;74064.30;74064.30;
;ACC05;WEGE3;2;4231;4231;4231;12.45;52675.95;52675.95;52675.95;
;ACC09;VALE3;1;7649;7649;7649;13.99;107009.51;107009.51;107009.51;
;ACC06;PETR4;1;9074;9074;9074;18.18;164965.32;164965.32;164965.32;
;ACC02;ITUB4;2;8592;8592;8592;19.91;171066.72;171066.72;171066.72;
;ACC04;VALE3;2;2175;2175;2175;15.94;34669.50;34669.50;34669.50;
;ACC09;PETR4;1;7661;7661;7661;18.42;141115.62;141115.62;141115.62;
;ACC02;PETR4;2;7192;7192;7192;10.96;78824.32;78824.32;78824.32;
;ACC07;WEGE3;1;8519;8519;8519;18.12;154364.28;154364.28;154364.28;
;ACC01;MGLU3;1;6317;6317;6317;11.29;71318.93;71318.93;71318.93;
;ACC08;PETR4;2;7181;7181;7181;14.49;104052.69;104052.69;104052.69;
;ACC01;VALE3;2;8049;8049;8049;11.93;96024.57;96024.57;96024.57;
;ACC04;WEGE3;1;1457;1457;1457;10.01;14584.57;14584.57;14584.57;
;ACC03;BBDC4;2;3537;3537;3537;18.63;65894.31;65894.31;65894.31;
;ACC09;ABEV3;2;8091;8091;8091;11.72;94826.52;94826.52;94826.52;
;ACC02;WEGE3;1;6994;6994;6994;12.29;85956.26;85956.26;85956.26;
;ACC06;VALE3;1;6730;6730;6730;15.88;106872.40;106872.40;106872.40;
;ACC01;BBAS3;2;9634;9634;9634;14.43;139018.62;139018.62;139018.62;
;ACC05;WEGE3;1;4619;4619;4619;11.53;53257.07;53257.07;53257.07;
;ACC10;VALE3;2;2005;2005;2005;19.97;40039.85;40039.85;40039.85;
;ACC10;WEGE3;1;6334;6334;6334;16.42;104004.28;104004.28;104004.28;
;ACC04;BBAS3;1;8617;8617;8617;14.46;124601.82;124601.82;124601.82;
;ACC04;ABEV3;1;9888;9888;9888;13.00;128544.00;128544.00;128544.00;
;ACC07;MGLU3;2;1077;1077;1077;18.43;19849.11;19849.11;19849.11;
;ACC02;MGLU3;2;3868;3868;3868;11.45;44288.60;44288.60;44288.60;
;ACC03;B3SA3;2;3949;3949;3949;11.61;45847.89;45847.89;45847.89;
;ACC06;ABEV3;2;8017;8017;8017;12.15;97406.55;97406.55;97406.55;
;ACC10;PETR4;1;2188;2188;2188;11.98;26212.24;26212.24;26212.24;
;ACC05;BBDC4;1;8136;8136;8136;17.84;145146.24;145146.24;145146.24;
;ACC09;MGLU3;1;6089;6089;6089;19.20;116908.80;116908.80;116908.80;
;ACC04;ITUB4;1;1431;1431;1431;18.64;26673.84;26673.84;26673.84;
;ACC07;BBDC4;1;7697;7697;7697;17.09;131541.73;131541.73;131541.73;
;ACC06;B3SA3;1;6298;6298;6298;12.30;77465.40;77465.40;77465.40;
;ACC08;ABEV3;2;1030;1030;1030;18.30;18849.00;18849.00;18849.00;
;ACC02;WEGE3;1;6185;6185;6185;11.68;72240.80;72240.80;72240.80;
;ACC03;PETR4;2;4431;4431;4431;11.93;52861.83;52861.83;52861.83;
;ACC02;ABEV3;2;6966;6966;6966;10.22;71192.52;71192.52;71192.52;
;ACC02;WEGE3;2;7539;7539;7539;15.77;118890.03;118890.03;118890.03;
;ACC09;ITUB4;1;7376;7376;7376;13.11;96699.36;96699.36;96699.36;
;ACC01;ITUB4;1;2609;2609;2609;10.21;26637.89;26637.89;26637.89;
;ACC07;B3SA3;2;3464;3464;3464;14.39;49846.96;49846.96;49846.96;
;ACC05;BBDC4;2;8194;8194;8194;10.40;85217.60;85217.60;85217.60;
;ACC10;B3SA3;1;4975;4975;4975;13.75;68406.25;68406.25;68406.25;
;ACC02;BBDC4;2;6719;6719;6719;10.85;72901.15;72901.15;72901.15;
;ACC01;BBAS3;1;6564;6564;6564;14.12;92683.68;92683.68;92683.68;
;ACC09;BBAS3;2;6199;6199;6199;15.04;93232.96;93232.96;93232.96;
;ACC07;ITUB4;1;4679;4679;4679;17.16;80291.64;80291.64;80291.64;
;ACC08;PETR4;2;9229;9229;9229;19.51;180057.79;180057.79;180057.79;
;ACC02;VALE3;1;2478;2478;2478;15.75;39028.50;39028.50;39028.50;
;ACC10;PETR4;2;3058;3058;3058;19.54;59753.32;59753.32;59753.32;
;ACC05;ABEV3;1;7900;7900;7900;12.96;102384.00;102384.00;102384.00;
;ACC10;ITUB4;2;4429;4429;4429;10.25;45397.25;45397.25;45397.25;
;ACC03;VALE3;1;8074;8074;8074;13.18;106415.32;106415.32;106415.32;
;ACC10;VALE3;2;1609;1609;1609;11.66;18760.94;18760.94;18760.94;
;ACC05;BBAS3;2;1372;1372;1372;17.23;23639.56;23639.56;23639.56;
;ACC07;ITUB4;2;1569;1569;1569;19.92;31254.48;31254.48;31254.48;
;ACC03;BBAS3;1;3214;3214;3214;14.81;47599.34;47599.34;47599.34;
;ACC09;BBAS3;2;8224;8224;8224;14.05;115547.20;115547.20;115547.20;
;ACC05;MGLU3;2;6918;6918;6918;10.15;70217.70;70217.70;70217.70;
;ACC04;MGLU3;2;5810;5810;5810;17.49;101616.90;101616.90;101616.90;
;ACC06;WEGE3;1;7506;7506;7506;14.85;111464.10;111464.10;111464.10;
;ACC01;BBAS3;1;3056;3056;3056;15.88;48529.28;48529.28;48529.28;
;ACC04;LREN3;2;2751;2751;2751;14.81;40742.31;40742.31;40742.31;
;ACC02;ABEV3;2;6684;6684;6684;15.65;104604.60;104604.60;104604.60;
;ACC07;WEGE3;1;4866;4866;4866;16.63;80921.58;80921.58;80921.58;
;ACC10;ITUB4;2;1064;1064;1064;12.18;12959.52;12959.52;12959.52;
;ACC01;ABEV3;2;9189;9189;9189;10.36;95198.04;95198.04;95198.04;
;ACC03;ABEV3;1;4516;4516;4516;14.16;63946.56;63946.56;63946.56;
;ACC07;BBDC4;1;9252;9252;9252;11.50;106398.00;106398.00;106398.00;
;ACC01;LREN3;1;3969;3969;3969;10.13;40205.97;40205.97;40205.97;
;ACC08;WEGE3;2;2159;2159;2159;19.65;42424.35;42424.35;42424.35;
;ACC05;WEGE3;2;1552;1552;1552;11.27;17491.04;17491.04;17491.04;
;ACC05;LREN3;1;8818;8818;8818;18.67;164632.06;164632.06;164632.06;
;ACC03;WEGE3;2;2950;2950;2950;13.21;38969.50;38969.50;38969.50;
;ACC05;WEGE3;1;3937;3937;3937;13.22;52047.14;52047.14;52047.14;
;ACC09;BBAS3;1;1697;1697;1697;17.74;30104.78;30104.78;30104.78;
;ACC04;LREN3;2;9219;9219;9219;18.69;172303.11;172303.11;172303.11;
;ACC01;BBAS3;2;8701;8701;8701;13.78;119899.78;119899.78;119899.78;
;ACC06;ABEV3;1;4142;4142;4142;15.17;62834.14;62834.14;62834.14;
;ACC02;BBAS3;2;7049;7049;7049;16.83;118634.67;118634.67;118634.67;
;ACC01;LREN3;1;6120;6120;6120;15.29;93574.80;93574.80;93574.80;
;ACC07;MGLU3;2;9436;9436;9436;16.24;153240.64;153240.64;153240.64;
;ACC05;MGLU3;1;7609;7609;7609;10.31;78448.79;78448.79;78448.79;
;ACC09;BBDC4;2;5730;5730;5730;10.36;59362.80;59362.80;59362.80;
;ACC07;ABEV3;1;7109;7109;7109;18.95;134715.55;134715.55;134715.55;
;ACC10;PETR4;2;9092;9092;9092;12.15;110467.80;110467.80;110467.80;
;ACC01;ITUB4;1;5094;5094;5094;13.27;67597.38;67597.38;67597.38;
;ACC09;BBDC4;2;5612;5612;5612;17.15;96245.80;96245.80;96245.80;
;ACC03;B3SA3;2;2970;2970;2970;13.00;38610.00;38610.00;38610.00;
;ACC06;PETR4;2;7236;7236;7236;12.59;91101.24;91101.24;91101.24;
;ACC02;PETR4;1;1794;1794;1794;14.19;25456.86;25456.86;25456.86;
;ACC10;VALE3;1;2934;2934;2934;19.25;56479.50;56479.50;56479.50;
;ACC06;ITUB4;2;2191;2191;2191;11.92;26116.72;26116.72;26116.72;
;ACC08;LREN3;1;6050;6050;6050;12.70;76835.00;76835.00;76835.00;
;ACC09;MGLU3;1;8726;8726;8726;12.85;112129.10;112129.10;112129.10;
;ACC03;BBAS3;1;4510;4510;4510;12.09;54525.90;54525.90;54525.90;
;ACC07;MGLU3;1;9295;9295;9295;19.08;177348.60;177348.60;177348.60;
;ACC09;ITUB4;1;5793;5793;5793;16.79;97264.47;97264.47;97264.47;
;ACC06;PETR4;1;1766;1766;1766;18.67;32971.22;32971.22;32971.22;
;ACC03;ITUB4;2;9912;9912;9912;14.93;147986.16;147986.16;147986.16;
;ACC08;LREN3;2;8647;8647;8647;14.58;126073.26;126073.26;126073.26;
;ACC06;PETR4;1;1634;1634;1634;13.81;22565.54;22565.54;22565.54;
;ACC06;WEGE3;2;2868;2868;2868;14.24;40840.32;40840.32;40840.32;
;ACC06;B3SA3;2;5466;5466;5466;18.88;103198.08;103198.08;103198.08;
;ACC07;BBAS3;2;4742;4742;4742;13.51;64064.42;64064.42;64064.42;
;ACC06;PETR4;2;8185;8185;8185;17.78;145529.30;145529.30;145529.30;
;ACC07;MGLU3;1;9220;9220;9220;18.86;173889.20;173889.20;173889.20;
;ACC03;BBDC4;2;6940;6940;6940;11.73;81406.20;81406.20;81406.20;
;ACC05;MGLU3;1;4137;4137;4137;18.25;75500.25;75500.25;75500.25;
;ACC07;PETR4;2;2825;2825;2825;11.18;31583.50;31583.50;31583.50;
;ACC10;LREN3;2;4092;4092;4092;14.09;57656.28;57656.28;57656.28;
;ACC05;BBAS3;2;3107;3107;3107;15.25;47381.75;47381.75;47381.75;
;ACC07;BBDC4;1;6211;6211;6211;10.81;67140.91;67140.91;67140.91;
;ACC10;BBAS3;2;6778;6778;6778;13.57;91977.46;91977.46;91977.46;
;ACC04;BBAS3;2;3029;3029;3029;13.21;40013.09;40013.09;40013.09;
;ACC05;B3SA3;1;3834;3834;3834;16.27;62379.18;62379.18;62379.18;
;ACC01;ITUB4;2;9921;9921;9921;17.50;173617.50;173617.50;173617.50;
;ACC02;LREN3;2;1756;1756;1756;17.30;30378.80;30378.80;30378.80;
;ACC06;WEGE3;2;6616;6616;6616;19.57;129475.12;129475.12;129475.12;
;ACC06;LREN3;2;3286;3286;3286;13.22;43440.92;43440.92;43440.92;
;ACC07;ITUB4;2;1799;1799;1799;19.93;35854.07;35854.07;35854.07;
;ACC02;VALE3;2;5995;5995;5995;16.30;97718.50;97718.50;97718.50;
;ACC08;VALE3;2;1514;1514;1514;18.74;28372.36;28372.36;28372.36;
;ACC04;BBDC4;2;8126;8126;8126;12.85;104419.10;104419.10;104419.10;
;ACC08;BBAS3;2;3811;3811;3811;13.78;52515.58;52515.58;52515.58;
;ACC10;MGLU3;2;9228;9228;9228;15.03;138696.84;138696.84;138696.84;
;ACC04;MGLU3;2;3694;3694;3694;16.24;59990.56;59990.56;59990.56;
;ACC03;BBAS3;1;5429;5429;5429;11.05;59990.45;59990.45;59990.45;
;ACC01;VALE3;1;2507;2507;2507;12.29;30811.03;30811.03;30811.03;
;ACC05;LREN3;2;4191;4191;4191;10.30;43167.30;43167.30;43167.30;
;ACC05;VALE3;2;1883;1883;1883;11.58;21805.14;21805.14;21805.14;
;ACC07;B3SA3;2;7990;7990;7990;12.77;102032.30;102032.30;102032.30;
;ACC04;BBDC4;1;6246;6246;6246;13.87;86632.02;86632.02;86632.02;
;ACC01;BBAS3;2;3577;3577;3577;13.10;46858.70;46858.70;46858.70;
;ACC04;MGLU3;1;3476;3476;3476;18.64;64792.64;64792.64;64792.64;
;ACC06;ITUB4;2;9517;9517;9517;14.83;141137.11;141137.11;141137.11;
;ACC03;ABEV3;2;1256;1256;1256;13.66;17156.96;17156.96;17156.96;
;ACC01;BBAS3;2;4689;4689;4689;18.11;84917.79;84917.79;84917.79;
;ACC06;PETR4;1;2852;2852;2852;19.43;55414.36;55414.36;55414.36;
;ACC07;MGLU3;1;5558;5558;5558;11.03;61304.74;61304.74;61304.74;
;ACC02;ABEV3;1;7111;7111;7111;12.27;87251.97;87251.97;87251.97;
;ACC01;ABEV3;2;2471;2471;2471;13.24;32716.04;32716.04;32716.04;
;ACC05;LREN3;1;1150;1150;1150;10.97;12615.50;12615.50;12615.50;
;ACC09;ITUB4;2;3185;3185;3185;13.29;42328.65;42328.65;42328.65;
;ACC01;PETR4;1;5991;5991;5991;12.43;74468.13;74468.13;74468.13;
;ACC04;B3SA3;2;3485;3485;3485;16.30;56805.50;56805.50;56805.50;
;ACC04;BBDC4;1;8697;8697;8697;14.96;130107.12;130107.12;130107.12;
;ACC02;ITUB4;1;8550;8550;8550;17.68;151164.00;151164.00;151164.00;
;ACC01;LREN3;1;3074;3074;3074;10.50;32277.00;32277.00;32277.00;
;ACC06;LREN3;2;8080;8080;8080;18.82;152065.60;152065.60;152065.60;
;ACC08;B3SA3;2;3670;3670;3670;11.90;43673.00;43673.00;43673.00;
;ACC06;B3SA3;1;3296;3296;3296;13.54;44627.84;44627.84;44627.84;
;ACC06;ABEV3;1;8133;8133;8133;11.85;96376.05;96376.05;96376.05;
;ACC04;PETR4;1;1558;1558;1558;16.11;25099.38;25099.38;25099.38;
;ACC07;VALE3;2;1629;1629;1629;14.81;24125.49;24125.49;24125.49;
;ACC02;ABEV3;2;9617;9617;9617;10.38;99824.46;99824.46;99824.46;
;ACC07;BBDC4;2;5728;5728;5728;13.29;76125.12;76125.12;76125.12;
;ACC10;BBAS3;2;6615;6615;6615;15.94;105443.10;105443.10;105443.10;
;ACC04;PETR4;2;2965;2965;2965;14.95;44326.75;44326.75;44326.75;
;ACC04;LREN3;1;4294;4294;4294;14.13;60674.22;60674.22;60674.22;
;ACC08;PETR4;2;4692;4692;4692;19.56;91775.52;91775.52;91775.52;
;ACC09;LREN3;1;5485;5485;5485;10.86;59567.10;59567.10;59567.10;
;ACC02;ABEV3;1;9577;9577;9577;13.23;126703.71;126703.71;126703.71;
;ACC02;PETR4;1;4702;4702;4702;13.82;64981.64;64981.64;64981.64;
;ACC07;LREN3;1;3558;3558;3558;15.27;54330.66;54330.66;54330.66;
;ACC02;BBDC4;1;8563;8563;8563;12.90;110462.70;110462.70;110462.70;
;ACC06;ITUB4;2;2529;2529;2529;12.91;32649.39;32649.39;32649.39;
;ACC07;VALE3;2;1671;1671;1671;11.81;19734.51;19734.51;19734.51;
;ACC04;ITUB4;1;9944;9944;9944;15.77;156816.88;156816.88;156816.88;
;ACC09;BBAS3;2;1425;1425;1425;18.82;26818.50;26818.50;26818.50;
;ACC04;LREN3;1;3638;3638;3638;11.58;42128.04;42128.04;42128.04;
;ACC08;PETR4;1;2271;2271;2271;13.18;29931.78;29931.78;29931.78;
;ACC04;B3SA3;1;7103;7103;7103;10.21;72521.63;72521.63;72521.63;
;ACC08;B3SA3;2;8994;8994;8994;15.36;138147.84;138147.84;138147.84;
;ACC01;B3SA3;1;1573;1573;1573;15.54;24444.42;24444.42;24444.42;
;ACC09;BBDC4;1;4837;4837;4837;18.89;91370.93;91370.93;91370.93;
;ACC07;BBAS3;2;8918;8918;8918;18.25;162753.50;162753.50;162753.50;
;ACC04;LREN3;2;5896;5896;5896;19.04;112259.84;112259.84;112259.84;
;ACC05;MGLU3;2;6369;6369;6369;18.71;119163.99;119163.99;119163.99;
;ACC05;B3SA3;2;1165;1165;1165;16.35;19047.75;19047.75;19047.75;
;ACC01;MGLU3;2;2264;2264;2264;10.23;23160.72;23160.72;23160.72;
;ACC08;BBDC4;1;8331;8331;8331;14.24;118633.44;118633.44;118633.44;
;ACC10;WEGE3;1;6018;6018;6018;18.46;111092.28;111092.28;111092.28;
;ACC05;BBAS3;1;8801;8801;8801;19.75;173819.75;173819.75;173819.75;
;ACC02;WEGE3;1;1295;1295;1295;13.37;17314.15;17314.15;17314.15;
;ACC06;LREN3;2;5476;5476;5476;17.34;94953.84;94953.84;94953.84;
;ACC08;MGLU3;1;9915;9915;9915;10.38;102917.70;102917.70;102917.70;
;ACC10;BBAS3;1;9998;9998;9998;13.34;133373.32;133373.32;133373.32;
;ACC05;PETR4;2;6568;6568;6568;18.84;123741.12;123741.12;123741.12;
;ACC04;VALE3;1;9620;9620;9620;15.61;150168.20;150168.20;150168.20;
;ACC02;B3SA3;2;3713;3713;3713;16.98;63046.74;63046.74;63046.74;
;ACC06;WEGE3;1;1785;1785;1785;13.93;24865.05;24865.05;24865.05;
;ACC04;BBDC4;2;5184;5184;5184;12.81;66407.04;66407.04;66407.04;
;ACC06;PETR4;1;6401;6401;6401;19.00;121619.00;121619.00;121619.00;
;ACC01;VALE3;1;1213;1213;1213;12.02;14580.26;14580.26;14580.26;
;ACC07;BBAS3;1;5966;5966;5966;16.93;101004.38;101004.38;101004.38;
;ACC06;MGLU3;1;3605;3605;3605;16.23;58509.15;58509.15;58509.15;
;ACC08;B3SA3;1;5609;5609;5609;11.50;64503.50;64503.50;64503.50;
;ACC07;BBDC4;2;2799;2799;2799;10.88;30453.12;30453.12;30453.12;
;ACC08;VALE3;2;4285;4285;4285;14.24;61018.40;61018.40;61018.40;
;ACC04;MGLU3;1;8463;8463;8463;13.29;112473.27;112473.27;112473.27;
;ACC06;VALE3;1;2913;2913;2913;19.15;55783.95;55783.95;55783.95;
;ACC05;BBDC4;2;3869;3869;3869;17.30;66933.70;66933.70;66933.70;
;ACC09;PETR4;1;6978;6978;6978;17.63;123022.14;123022.14;123022.14;
;ACC06;WEGE3;1;4452;4452;4452;10.25;45633.00;45633.00;45633.00;
;ACC05;PETR4;1;5232;5232;5232;10.71;56034.72;56034.72;56034.72;
;ACC10;BBDC4;2;6299;6299;6299;16.31;102736.69;102736.69;102736.69;
;ACC01;ABEV3;2;3053;3053;3053;14.62;44634.86;44634.86;44634.86;
;ACC04;VALE3;1;4462;4462;4462;12.89;57515.18;57515.18;57515.18;
;ACC08;BBAS3;2;4327;4327;4327;13.28;57462.56;57462.56;57462.56;
;ACC03;PETR4;2;7165;7165;7165;14.79;105970.35;105970.35;105970.35;
;ACC01;WEGE3;2;4853;4853;4853;18.87;91576.11;91576.11;91576.11;
;ACC09;ITUB4;1;6157;6157;6157;12.89;79363.73;79363.73;79363.73;
;ACC02;ABEV3;2;7435;7435;7435;17.18;127733.30;127733.30;127733.30;
;ACC04;ITUB4;1;4702;4702;4702;13.48;63382.96;63382.96;63382.96;
;ACC03;ABEV3;1;1732;1732;1732;17.43;30188.76;30188.76;30188.76;
;ACC08;MGLU3;1;8182;8182;8182;17.09;139830.38;139830.38;139830.38;
;ACC09;BBDC4;2;3592;3592;3592;10.11;36315.12;36315.12;36315.12;
;ACC02;B3SA3;1;7872;7872;7872;14.82;116663.04;116663.04;116663.04;
;ACC05;WEGE3;1;5026;5026;5026;13.45;67599.70;67599.70;67599.70;
;ACC08;B3SA3;2;9364;9364;9364;19.62;183721.68;183721.68;183721.68;
;ACC01;PETR4;1;6489;6489;6489;18.98;123161.22;123161.22;123161.22;
;ACC01;BBDC4;1;3779;3779;3779;14.43;54530.97;54530.97;54530.97;
;ACC09;ITUB4;1;9014;9014;9014;19.71;177665.94;177665.94;177665.94;
;ACC03;BBAS3;1;9939;9939;9939;19.92;197984.88;197984.88;197984.88;
;ACC06;B3SA3;1;9400;9400;9400;15.50;145700.00;145700.00;145700.00;
;ACC10;PETR4;2;2030;2030;2030;11.98;24319.40;24319.40;24319.40;
;ACC10;VALE3;2;5643;5643;5643;14.47;81654.21;81654.21;81654.21;
;ACC06;MGLU3;2;5186;5186;5186;15.72;81523.92;81523.92;81523.92;
;ACC08;ITUB4;2;9386;9386;9386;15.97;149894.42;149894.42;149894.42;
;ACC04;MGLU3;2;3625;3625;3625;14.63;53033.75;53033.75;53033.75;
;ACC07;BBAS3;1;3337;3337;3337;10.05;33536.85;33536.85;33536.85;
;ACC06;B3SA3;2;2918;2918;2918;12.14;35424.52;35424.52;35424.52;
;ACC02;ABEV3;2;8183;8183;8183;16.43;134446.69;134446.69;134446.69;
;ACC08;B3SA3;2;3699;3699;3699;17.78;65768.22;65768.22;65768.22;
;ACC09;MGLU3;1;3471;3471;3471;11.10;38528.10;38528.10;38528.10;
;ACC06;ITUB4;2;2522;2522;2522;17.32;43681.04;43681.04;43681.04;
;ACC01;ABEV3;2;7119;7119;7119;19.25;137040.75;137040.75;137040.75;
;ACC09;PETR4;2;7623;7623;7623;13.27;101157.21;101157.21;101157.21;
;ACC04;VALE3;2;3105;3105;3105;16.41;50953.05;50953.05;50953.05;
;ACC01;VALE3;1;6291;6291;6291;11.93;75051.63;75051.63;75051.63;
;ACC04;B3SA3;1;3790;3790;3790;18.02;68295.80;68295.80;68295.80;
;ACC10;BBAS3;2;8013;8013;8013;18.80;150644.40;150644.40;150644.40;
;ACC01;ITUB4;1;9484;9484;9484;16.11;152787.24;152787.24;152787.24;
;ACC10;B3SA3;2;5168;5168;5168;13.66;70594.88;70594.88;70594.88;
;ACC04;MGLU3;1;6143;6143;6143;16.59;101912.37;101912.37;101912.37;
;ACC03;MGLU3;1;2492;2492;2492;14.77;36806.84;36806.84;36806.84;
;ACC03;BBDC4;2;3829;3829;3829;15.24;58353.96;58353.96;58353.96;
;ACC09;WEGE3;2;1231;1231;1231;12.04;14821.24;14821.24;14821.24;
;ACC02;ITUB4;1;7643;7643;7643;11.94;91257.42;91257.42;91257.42;
;ACC10;WEGE3;2;5375;5375;5375;18.18;97717.50;97717.50;97717.50;
;ACC06;VALE3;1;8903;8903;8903;18.45;164260.35;164260.35;164260.35;
;ACC03;MGLU3;2;4586;4586;4586;16.84;77228.24;77228.24;77228.24;
;ACC04;MGLU3;1;3270;3270;3270;13.38;43752.60;43752.60;43752.60;
;ACC10;B3SA3;2;9641;9641;9641;12.76;123019.16;123019.16;123019.16;
;ACC04;PETR4;2;4659;4659;4659;18.07;84188.13;84188.13;84188.13;
;ACC03;BBDC4;2;3182;3182;3182;10.97;34906.54;34906.54;34906.54;
;ACC09;BBAS3;2;3838;3838;3838;19.87;76261.06;76261.06;76261.06;
;ACC02;BBAS3;2;7156;7156;7156;18.83;134747.48;134747.48;134747.48;
;ACC09;B3SA3;2;8973;8973;8973;12.51;112252.23;112252.23;112252.23;
;ACC05;PETR4;2;3599;3599;3599;18.29;65825.71;65825.71;65825.71;
;ACC08;LREN3;2;3331;3331;3331;18.98;63222.38;63222.38;63222.38;
;ACC05;WEGE3;2;9061;9061;9061;10.23;92694.03;92694.03;92694.03;
;ACC04;ITUB4;1;8066;8066;8066;16.97;136880.02;136880.02;136880.02;
;ACC10;BBDC4;2;6378;6378;6378;13.03;83105.34;83105.34;83105.34;
;ACC06;BBDC4;1;7547;7547;7547;17.86;134789.42;134789.42;134789.42;
;ACC01;B3SA3;1;9032;9032;9032;15.72;141983.04;141983.04;141983.04;
;ACC07;BBAS3;1;7923;7923;7923;13.72;108703.56;108703.56;108703.56;
;ACC04;BBAS3;1;9857;9857;9857;11.42;112566.94;112566.94;112566.94;
;ACC05;BBAS3;1;6129;6129;6129;14.59;89422.11;89422.11;89422.11;
;ACC04;BBDC4;2;1956;1956;1956;19.64;38415.84;38415.84;38415.84;
;ACC10;PETR4;2;2376;2376;2376;16.81;39940.56;39940.56;39940.56;
;ACC03;MGLU3;1;5091;5091;5091;18.93;96372.63;96372.63;96372.63;
;ACC09;PETR4;1;1278;1278;1278;17.73;22658.94;22658.94;22658.94;
;ACC05;BBDC4;1;8044;8044;8044;13.46;108272.24;108272.24;108272.24;
;ACC06;ITUB4;1;5211;5211;5211;15.88;82750.68;82750.68;82750.68;
;ACC06;PETR4;1;4109;4109;4109;12.66;52019.94;52019.94;52019.94;
;ACC10;VALE3;2;3691;3691;3691;17.61;64998.51;64998.51;64998.51;
;ACC04;B3SA3;1;6605;6605;6605;17.87;118031.35;118031.35;118031.35;
;ACC04;VALE3;2;6101;6101;6101;17.84;108841.84;108841.84;108841.84;
;ACC07;BBDC4;1;5145;5145;5145;11.19;57572.55;57572.55;57572.55;
;ACC04;ABEV3;1;1089;1089;1089;16.30;17750.70;17750.70;17750.70;
;ACC02;MGLU3;2;3443;3443;3443;17.52;60321.36;60321.36;60321.36;
;ACC07;MGLU3;1;5968;5968;5968;16.34;97517.12;97517.12;97517.12;
;ACC01;ITUB4;2;5320;5320;5320;17.68;94057.60;94057.60;94057.60;
;ACC10;BBAS3;1;3682;3682;3682;10.61;39066.02;39066.02;39066.02;
;ACC05;WEGE3;1;3520;3520;3520;17.44;61388.80;61388.80;61388.80;
;ACC02;PETR4;1;1356;1356;1356;11.47;15553.32;15553.32;15553.32;
;ACC02;ITUB4;2;8650;8650;8650;12.59;108903.50;108903.50;108903.50;
;ACC02;BBDC4;1;3639;3639;3639;16.11;58624.29;58624.29;58624.29;
;ACC02;ABEV3;1;9429;9429;9429;17.04;160670.16;160670.16;160670.16;
;ACC08;BBAS3;1;9278;9278;9278;17.02;157911.56;157911.56;157911.56;
;ACC10;BBDC4;2;5575;5575;5575;18.38;102468.50;102468.50;102468.50;
;ACC07;ITUB4;2;1006;1006;1006;14.64;14727.84;14727.84;14727.84;
;ACC09;ABEV3;1;3801;3801;3801;15.96;60663.96;60663.96;60663.96;
;ACC10;LREN3;1;7366;7366;7366;11.83;87139.78;87139.78;87139.78;
;ACC08;MGLU3;1;7960;7960;7960;18.38;146304.80;146304.80;146304.80;
;ACC10;MGLU3;2;6820;6820;6820;18.08;123305.60;123305.60;123305.60;
;ACC06;WEGE3;2;2952;2952;2952;15.51;45785.52;45785.52;45785.52;
;ACC07;MGLU3;2;2295;2295;2295;14.95;34310.25;34310.25;34310.25;
;ACC10;BBAS3;2;4070;4070;4070;15.32;62352.40;62352.40;62352.40;
;ACC01;PETR4;1;8807;8807;8807;15.62;137565.34;137565.34;137565.34;
;ACC07;B3SA3;2;6308;6308;6308;12.79;80679.32;80679.32;80679.32;
;ACC04;ITUB4;2;8111;8111;8111;15.67;127099.37;127099.37;127099.37;
;ACC01;ABEV3;1;5571;5571;5571;16.81;93648.51;93648.51;93648.51;
;ACC09;PETR4;2;2865;2865;2865;19.03;54520.95;54520.95;54520.95;
;ACC09;LREN3;1;3642;3642;3642;14.26;51934.92;51934.92;51934.92;
;ACC10;WEGE3;2;4297;4297;4297;12.53;53841.41;53841.41;53841.41;
;ACC02;B3SA3;2;1595;1595;1595;17.96;28646.20;28646.20;28646.20;
;ACC10;BBAS3;1;9870;9870;9870;16.98;167592.60;167592.60;167592.60;
;ACC06;LREN3;2;5180;5180;5180;14.85;76923.00;76923.00;76923.00;
;ACC04;VALE3;2;6018;6018;6018;18.21;109587.78;109587.78;109587.78;
;ACC04;ITUB4;2;4309;4309;4309;17.17;73985.53;73985.53;73985.53;
;ACC01;MGLU3;1;9999;9999;9999;13.18;131786.82;131786.82;131786.82;
;ACC08;BBDC4;1;1601;1601;1601;14.10;22574.10;22574.10;22574.10;
;ACC10;BBDC4;1;9147;9147;9147;17.95;164188.65;164188.65;164188.65;
;ACC10;BBAS3;1;4937;4937;4937;18.79;92766.23;92766.23;92766.23;
;ACC06;ABEV3;2;9803;9803;9803;10.10;99010.30;99010.30;99010.30;
;ACC09;ITUB4;2;5272;5272;5272;16.20;85406.40;85406.40;85406.40;
;ACC07;VALE3;1;5394;5394;5394;10.06;54263.64;54263.64;54263.64;
;ACC08;ITUB4;1;2567;2567;2567;14.67;37657.89;37657.89;37657.89;
;ACC06;WEGE3;1;4338;4338;4338;13.04;56567.52;56567.52;56567.52;
;ACC02;PETR4;1;3305;3305;3305;17.77;58729.85;58729.85;58729.85;
;ACC05;MGLU3;2;8848;8848;8848;18.81;166430.88;166430.88;166430.88;
;ACC07;MGLU3;1;9021;9021;9021;11.20;101035.20;101035.20;101035.20;
;ACC09;WEGE3;2;9529;9529;9529;18.45;175810.05;175810.05;175810.05;
;ACC02;BBAS3;1;2714;2714;2714;19.38;52597.32;52597.32;52597.32;
;ACC05;ABEV3;2;8591;8591;8591;10.56;90720.96;90720.96;90720.96;
;ACC09;MGLU3;2;5492;5492;5492;11.97;65739.24;65739.24;65739.24;
;ACC04;PETR4;2;8579;8579;8579;17.77;152448.83;152448.83;152448.83;
;ACC05;ABEV3;1;4782;4782;4782;17.61;84211.02;84211.02;84211.02;
;ACC03;BBAS3;2;7372;7372;7372;16.36;120605.92;120605.92;120605.92;
;ACC03;LREN3;2;4248;4248;4248;12.67;53822.16;53822.16;53822.16;
;ACC05;WEGE3;2;8147;8147;8147;15.99;130270.53;130270.53;130270.53;
;ACC04;ITUB4;1;7391;7391;7391;18.32;135403.12;135403.12;135403.12;
;ACC05;WEGE3;1;2037;2037;2037;11.67;23771.79;23771.79;23771.79;
;ACC05;VALE3;2;4993;4993;4993;10.61;52975.73;52975.73;52975.73;
;ACC03;B3SA3;1;2864;2864;2864;16.67;47742.88;47742.88;47742.88;
;ACC05;BBDC4;2;5042;5042;5042;13.43;67714.06;67714.06;67714.06;
;ACC08;BBAS3;1;6363;6363;6363;10.34;65793.42;65793.42;65793.42;
;ACC01;ITUB4;2;6197;6197;6197;12.55;77772.35;77772.35;77772.35;
;ACC08;PETR4;1;1399;1399;1399;19.77;27658.23;27658.23;27658.23;
;ACC08;LREN3;2;6164;6164;6164;12.45;76741.80;76741.80;76741.80;
;ACC05;VALE3;1;8117;8117;8117;19.53;158525.01;158525.01;158525.01;
;ACC10;VALE3;1;9203;9203;9203;16.64;153137.92;153137.92;153137.92;
;ACC04;PETR4;1;5115;5115;5115;13.86;70893.90;70893.90;70893.90;
;ACC02;MGLU3;2;9452;9452;9452;10.75;101609.00;101609.00;101609.00;
;ACC01;WEGE3;1;5232;5232;5232;10.53;55092.96;55092.96;55092.96;
;ACC07;ABEV3;2;2294;2294;2294;11.18;25646.92;25646.92;25646.92;
;ACC10;ITUB4;1;6819;6819;6819;14.72;100375.68;100375.68;100375.68;
;ACC07;VALE3;1;6009;6009;6009;12.88;77395.92;77395.92;77395.92;
;ACC10;BBAS3;1;9626;9626;9626;14.03;135052.78;135052.78;135052.78;
;ACC01;BBAS3;2;5846;5846;5846;12.05;70444.30;70444.30;70444.30;
;ACC08;ITUB4;2;4089;4089;4089;10.70;43752.30;43752.30;43752.30;
;ACC09;PETR4;1;2947;2947;2947;19.28;56818.16;56818.16;56818.16;
;ACC04;MGLU3;2;5592;5592;5592;13.89;77672.88;77672.88;77672.88;
;ACC02;BBDC4;1;9096;9096;9096;18.61;169276.56;169276.56;169276.56;
;ACC02;BBAS3;2;6221;6221;6221;12.08;75149.68;75149.68;75149.68;
;ACC01;ABEV3;1;5249;5249;5249;19.34;101515.66;101515.66;101515.66;
;ACC06;BBAS3;1;5448;5448;5448;16.82;91635.36;91635.36;91635.36;
;ACC07;B3SA3;2;9671;9671;9671;10.14;98063.94;98063.94;98063.94;
;ACC03;B3SA3;2;2966;2966;2966;16.71;49561.86;49561.86;49561.86;
;ACC07;LREN3;2;4286;4286;4286;12.98;55632.28;55632.28;55632.28;
;ACC07;LREN3;1;1758;1758;1758;12.86;22607.88;22607.88;22607.88;
;ACC01;VALE3;2;4475;4475;4475;14.11;63142.25;63142.25;63142.25;
;ACC10;MGLU3;2;4696;4696;4696;13.12;61611.52;61611.52;61611.52;
;ACC01;MGLU3;2;9633;9633;9633;12.48;120219.84;120219.84;120219.84;
;ACC01;VALE3;2;1536;1536;1536;19.32;29675.52;29675.52;29675.52;
;ACC06;BBDC4;1;2172;2172;2172;19.88;43179.36;43179.36;43179.36;
;ACC05;ABEV3;1;1194;1194;1194;15.20;18148.80;18148.80;18148.80;
;ACC02;VALE3;2;7580;7580;7580;10.12;76709.60;76709.60;76709.60;
;ACC01;WEGE3;1;5490;5490;5490;12.27;67362.30;67362.30;67362.30;
;ACC01;WEGE3;2;1715;1715;1715;14.75;25296.25;25296.25;25296.25;
;ACC03;BBDC4;1;4207;4207;4207;12.70;53428.90;53428.90;53428.90;
;ACC10;B3SA3;1;8450;8450;8450;12.95;109427.50;109427.50;109427.50;
;ACC08;LREN3;2;9242;9242;9242;19.64;181512.88;181512.88;181512.88;
;ACC07;LREN3;2;5345;5345;5345;12.86;68736.70;68736.70;68736.70;
;ACC09;B3SA3;2;3141;3141;3141;17.04;53522.64;53522.64;53522.64;
;ACC06;VALE3;2;8978;8978;8978;19.47;174801.66;174801.66;174801.66;
;ACC01;WEGE3;1;5876;5876;5876;10.31;60581.56;60581.56;60581.56;
;ACC06;WEGE3;1;2395;2395;2395;10.80;25866.00;25866.00;25866.00;
;ACC08;ITUB4;1;6128;6128;6128;15.89;97373.92;97373.92;97373.92;
;ACC08;LREN3;2;7492;7492;7492;18.97;142123.24;142123.24;142123.24;
;ACC08;MGLU3;2;2426;2426;2426;11.85;28748.10;28748.10;28748.10;
;ACC02;PETR4;1;9808;9808;9808;13.57;133094.56;133094.56;133094.56;
;ACC10;MGLU3;2;2111;2111;2111;14.71;31052.81;31052.81;31052.81;
;ACC04;ABEV3;1;8498;8498;8498;16.27;138262.46;138262.46;138262.46;
;ACC03;WEGE3;1;3130;3130;3130;12.22;38248.60;38248.60;38248.60;
;ACC01;B3SA3;1;4455;4455;4455;14.06;62637.30;62637.30;62637.30;
;ACC10;ABEV3;1;1462;1462;1462;12.63;18465.06;18465.06;18465.06;
;ACC02;PETR4;2;7391;7391;7391;19.93;147302.63;147302.63;147302.63;
;ACC05;VALE3;2;8824;8824;8824;11.26;99358.24;99358.24;99358.24;
;ACC05;LREN3;2;6197;6197;6197;19.99;123878.03;123878.03;123878.03;
;ACC07;PETR4;2;1884;1884;1884;14.49;27299.16;27299.16;27299.16;
;ACC05;ABEV3;2;6415;6415;6415;17.16;110081.40;110081.40;110081.40;
;ACC02;MGLU3;2;8273;8273;8273;17.76;146928.48;146928.48;146928.48;
;ACC05;ABEV3;1;7008;7008;7008;15.49;108553.92;108553.92;108553.92;
;ACC05;ABEV3;1;4819;4819;4819;18.23;87850.37;87850.37;87850.37;
;ACC01;VALE3;1;6942;6942;6942;12.88;89412.96;89412.96;89412.96;
;ACC10;B3SA3;2;8698;8698;8698;11.19;97330.62;97330.62;97330.62;
;ACC06;ABEV3;2;4579;4579;4579;18.23;83475.17;83475.17;83475.17;
;ACC06;BBDC4;2;8248;8248;8248;11.96;98646.08;98646.08;98646.08;
;ACC04;B3SA3;1;1340;1340;1340;19.80;26532.00;26532.00;26532.00;
;ACC05;MGLU3;2;7249;7249;7249;11.39;82566.11;82566.11;82566.11;
;ACC04;ITUB4;1;9721;9721;9721;13.10;127345.10;127345.10;127345.10;
;ACC02;MGLU3;1;8293;8293;8293;10.26;85086.18;85086.18;85086.18;
;ACC09;PETR4;1;5095;5095;5095;16.59;84526.05;84526.05;84526.05;
;ACC07;VALE3;2;4986;4986;4986;14.91;74341.26;74341.26;74341.26;
;ACC08;WEGE3;2;6792;6792;6792;10.44;70908.48;70908.48;70908.48;
;ACC04;PETR4;1;2734;2734;2734;17.04;46587.36;46587.36;46587.36;
;ACC09;ABEV3;2;7675;7675;7675;19.31;148204.25;148204.25;148204.25;
;ACC01;LREN3;1;2321;2321;2321;12.07;28014.47;28014.47;28014.47;
;ACC09;ITUB4;2;5785;5785;5785;13.12;75899.20;75899.20;75899.20;
;ACC07;MGLU3;2;4533;4533;4533;19.11;86625.63;86625.63;86625.63;
;ACC03;PETR4;2;9139;9139;9139;19.88;181683.32;181683.32;181683.32;
;ACC05;MGLU3;1;3502;3502;3502;17.87;62580.74;62580.74;62580.74;
;ACC07;VALE3;2;2189;2189;2189;13.50;29551.50;29551.50;29551.50;
;ACC10;PETR4;1;4975;4975;4975;13.59;67610.25;67610.25;67610.25;
;ACC09;BBAS3;2;4065;4065;4065;13.12;53332.80;53332.80;53332.80;
;ACC06;ITUB4;1;5330;5330;5330;16.14;86026.20;86026.20;86026.20;
;ACC04;ABEV3;1;4198;4198;4198;16.05;67377.90;67377.90;67377.90;
;ACC07;BBAS3;2;8970;8970;8970;12.27;110061.90;110061.90;110061.90;
;ACC02;VALE3;1;8774;8774;8774;12.96;113711.04;113711.04;113711.04;
;ACC03;PETR4;1;4259;4259;4259;15.56;66270.04;66270.04;66270.04;
;ACC04;BBDC4;1;1797;1797;1797;17.18;30872.46;30872.46;30872.46;
;ACC09;ABEV3;2;1816;1816;1816;14.73;26749.68;26749.68;26749.68;
;ACC06;B3SA3;1;2087;2087;2087;17.05;35583.35;35583.35;35583.35;
;ACC01;ITUB4;1;6025;6025;6025;14.03;84530.75;84530.75;84530.75;
;ACC07;LREN3;2;6881;6881;6881;11.81;81264.61;81264.61;81264.61;
;ACC03;MGLU3;1;3921;3921;3921;13.11;51404.31;51404.31;51404.31;
;ACC10;VALE3;2;4543;4543;4543;11.40;51790.20;51790.20;51790.20;
;ACC10;WEGE3;1;3126;3126;3126;16.30;50953.80;50953.80;50953.80;
;ACC05;BBDC4;1;9750;9750;9750;16.74;163215.00;163215.00;163215.00;
;ACC03;BBAS3;2;3967;3967;3967;12.30;48794.10;48794.10;48794.10;
;ACC01;WEGE3;1;7269;7269;7269;11.31;82212.39;82212.39;82212.39;
;ACC05;ITUB4;2;3452;3452;3452;15.66;54058.32;54058.32;54058.32;
;ACC02;WEGE3;2;2333;2333;2333;13.77;32125.41;32125.41;32125.41;
;ACC07;ABEV3;2;4737;4737;4737;18.73;88724.01;88724.01;88724.01;
;ACC10;PETR4;1;4439;4439;4439;13.55;60148.45;60148.45;60148.45;
;ACC10;MGLU3;1;5653;5653;5653;19.46;110007.38;110007.38;110007.38;
;ACC02;PETR4;2;2168;2168;2168;19.68;42666.24;42666.24;42666.24;
;ACC06;ABEV3;1;1695;1695;1695;13.18;22340.10;22340.10;22340.10;
;ACC05;WEGE3;1;9514;9514;9514;17.02;161928.28;161928.28;161928.28;
;ACC04;PETR4;1;1381;1381;1381;17.69;24429.89;24429.89;24429.89;
;ACC04;BBDC4;2;2364;2364;2364;10.03;23710.92;23710.92;23710.92;
;ACC10;MGLU3;2;3308;3308;3308;10.38;34337.04;34337.04;34337.04;
;ACC01;B3SA3;1;4775;4775;4775;12.34;58923.50;58923.50;58923.50;
;ACC10;MGLU3;2;6036;6036;6036;18.29;110398.44;110398.44;110398.44;
;ACC09;B3SA3;2;9003;9003;9003;10.61;95521.83;95521.83;95521.83;
;ACC07;ITUB4;2;6616;6616;6616;13.83;91499.28;91499.28;91499.28;
;ACC01;VALE3;1;1152;1152;1152;11.95;13766.40;13766.40;13766.40;
;ACC04;VALE3;1;2105;2105;2105;12.15;25575.75;25575.75;25575.75;
;ACC01;ITUB4;2;1637;1637;1637;13.86;22688.82;22688.82;22688.82;
;ACC05;WEGE3;1;7118;7118;7118;11.09;78938.62;78938.62;78938.62;
;ACC07;LREN3;1;5692;5692;5692;16.25;92495.00;92495.00;92495.00;
;ACC01;PETR4;2;9708;9708;9708;14.43;140086.44;140086.44;140086.44;
;ACC09;VALE3;1;4280;4280;4280;15.02;64285.60;64285.60;64285.60;
;ACC08;VALE3;1;7332;7332;7332;11.65;85417.80;85417.80;85417.80;
;ACC06;ITUB4;1;5371;5371;5371;13.78;74012.38;74012.38;74012.38;
;ACC05;BBDC4;2;7490;7490;7490;15.32;114746.80;114746.80;114746.80;
;ACC05;B3SA3;1;1750;1750;1750;15.80;27650.00;27650.00;27650.00;
;ACC04;WEGE3;1;7204;7204;7204;10.03;72256.12;72256.12;72256.12;
;ACC04;B3SA3;2;5114;5114;5114;14.65;74920.10;74920.10;74920.10;
;ACC09;BBAS3;1;6270;6270;6270;17.95;112546.50;112546.50;112546.50;
;ACC05;LREN3;1;7373;7373;7373;18.33;135147.09;135147.09;135147.09;
;ACC10;ABEV3;1;4223;4223;4223;11.20;47297.60;47297.60;47297.60;
;ACC02;VALE3;1;5705;5705;5705;15.47;88256.35;88256.35;88256.35;
;ACC08;LREN3;2;4951;3376;3375;10.98;54361.98;37068.48;37057.50;
;ACC04;WEGE3;2;8775;4666;4665;14.72;129168.00;68683.52;68668.80;
;ACC02;BBAS3;1;5613;5564;5563;18.41;103335.33;102433.24;102414.83;
;ACC03;B3SA3;1;5571;5571;5571;17.90;99720.90;99720.90;99720.90;
;ACC07;BBAS3;2;3477;3477;3477;13.94;48469.38;48469.38;48469.38;
;ACC07;B3SA3;1;9861;9861;9861;12.97;127897.17;127897.17;127897.17;
;ACC04;PETR4;2;2406;2406;2406;13.38;32192.28;32192.28;32192.28;
;ACC05;ITUB4;2;5138;5138;5138;11.83;60782.54;60782.54;60782.54;
;ACC02;ABEV3;1;5648;5648;5648;17.97;101494.56;101494.56;101494.56;
;ACC04;MGLU3;2;1253;1253;1253;15.92;19947.76;19947.76;19947.76;
;ACC09;B3SA3;1;1861;1861;1861;19.54;36363.94;36363.94;36363.94;
;ACC01;ITUB4;2;8544;8544;8544;19.79;169085.76;169085.76;169085.76;
;ACC07;B3SA3;2;2824;2824;2824;15.13;42727.12;42727.12;42727.12;
;ACC10;VALE3;1;7600;7600;7600;14.23;108148.00;108148.00;108148.00;
;ACC09;LREN3;1;5375;5375;5375;18.54;99652.50;99652.50;99652.50;
;ACC08;VALE3;1;8494;8494;8494;17.80;151193.20;151193.20;151193.20;
;ACC02;B3SA3;2;9715;9715;9715;13.33;129500.95;129500.95;129500.95;
;ACC06;ITUB4;1;8060;8060;8060;12.45;100347.00;100347.00;100347.00;
;ACC01;WEGE3;2;4734;4734;4734;11.18;52926.12;52926.12;52926.12;
;ACC01;PETR4;1;4760;4760;4760;14.80;70448.00;70448.00;70448.00;
;ACC10;ITUB4;1;3096;3096;3096;11.75;36378.00;36378.00;36378.00;
;ACC02;B3SA3;2;2466;2466;2466;13.97;34450.02;34450.02;34450.02;
;ACC09;PETR4;1;1279;1279;1279;11.99;15335.21;15335.21;15335.21;
;ACC10;MGLU3;2;3494;3494;3494;18.80;65687.20;65687.20;65687.20;
;ACC07;BBDC4;1;9859;9859;9859;11.76;115941.84;115941.84;115941.84;
;ACC02;MGLU3;2;1526;1526;1526;10.08;15382.08;15382.08;15382.08;
;ACC10;ITUB4;2;3245;3245;3245;12.95;42022.75;42022.75;42022.75;
;ACC10;LREN3;2;3545;3545;3545;18.09;64129.05;64129.05;64129.05;
;ACC01;B3SA3;2;8589;8589;8589;17.51;150393.39;150393.39;150393.39;
;ACC08;ITUB4;2;4844;4844;4844;14.45;69995.80;69995.80;69995.80;
;ACC05;ABEV3;1;2692;2692;2692;13.00;34996.00;34996.00;34996.00;
;ACC10;B3SA3;2;9494;9494;9494;18.92;179626.48;179626.48;179626.48;
;ACC04;PETR4;1;8156;8156;8156;17.45;142322.20;142322.20;142322.20;
;ACC08;B3SA3;1;2915;2915;2915;11.94;34805.10;34805.10;34805.10;
;ACC06;BBDC4;1;1874;1874;1874;10.85;20332.90;20332.90;20332.90;
;ACC03;WEGE3;2;6550;6550;6550;10.69;70019.50;70019.50;70019.50;
;ACC01;WEGE3;1;7808;7808;7808;16.02;125084.16;125084.16;125084.16;
;ACC02;PETR4;2;6888;6888;6888;12.11;83413.68;83413.68;83413.68;
;ACC07;MGLU3;1;8597;8597;8597;10.13;87087.61;87087.61;87087.61;
;ACC01;B3SA3;1;9162;1781;1780;17.22;157769.64;30668.82;30651.60;
;ACC05;WEGE3;1;8098;8098;8098;14.63;118473.74;118473.74;118473.74;
;ACC03;VALE3;2;8651;8651;8651;15.02;129938.02;129938.02;129938.02;
;ACC01;BBAS3;1;3177;2596;2595;12.89;40951.53;33462.44;33449.55;
;ACC02;PETR4;2;3897;3897;3897;18.97;73926.09;73926.09;73926.09;
;ACC05;BBDC4;2;9619;9619;9619;11.96;115043.24;115043.24;115043.24;
;ACC01;ABEV3;2;8175;2111;2110;11.47;93767.25;24213.17;24201.70;
;ACC04;BBDC4;1;8070;8070;8070;15.44;124600.80;124600.80;124600.80;
;ACC09;BBAS3;2;3050;3050;3050;11.69;35654.50;35654.50;35654.50;
;ACC08;VALE3;1;2857;1071;1070;15.72;44912.04;16836.12;16820.40;
;ACC04;VALE3;1;7522;7522;7522;18.68;140510.96;140510.96;140510.96;
;ACC06;VALE3;1;1954;1954;1954;10.83;21161.82;21161.82;21161.82;
;ACC08;LREN3;1;2960;1399;1398;13.70;40552.00;19166.30;19152.60;
;ACC07;ITUB4;1;4790;4790;4790;19.35;92686.50;92686.50;92686.50;
;ACC05;ITUB4;1;4623;4623;4623;14.52;67125.96;67125.96;67125.96;
;ACC04;ABEV3;2;7974;7974;7974;19.91;158762.34;158762.34;158762.34;
;ACC03;LREN3;1;4527;3716;3715;16.07;72748.89;59716.12;59700.05;
;ACC03;ITUB4;1;9510;9510;9510;11.91;113264.10;113264.10;113264.10;
;ACC02;ITUB4;2;9416;9416;9416;12.63;118924.08;118924.08;118924.08;
;ACC08;B3SA3;2;1195;1072;1071;11.61;13873.95;12445.92;12434.31;
;ACC05;LREN3;2;6900;6900;6900;13.19;91011.00;91011.00;91011.00;
;ACC05;WEGE3;2;8135;8135;8135;18.77;152693.95;152693.95;152693.95;
;ACC10;BBAS3;1;2580;2580;2580;18.42;47523.60;47523.60;47523.60;
;ACC01;VALE3;1;1422;1422;1422;19.34;27501.48;27501.48;27501.48;
;ACC07;PETR4;2;5642;1514;1513;11.67;65842.14;17668.38;17656.71;
;ACC01;WEGE3;2;5349;5349;5349;19.12;102272.88;102272.88;102272.88;
;ACC09;BBDC4;2;3333;3333;3333;15.09;50294.97;50294.97;50294.97;
;ACC03;MGLU3;2;8388;967;966;11.86;99481.68;11468.62;11456.76;
;ACC01;WEGE3;1;5940;5940;5940;15.48;91951.20;91951.20;91951.20;
;ACC01;VALE3;2;5955;5955;5955;17.39;103557.45;103557.45;103557.45;
;ACC09;BBAS3;1;2397;2397;2397;14.45;34636.65;34636.65;34636.65;
;ACC08;ABEV3;1;9637;7508;7507;11.45;110343.65;85966.60;85955.15;
;ACC09;ITUB4;1;7938;7938;7938;14.14;112243.32;112243.32;112243.32;
;ACC08;VALE3;2;7660;7660;7660;14.66;112295.60;112295.60;112295.60;
;ACC04;BBDC4;2;8238;8238;8238;18.61;153309.18;153309.18;153309.18;
;ACC03;MGLU3;1;6714;6714;6714;19.01;127633.14;127633.14;127633.14;
;ACC10;ITUB4;1;4785;4785;4785;11.13;53257.05;53257.05;53257.05;
;ACC09;VALE3;2;5236;5236;5236;15.77;82571.72;82571.72;82571.72;
;ACC10;ABEV3;1;4395;4395;4395;12.31;54102.45;54102.45;54102.45;
;ACC03;WEGE3;2;4837;4837;4837;12.82;62010.34;62010.34;62010.34;
;ACC08;PETR4;1;4693;4693;4693;12.68;59507.24;59507.24;59507.24;
;ACC02;VALE3;2;1408;1408;1408;18.70;26329.60;26329.60;26329.60;
;ACC05;ABEV3;2;1784;1784;1784;10.84;19338.56;19338.56;19338.56;
;ACC09;MGLU3;1;8609;8609;8609;13.13;113036.17;113036.17;113036.17;
;ACC02;LREN3;1;8832;8832;8832;17.42;153853.44;153853.44;153853.44;
;ACC10;MGLU3;1;9916;9916;9916;12.96;128511.36;128511.36;128511.36;
;ACC09;WEGE3;2;9086;9086;9086;10.14;92132.04;92132.04;92132.04;
;ACC04;ITUB4;2;3746;3746;3746;11.69;43790.74;43790.74;43790.74;
;ACC05;VALE3;1;1925;1925;1925;17.33;33360.25;33360.25;33360.25;
;ACC05;ITUB4;2;7450;7450;7450;11.02;82099.00;82099.00;82099.00;
;ACC08;VALE3;2;7899;7899;7899;12.43;98184.57;98184.57;98184.57;
;ACC09;BBAS3;2;5046;5046;5046;17.62;88910.52;88910.52;88910.52;
;ACC04;B3SA3;1;1462;1462;1462;16.30;23830.60;23830.60;23830.60;
;ACC03;ITUB4;1;6947;6947;6947;13.75;95521.25;95521.25;95521.25;
;ACC08;BBDC4;1;2969;2969;2969;13.68;40615.92;40615.92;40615.92;
;ACC04;B3SA3;2;9509;9509;9509;16.48;156708.32;156708.32;156708.32;
;ACC06;B3SA3;1;6317;6317;6317;14.83;93681.11;93681.11;93681.11;
;ACC07;ITUB4;2;9372;9372;9372;15.93;149295.96;149295.96;149295.96;
;ACC05;BBAS3;2;2441;2441;2441;10.38;25337.58;25337.58;25337.58;
;ACC10;PETR4;2;1784;1784;1784;11.30;20159.20;20159.20;20159.20;
;ACC06;WEGE3;1;2862;2862;2862;12.48;35717.76;35717.76;35717.76;
;ACC06;VALE3;2;2043;2043;2043;11.83;24168.69;24168.69;24168.69;
;ACC02;PETR4;2;5813;5813;5813;14.32;83242.16;83242.16;83242.16;
;ACC05;ABEV3;1;2767;2767;2767;12.53;34670.51;34670.51;34670.51;
;ACC02;WEGE3;1;8360;8360;8360;18.53;154910.80;154910.80;154910.80;
;ACC05;ABEV3;2;1386;1386;1386;14.90;20651.40;20651.40;20651.40;
;ACC09;LREN3;1;8099;8099;8099;16.98;137521.02;137521.02;137521.02;
;ACC05;ITUB4;1;3644;3644;3644;19.46;70912.24;70912.24;70912.24;
;ACC09;B3SA3;1;1532;1532;1532;16.60;25431.20;25431.20;25431.20;
;ACC03;BBAS3;1;6014;6014;6014;15.78;94900.92;94900.92;94900.92;
;ACC10;VALE3;1;7493;7493;7493;17.99;134799.07;134799.07;134799.07;
;ACC10;LREN3;2;1177;1177;1177;10.53;12393.81;12393.81;12393.81;
;ACC07;ITUB4;1;6848;6848;6848;14.33;98131.84;98131.84;98131.84;
;ACC06;VALE3;2;4599;4599;4599;15.00;68985.00;68985.00;68985.00;
;ACC07;B3SA3;1;6403;6403;6403;11.48;73506.44;73506.44;73506.44;
;ACC02;WEGE3;2;6332;6332;6332;10.07;63763.24;63763.24;63763.24;
;ACC06;ITUB4;2;8976;6467;6466;18.86;169287.36;121967.62;121948.76;
;ACC02;WEGE3;2;5803;5803;5803;19.45;112868.35;112868.35;112868.35;
;ACC10;WEGE3;2;5013;5013;5013;12.67;63514.71;63514.71;63514.71;
;ACC02;B3SA3;1;9153;9153;9153;10.26;93909.78;93909.78;93909.78;
;ACC10;ABEV3;1;4083;4083;4083;14.64;59775.12;59775.12;59775.12;
;ACC08;WEGE3;2;6707;6707;6707;15.44;103556.08;103556.08;103556.08;
;ACC09;ITUB4;2;7117;2964;2963;14.45;102840.65;42829.80;42815.35;
;ACC10;WEGE3;2;7893;7893;7893;18.76;148072.68;148072.68;148072.68;
;ACC10;ITUB4;2;6469;6469;6469;14.94;96646.86;96646.86;96646.86;
;ACC08;MGLU3;1;5902;5902;5902;10.59;62502.18;62502.18;62502.18;
;ACC01;WEGE3;1;8531;8531;8531;14.71;125491.01;125491.01;125491.01;
;ACC02;MGLU3;1;9347;9347;9347;19.31;180490.57;180490.57;180490.57;
;ACC07;BBDC4;1;7147;7147;7147;12.53;89551.91;89551.91;89551.91;
;ACC07;PETR4;1;2091;622;621;10.55;22060.05;6562.10;6551.55;
;ACC10;BBAS3;1;8710;8710;8710;17.69;154079.90;154079.90;154079.90;
;ACC01;LREN3;2;5251;5251;5251;17.27;90684.77;90684.77;90684.77;
;ACC07;MGLU3;1;3020;3020;3020;10.66;32193.20;32193.20;32193.20;
;ACC06;BBDC4;2;6458;6458;6458;18.85;121733.30;121733.30;121733.30;
;ACC07;ITUB4;2;9614;5079;5078;11.96;114983.44;60744.84;60732.88;
;ACC04;BBAS3;1;4075;4075;4075;13.65;55623.75;55623.75;55623.75;
;ACC04;WEGE3;2;6466;4067;4066;19.33;124987.78;78615.11;78595.78;
;ACC08;B3SA3;2;4719;4719;4719;13.07;61677.33;61677.33;61677.33;
;ACC10;LREN3;2;1462;1462;1462;13.89;20307.18;20307.18;20307.18;
;ACC03;MGLU3;2;7825;7825;7825;19.54;152900.50;152900.50;152900.50;
;ACC05;PETR4;1;3621;3621;3621;14.09;51019.89;51019.89;51019.89;
;ACC05;VALE3;1;3141;703;702;12.34;38759.94;8675.02;8662.68;
;ACC03;VALE3;1;5226;5226;5226;13.26;69296.76;69296.76;69296.76;
;ACC10;BBAS3;2;8327;8327;8327;12.41;103338.07;103338.07;103338.07;
;ACC07;ABEV3;2;2377;2377;2377;13.80;32802.60;32802.60;32802.60;
;ACC04;ITUB4;2;7718;7718;7718;11.31;87290.58;87290.58;87290.58;
;ACC10;BBAS3;2;5880;2604;2603;18.67;109779.60;48616.68;48598.01;
;ACC02;B3SA3;1;2683;2683;2683;18.66;50064.78;50064.78;50064.78;
;ACC06;ITUB4;1;8605;8605;8605;17.80;153169.00;153169.00;153169.00;
;ACC05;ITUB4;2;2294;2294;2294;11.78;27023.32;27023.32;27023.32;
;ACC09;B3SA3;2;9118;9118;9118;10.70;97562.60;97562.60;97562.60;
;ACC10;VALE3;2;6158;146;145;10.36;63796.88;1512.56;1502.20;
;ACC02;MGLU3;1;1182;1182;1182;12.28;14514.96;14514.96;14514.96;
;ACC05;BBDC4;1;7562;7562;7562;13.34;100877.08;100877.08;100877.08;
;ACC07;B3SA3;1;8500;4883;4882;18.78;159630.00;91702.74;91683.96;
;ACC10;VALE3;1;5676;5676;5676;19.39;110057.64;110057.64;110057.64;
;ACC06;BBDC4;1;1704;1704;1704;14.03;23907.12;23907.12;23907.12;
;ACC07;WEGE3;2;8647;2303;2302;15.52;134201.44;35742.56;35727.04;
;ACC03;ABEV3;1;6842;6842;6842;14.62;100030.04;100030.04;100030.04;
;ACC08;VALE3;1;7792;2762;2761;16.87;131451.04;46594.94;46578.07;
;ACC07;BBAS3;1;8861;8861;8861;16.11;142750.71;142750.71;142750.71;
;ACC06;ABEV3;1;8639;8639;8639;18.06;156020.34;156020.34;156020.34;
;ACC09;VALE3;1;4434;868;867;16.27;72141.18;14122.36;14106.09;
;ACC07;ITUB4;1;7557;7557;7557;19.06;144036.42;144036.42;144036.42;
;ACC10;B3SA3;1;3202;3202;3202;15.29;48958.58;48958.58;48958.58;
;ACC08;PETR4;2;3595;3595;3595;12.84;46159.80;46159.80;46159.80;
;ACC07;ITUB4;1;1197;1197;1197;10.80;12927.60;12927.60;12927.60;
;ACC10;PETR4;1;7829;7829;7829;12.33;96531.57;96531.57;96531.57;
;ACC03;BBDC4;1;5698;5698;5698;16.39;93390.22;93390.22;93390.22;
;ACC03;B3SA3;1;6964;6964;6964;19.05;132664.20;132664.20;132664.20;
;ACC08;BBDC4;2;5664;5664;5664;13.75;77880.00;77880.00;77880.00;
;ACC08;VALE3;1;1583;1583;1583;12.39;19613.37;19613.37;19613.37;
;ACC05;LREN3;2;9357;9357;9357;17.49;163653.93;163653.93;163653.93;
;ACC08;BBAS3;1;5443;5443;5443;12.44;67710.92;67710.92;67710.92;
;ACC06;LREN3;1;5934;5934;5934;10.10;59933.40;59933.40;59933.40;
;ACC02;LREN3;1;7981;7981;7981;13.70;109339.70;109339.70;109339.70;
;ACC01;WEGE3;1;3289;3289;3289;18.95;62326.55;62326.55;62326.55;
;ACC08;PETR4;1;7818;7818;7818;17.23;134704.14;134704.14;134704.14;
;ACC04;BBAS3;1;7120;7120;7120;13.36;95123.20;95123.20;95123.20;
;ACC03;MGLU3;1;4115;4115;4115;16.89;69502.35;69502.35;69502.35;
;ACC01;PETR4;1;5905;5905;5905;15.28;90228.40;90228.40;90228.40;
;ACC06;MGLU3;2;9270;9270;9270;18.20;168714.00;168714.00;168714.00;
;ACC06;VALE3;1;1720;1720;1720;17.60;30272.00;30272.00;30272.00;
;ACC10;MGLU3;1;1628;1628;1628;14.71;23947.88;23947.88;23947.88;
;ACC04;BBDC4;1;4743;4743;4743;11.49;54497.07;54497.07;54497.07;
;ACC04;WEGE3;2;9944;9944;9944;17.53;174318.32;174318.32;174318.32;
;ACC06;MGLU3;1;3570;2115;2114;10.11;36092.70;21382.65;21372.54;
;ACC05;B3SA3;1;6921;6921;6921;14.56;100769.76;100769.76;100769.76;
;ACC10;LREN3;2;5429;5429;5429;12.85;69762.65;69762.65;69762.65;
;ACC07;B3SA3;1;7453;7453;7453;13.42;100019.26;100019.26;100019.26;
;ACC09;ITUB4;1;8886;5639;5638;19.48;173099.28;109847.72;109828.24;
;ACC06;ABEV3;1;6987;6987;6987;16.65;116333.55;116333.55;116333.55;
;ACC03;VALE3;2;1598;234;233;12.17;19447.66;2847.78;2835.61;
;ACC09;WEGE3;1;7020;7020;7020;18.58;130431.60;130431.60;130431.60;
;ACC03;PETR4;1;7117;7117;7117;12.96;92236.32;92236.32;92236.32;
;ACC03;MGLU3;1;4722;4722;4722;19.83;93637.26;93637.26;93637.26;
;ACC01;LREN3;2;9390;4321;4320;17.20;161508.00;74321.20;74304.00;
;ACC03;ITUB4;1;1410;1410;1410;16.23;22884.30;22884.30;22884.30;
;ACC09;MGLU3;1;8605;8605;8605;18.04;155234.20;155234.20;155234.20;
;ACC04;B3SA3;2;7914;7914;7914;19.08;150999.12;150999.12;150999.12;
;ACC01;ITUB4;2;2891;2891;2891;14.95;43220.45;43220.45;43220.45;
;ACC08;MGLU3;1;1017;948;947;16.24;16516.08;15395.52;15379.28;
;ACC10;PETR4;1;8229;8229;8229;19.23;158243.67;158243.67;158243.67;
;ACC09;ABEV3;2;8130;8130;8130;14.04;114145.20;114145.20;114145.20;
;ACC10;WEGE3;1;6519;1974;1973;14.98;97654.62;29570.52;29555.54;
;ACC10;ABEV3;1;7933;7933;7933;19.29;153027.57;153027.57;153027.57;
;ACC04;LREN3;2;7274;7274;7274;16.72;121621.28;121621.28;121621.28;
;ACC05;ABEV3;2;4099;4099;4099;18.37;75298.63;75298.63;75298.63;
;ACC03;BBDC4;1;2231;2231;2231;18.34;40916.54;40916.54;40916.54;
;ACC05;BBDC4;1;2911;2133;2132;10.39;30245.29;22161.87;22151.48;
;ACC08;BBAS3;2;6693;6693;6693;12.68;84867.24;84867.24;84867.24;
;ACC09;VALE3;1;2533;2533;2533;15.84;40122.72;40122.72;40122.72;
;ACC04;LREN3;2;2773;21;20;18.76;52021.48;393.96;375.20;
;ACC04;BBDC4;1;3800;3800;3800;19.85;75430.00;75430.00;75430.00;
;ACC08;WEGE3;2;8023;8023;8023;13.92;111680.16;111680.16;111680.16;
;ACC04;VALE3;2;5853;11;10;13.35;78137.55;146.85;133.50;
;ACC06;PETR4;1;2144;2144;2144;18.97;40671.68;40671.68;40671.68;
;ACC06;BBDC4;1;5464;5464;5464;15.00;81960.00;81960.00;81960.00;
;ACC06;WEGE3;2;9865;9865;9865;13.06;128836.90;128836.90;128836.90;
;ACC01;BBAS3;2;3069;1869;1868;19.70;60459.30;36819.30;36799.60;
;ACC06;MGLU3;2;6872;6872;6872;11.17;76760.24;76760.24;76760.24;
;ACC08;ITUB4;1;4903;4903;4903;13.43;65847.29;65847.29;65847.29;
;ACC09;BBAS3;1;1111;612;611;11.40;12665.40;6976.80;6965.40;
;ACC01;WEGE3;2;6145;6145;6145;18.07;111040.15;111040.15;111040.15;
;ACC01;VALE3;2;7754;7754;7754;16.42;127320.68;127320.68;127320.68;
;ACC02;WEGE3;1;9308;9308;9308;17.70;164751.60;164751.60;164751.60;
;ACC10;B3SA3;2;8497;8497;8497;12.23;103918.31;103918.31;103918.31;
;ACC05;LREN3;2;7244;2389;2388;18.91;136984.04;45175.99;45157.08;
;ACC04;ITUB4;2;2210;2210;2210;19.11;42233.10;42233.10;42233.10;
;ACC10;ITUB4;2;6836;6836;6836;15.74;107598.64;107598.64;107598.64;
;ACC03;VALE3;2;1555;1555;1555;15.48;24071.40;24071.40;24071.40;
;ACC04;LREN3;2;3769;2963;2962;19.48;73420.12;57719.24;57699.76;
;ACC10;ITUB4;2;9063;9063;9063;14.87;134766.81;134766.81;134766.81;
;ACC05;LREN3;2;6862;6862;6862;19.28;132299.36;132299.36;132299.36;
;ACC04;MGLU3;2;2490;2490;2490;11.09;27614.10;27614.10;27614.10;
;ACC06;VALE3;2;6853;2087;2086;16.41;112457.73;34247.67;34231.26;
;ACC08;VALE3;2;7981;7981;7981;13.93;111175.33;111175.33;111175.33;
;ACC06;LREN3;2;1540;1540;1540;12.21;18803.40;18803.40;18803.40;
;ACC06;BBAS3;2;7623;7623;7623;11.34;86444.82;86444.82;86444.82;
;ACC08;WEGE3;2;2200;1059;1058;12.28;27016.00;13004.52;12992.24;
;ACC09;ITUB4;1;5192;5192;5192;17.80;92417.60;92417.60;92417.60;
;ACC10;LREN3;2;2537;2537;2537;17.60;44651.20;44651.20;44651.20;
;ACC06;LREN3;1;3818;3818;3818;18.80;71778.40;71778.40;71778.40;
;ACC02;PETR4;1;2069;2069;2069;14.26;29503.94;29503.94;29503.94;
;ACC03;MGLU3;1;1998;134;133;11.35;22677.30;1520.90;1509.55;
;ACC10;LREN3;1;4793;4793;4793;13.41;64274.13;64274.13;64274.13;
;ACC08;BBAS3;2;4957;4957;4957;18.02;89325.14;89325.14;89325.14;
;ACC09;BBDC4;2;8385;8385;8385;11.14;93408.90;93408.90;93408.90;
;ACC01;ABEV3;2;4018;2454;2453;13.42;53921.56;32932.68;32919.26;
;ACC02;B3SA3;2;1798;1798;1798;16.37;29433.26;29433.26;29433.26;
;ACC01;VALE3;1;3263;3263;3263;15.59;50870.17;50870.17;50870.17;
;ACC03;BBAS3;1;6148;6148;6148;17.73;109004.04;109004.04;109004.04;
;ACC05;WEGE3;1;6888;6888;6888;17.82;122744.16;122744.16;122744.16;
;ACC09;VALE3;2;9698;6305;6304;12.78;123940.44;80577.90;80565.12;
;ACC04;PETR4;1;1980;1980;1980;18.58;36788.40;36788.40;36788.40;
;ACC10;VALE3;2;5823;5823;5823;19.69;114654.87;114654.87;114654.87;
;ACC01;MGLU3;2;2720;2720;2720;16.01;43547.20;43547.20;43547.20;
;ACC05;VALE3;2;9617;4491;4490;13.31;128002.27;59775.21;59761.90;
;ACC10;BBAS3;2;8033;8033;8033;17.81;143067.73;143067.73;143067.73;
;ACC07;BBDC4;2;5697;5697;5697;12.52;71326.44;71326.44;71326.44;
;ACC02;LREN3;2;3117;3117;3117;18.19;56698.23;56698.23;56698.23;
;ACC08;VALE3;1;1839;1839;1839;12.69;23336.91;23336.91;23336.91;
;ACC04;ITUB4;2;7023;2073;2072;12.99;91228.77;26928.27;26915.28;
;ACC03;VALE3;1;1611;1611;1611;16.96;27322.56;27322.56;27322.56;
;ACC01;ITUB4;2;1361;1361;1361;16.71;22742.31;22742.31;22742.31;
;ACC07;BBAS3;1;5287;5287;5287;19.83;104841.21;104841.21;104841.21;
;ACC01;VALE3;2;5123;3085;3084;19.05;97593.15;58769.25;58750.20;
;ACC06;ABEV3;2;1023;1023;1023;14.05;14373.15;14373.15;14373.15;
;ACC08;WEGE3;1;7966;7966;7966;19.34;154062.44;154062.44;154062.44;
;ACC04;BBDC4;2;5661;5661;5661;11.00;62271.00;62271.00;62271.00;
;ACC05;LREN3;2;2841;211;210;17.79;50541.39;3753.69;3735.90;
;ACC10;WEGE3;1;2875;2875;2875;11.99;34471.25;34471.25;34471.25;
;ACC05;ABEV3;1;6556;6556;6556;12.13;79524.28;79524.28;79524.28;
;ACC03;ITUB4;1;7556;3508;3507;11.79;89085.24;41359.32;41347.53;
;ACC03;PETR4;2;7016;7016;7016;17.03;119482.48;119482.48;119482.48;
;ACC03;VALE3;1;4600;4600;4600;16.48;75808.00;75808.00;75808.00;
;ACC02;VALE3;1;1344;1344;1344;15.73;21141.12;21141.12;21141.12;
;ACC06;ABEV3;1;9405;9405;9405;13.62;128096.10;128096.10;128096.10;
;ACC02;BBDC4;1;3517;3085;3084;10.57;37174.69;32608.45;32597.88;
;ACC02;B3SA3;2;4739;4739;4739;13.27;62886.53;62886.53;62886.53;
;ACC10;PETR4;1;3828;3828;3828;12.45;47658.60;47658.60;47658.60;
;ACC10;ITUB4;2;9985;2374;2373;19.96;199300.60;47385.04;47365.08;
;ACC10;ABEV3;2;4754;4754;4754;14.24;67696.96;67696.96;67696.96;
;ACC04;LREN3;2;2816;2816;2816;15.16;42690.56;42690.56;42690.56;
;ACC10;BBDC4;2;9823;9823;9823;12.60;123769.80;123769.80;123769.80;
;ACC08;BBAS3;2;1244;1244;1244;16.28;20252.32;20252.32;20252.32;
;ACC10;ITUB4;1;3246;3246;3246;17.02;55246.92;55246.92;55246.92;
;ACC10;ITUB4;2;9462;9462;9462;17.10;161800.20;161800.20;161800.20;
;ACC03;BBDC4;1;3430;2970;2969;19.75;67742.50;58657.50;58637.75;
;ACC10;B3SA3;2;8356;8356;8356;11.26;94088.56;94088.56;94088.56;
;ACC08;ABEV3;1;6415;6415;6415;14.51;93081.65;93081.65;93081.65;
;ACC05;WEGE3;1;5078;5078;5078;15.24;77388.72;77388.72;77388.72;
;ACC02;VALE3;2;8237;3764;3763;18.76;154526.12;70612.64;70593.88;
;ACC06;MGLU3;2;1098;1098;1098;17.80;19544.40;19544.40;19544.40;
;ACC03;VALE3;1;6255;6255;6255;15.76;98578.80;98578.80;98578.80;
;ACC06;BBAS3;2;7281;7281;7281;14.23;103608.63;103608.63;103608.63;
;ACC09;PETR4;1;9689;801;800;11.29;109388.81;9043.29;9032.00;
;ACC10;VALE3;2;4051;4051;4051;15.12;61251.12;61251.12;61251.12;
;ACC10;VALE3;1;6289;6289;6289;10.71;67355.19;67355.19;67355.19;
;ACC03;ITUB4;1;7581;7581;7581;11.27;85437.87;85437.87;85437.87;
;ACC03;B3SA3;1;4591;886;885;19.42;89157.22;17206.12;17186.70;
;ACC08;VALE3;2;2426;2426;2426;15.59;37821.34;37821.34;37821.34;
;ACC06;MGLU3;2;7208;7208;7208;14.88;107255.04;107255.04;107255.04;
;ACC03;B3SA3;2;2383;2383;2383;11.69;27857.27;27857.27;27857.27;
;ACC03;ITUB4;2;7980;158;157;10.89;86902.20;1720.62;1709.73;
;ACC09;MGLU3;1;1158;1158;1158;14.60;16906.80;16906.80;16906.80;
;ACC01;ABEV3;2;2036;2036;2036;16.94;34489.84;34489.84;34489.84;
;ACC09;VALE3;2;5507;5507;5507;19.13;105348.91;105348.91;105348.91;
;ACC10;ITUB4;1;5353;3320;3319;13.50;72265.50;44820.00;44806.50;
;ACC02;VALE3;1;7034;2586;2585;12.64;88909.76;32687.04;32674.40;
;ACC03;ITUB4;2;5098;5098;5098;12.57;64081.86;64081.86;64081.86;
;ACC03;B3SA3;2;8347;8347;8347;11.78;98327.66;98327.66;98327.66;
;ACC09;VALE3;1;5324;5324;5324;18.75;99825.00;99825.00;99825.00;
;ACC09;BBDC4;1;5178;4813;4812;10.74;55611.72;51691.62;51680.88;
;ACC05;BBDC4;1;1959;747;746;13.59;26622.81;10151.73;10138.14;
;ACC02;LREN3;2;3620;2675;2674;10.94;39602.80;29264.50;29253.56;
;ACC09;BBAS3;2;3616;3616;3616;10.50;37968.00;37968.00;37968.00;
;ACC08;BBAS3;1;4618;4618;4618;11.13;51398.34;51398.34;51398.34;
;ACC07;B3SA3;2;9796;9796;9796;10.55;103347.80;103347.80;103347.80;
;ACC10;MGLU3;2;9274;4783;4782;16.25;150702.50;77723.75;77707.50;
;ACC06;WEGE3;1;5636;5636;5636;10.14;57149.04;57149.04;57149.04;
;ACC10;BBAS3;2;1757;1479;1478;12.99;22823.43;19212.21;19199.22;
;ACC03;WEGE3;1;6746;6746;6746;10.54;71102.84;71102.84;71102.84;
;ACC02;BBDC4;2;8370;8370;8370;13.19;110400.30;110400.30;110400.30;
;ACC04;WEGE3;1;4861;198;197;13.18;64067.98;2609.64;2596.46;
;ACC06;PETR4;2;6992;6992;6992;12.79;89427.68;89427.68;89427.68;
;ACC10;MGLU3;2;5865;4924;4923;16.94;99353.10;83412.56;83395.62;
;ACC05;ITUB4;1;8773;4824;4823;10.91;95713.43;52629.84;52618.93;
;ACC09;PETR4;1;5118;5118;5118;15.44;79021.92;79021.92;79021.92;
;ACC01;B3SA3;2;3244;3244;3244;18.21;59073.24;59073.24;59073.24;
;ACC10;LREN3;2;2998;2998;2998;14.24;42691.52;42691.52;42691.52;
;ACC06;LREN3;1;3445;3009;3008;16.99;58530.55;51122.91;51105.92;
;ACC09;B3SA3;2;8903;8903;8903;16.19;144139.57;144139.57;144139.57;
;ACC04;ITUB4;1;8863;6522;6521;12.35;109458.05;80546.70;80534.35;
;ACC07;WEGE3;2;2854;2854;2854;13.09;37358.86;37358.86;37358.86;
;ACC03;PETR4;1;2098;2098;2098;14.24;29875.52;29875.52;29875.52;
;ACC04;WEGE3;1;7405;1572;1571;16.32;120849.60;25655.04;25638.72;
;ACC03;LREN3;2;1953;1953;1953;11.43;22322.79;22322.79;22322.79;
;ACC07;BBDC4;2;5800;1249;1248;19.66;114028.00;24555.34;24535.68;
;ACC08;LREN3;2;5843;5843;5843;14.14;82620.02;82620.02;82620.02;
;ACC10;PETR4;1;5858;5858;5858;14.44;84589.52;84589.52;84589.52;
;ACC09;ABEV3;1;4131;4131;4131;11.14;46019.34;46019.34;46019.34;
;ACC10;ABEV3;2;1877;924;923;16.74;31420.98;15467.76;15451.02;
;ACC07;PETR4;2;8579;4313;4312;12.17;104406.43;52489.21;52477.04;
;ACC03;VALE3;1;2800;2800;2800;13.09;36652.00;36652.00;36652.00;
;ACC03;BBDC4;1;3238;3238;3238;18.50;59903.00;59903.00;59903.00;
;ACC09;WEGE3;2;2475;1248;1247;18.88;46728.00;23562.24;23543.36;
;ACC05;WEGE3;1;2614;216;215;15.95;41693.30;3445.20;3429.25;
;ACC01;WEGE3;1;7518;7518;7518;10.28;77285.04;77285.04;77285.04;
;ACC10;MGLU3;2;8902;8902;8902;14.69;130770.38;130770.38;130770.38;
;ACC08;BBAS3;2;7818;1788;1787;11.16;87248.88;19954.08;19942.92;
;ACC08;BBDC4;1;5925;921;920;14.73;87275.25;13566.33;13551.60;
;ACC06;MGLU3;1;3793;3793;3793;17.47;66263.71;66263.71;66263.71;
;ACC01;ITUB4;1;8543;6871;6870;18.11;154713.73;124433.81;124415.70;
;ACC06;BBAS3;1;2588;2588;2588;10.72;27743.36;27743.36;27743.36;
;ACC09;PETR4;1;3636;1010;1009;13.96;50758.56;14099.60;14085.64;
;ACC04;BBDC4;1;5754;5754;5754;15.44;88841.76;88841.76;88841.76;
;ACC04;PETR4;2;1395;1395;1395;19.98;27872.10;27872.10;27872.10;
;ACC08;BBAS3;2;4280;1728;1727;11.21;47978.80;19370.88;19359.67;
;ACC05;ABEV3;2;6500;6500;6500;16.08;104520.00;104520.00;104520.00;
;ACC06;LREN3;2;9704;714;713;12.34;119747.36;8810.76;8798.42;
;ACC08;ABEV3;1;7230;7230;7230;17.71;128043.30;128043.30;128043.30;
;ACC07;ABEV3;1;6892;6892;6892;17.55;120954.60;120954.60;120954.60;
;ACC08;MGLU3;2;7919;7683;7682;17.95;142146.05;137909.85;137891.90;
;ACC05;BBAS3;1;7438;780;779;17.98;133735.24;14024.40;14006.42;
;ACC03;VALE3;1;7777;2729;2728;17.31;134619.87;47238.99;47221.68;
;ACC07;B3SA3;1;2200;2200;2200;17.75;39050.00;39050.00;39050.00;
;ACC10;PETR4;1;1799;1799;1799;14.12;25401.88;25401.88;25401.88;
;ACC01;LREN3;2;6097;2593;2592;18.32;111697.04;47503.76;47485.44;
;ACC07;WEGE3;1;4761;4761;4761;13.31;63368.91;63368.91;63368.91;
;ACC05;BBDC4;1;8974;8974;8974;10.51;94316.74;94316.74;94316.74;
;ACC02;ITUB4;2;5700;3226;3225;12.19;69483.00;39324.94;39312.75;
;ACC02;BBAS3;2;8693;8693;8693;10.94;95101.42;95101.42;95101.42;
;ACC04;BBDC4;1;4295;94;93;15.93;68419.35;1497.42;1481.49;
;ACC06;MGLU3;2;2027;2027;2027;16.67;33790.09;33790.09;33790.09;
;ACC08;PETR4;2;9028;951;950;12.15;109690.20;11554.65;11542.50;
;ACC02;WEGE3;1;9343;9343;9343;13.78;128746.54;128746.54;128746.54;
;ACC03;B3SA3;1;9788;9788;9788;16.63;162774.44;162774.44;162774.44;
;ACC01;ABEV3;2;8563;5688;5687;14.48;123992.24;82362.24;82347.76;
;ACC09;MGLU3;2;8489;8489;8489;11.03;93633.67;93633.67;93633.67;
;ACC05;B3SA3;2;8571;8571;8571;11.03;94538.13;94538.13;94538.13;
;ACC09;B3SA3;2;1325;222;221;11.90;15767.50;2641.80;2629.90;
;ACC02;PETR4;2;2413;2413;2413;18.04;43530.52;43530.52;43530.52;
;ACC03;WEGE3;1;5451;5451;5451;14.57;79421.07;79421.07;79421.07;
;ACC05;LREN3;2;5787;1578;1577;11.93;69038.91;18825.54;18813.61;
;ACC02;PETR4;1;1739;1739;1739;16.95;29476.05;29476.05;29476.05;
;ACC05;VALE3;1;9611;5429;5428;13.88;133400.68;75354.52;75340.64;
;ACC04;B3SA3;2;5090;5090;5090;19.85;101036.50;101036.50;101036.50;
;ACC05;ABEV3;1;4003;3933;3932;10.12;40510.36;39801.96;39791.84;
;ACC07;ITUB4;2;2826;2826;2826;10.43;29475.18;29475.18;29475.18;
;ACC10;BBAS3;2;7404;7404;7404;13.99;103581.96;103581.96;103581.96;
;ACC05;LREN3;2;9748;7793;7792;15.57;151776.36;121337.01;121321.44;
;ACC09;WEGE3;1;5536;5536;5536;10.16;56245.76;56245.76;56245.76;
;ACC10;LREN3;1;4509;4509;4509;17.34;78186.06;78186.06;78186.06;
;ACC06;BBAS3;1;8495;6836;6835;13.01;110519.95;88936.36;88923.35;
;ACC02;WEGE3;1;8472;8472;8472;12.59;106662.48;106662.48;106662.48;
;ACC09;BBDC4;2;5398;5398;5398;16.83;90848.34;90848.34;90848.34;
;ACC01;BBDC4;1;3200;3200;3200;13.95;44640.00;44640.00;44640.00;
;ACC02;LREN3;1;5315;5260;5259;14.56;77386.40;76585.60;76571.04;
;ACC10;B3SA3;2;4857;4857;4857;11.06;53718.42;53718.42;53718.42;
;ACC09;LREN3;2;3859;3859;3859;12.20;47079.80;47079.80;47079.80;
;ACC04;MGLU3;1;3486;3486;3486;11.59;40402.74;40402.74;40402.74;
;ACC07;VALE3;1;2684;1165;1164;17.64;47345.76;20550.60;20532.96;
;ACC03;WEGE3;1;8925;8852;8851;17.23;153777.75;152519.96;152502.73;
;ACC07;ABEV3;1;7638;7638;7638;15.48;118236.24;118236.24;118236.24;
;ACC02;BBAS3;1;3180;3180;3180;13.85;44043.00;44043.00;44043.00;
;ACC10;B3SA3;2;8977;8977;8977;15.12;135732.24;135732.24;135732.24;
;ACC03;ITUB4;2;7743;1096;1095;14.93;115602.99;16363.28;16348.35;
;ACC08;PETR4;2;7346;7346;7346;17.32;127232.72;127232.72;127232.72;
;ACC04;PETR4;1;9319;367;366;19.06;177620.14;6995.02;6975.96;
;ACC10;LREN3;1;1208;1208;1208;17.98;21719.84;21719.84;21719.84;
;ACC05;ITUB4;2;8128;8128;8128;12.06;98023.68;98023.68;98023.68;
;ACC02;ABEV3;1;1318;1318;1318;19.69;25951.42;25951.42;25951.42;
;ACC07;BBDC4;1;2427;995;994;19.77;47981.79;19671.15;19651.38;
;ACC05;PETR4;1;1959;1959;1959;14.02;27465.18;27465.18;27465.18;
;ACC09;ITUB4;2;2581;216;215;17.32;44702.92;3741.12;3723.80;
;ACC06;BBAS3;1;8702;8702;8702;16.50;143583.00;143583.00;143583.00;
;ACC03;ITUB4;2;7163;7163;7163;19.98;143116.74;143116.74;143116.74;
;ACC09;LREN3;1;4198;2713;2712;12.05;50585.90;32691.65;32679.60;
;ACC03;ABEV3;2;4595;3799;3798;19.26;88499.70;73168.74;73149.48;
;ACC10;MGLU3;1;8371;8371;8371;12.81;107232.51;107232.51;107232.51;
;ACC07;BBAS3;1;3292;3292;3292;12.50;41150.00;41150.00;41150.00;
;ACC04;MGLU3;1;3873;3873;3873;13.76;53292.48;53292.48;53292.48;
;ACC06;PETR4;1;1500;1313;1312;13.42;20130.00;17620.46;17607.04;
;ACC04;MGLU3;1;6536;6536;6536;17.71;115752.56;115752.56;115752.56;
;ACC09;LREN3;2;5023;5023;5023;17.93;90062.39;90062.39;90062.39;
;ACC09;B3SA3;1;3975;2335;2334;11.46;45553.50;26759.10;26747.64;
;ACC01;BBAS3;2;6165;6165;6165;13.13;80946.45;80946.45;80946.45;
;ACC06;ABEV3;1;7057;4603;4602;16.35;115381.95;75259.05;75242.70;
;ACC01;ABEV3;2;2549;2549;2549;17.49;44582.01;44582.01;44582.01;
;ACC03;LREN3;1;1918;1918;1918;13.61;26103.98;26103.98;26103.98;
;ACC05;MGLU3;2;4336;4336;4336;10.61;46004.96;46004.96;46004.96;
;ACC01;LREN3;1;8149;3768;3767;18.58;151408.42;70009.44;69990.86;
;ACC09;BBDC4;1;8881;6512;6511;15.10;134103.10;98331.20;98316.10;
;ACC06;VALE3;2;2658;2658;2658;13.42;35670.36;35670.36;35670.36;
;ACC10;ABEV3;1;6646;6646;6646;17.43;115839.78;115839.78;115839.78;
;ACC05;BBDC4;2;8812;8812;8812;16.31;143723.72;143723.72;143723.72;
;ACC07;WEGE3;2;4200;4149;4148;12.05;50610.00;49995.45;49983.40;
;ACC09;BBDC4;2;5195;4615;4614;10.53;54703.35;48595.95;48585.42;
;ACC05;VALE3;1;4779;4779;4779;14.72;70346.88;70346.88;70346.88;
;ACC06;PETR4;1;7181;7181;7181;17.68;126960.08;126960.08;126960.08;
;ACC06;BBDC4;1;3023;3023;3023;14.28;43168.44;43168.44;43168.44;
;ACC05;ITUB4;2;1990;750;749;11.96;23800.40;8970.00;8958.04;
;ACC04;BBAS3;1;6843;6843;6843;14.65;100249.95;100249.95;100249.95;
;ACC10;MGLU3;1;1073;662;661;12.95;13895.35;8572.90;8559.95;
;ACC04;BBAS3;2;7447;7447;7447;11.04;82214.88;82214.88;82214.88;
;ACC10;BBAS3;2;5302;5302;5302;10.72;56837.44;56837.44;56837.44;
;ACC09;B3SA3;1;7951;7951;7951;17.20;136757.20;136757.20;136757.20;
;ACC10;ITUB4;1;4940;760;759;17.76;87734.40;13497.60;13479.84;
;ACC06;BBAS3;2;5605;5605;5605;14.00;78470.00;78470.00;78470.00;
;ACC04;MGLU3;2;7755;7755;7755;11.41;88484.55;88484.55;88484.55;
;ACC07;B3SA3;2;4367;4367;4367;17.49;76378.83;76378.83;76378.83;
;ACC08;ITUB4;1;5848;160;159;10.24;59883.52;1638.40;1628.16;
;ACC02;ABEV3;2;6795;6795;6795;16.96;115243.20;115243.20;115243.20;
;ACC02;B3SA3;2;5620;1831;1830;16.04;90144.80;29369.24;29353.20;
;ACC03;LREN3;2;8866;8866;8866;19.55;173330.30;173330.30;173330.30;
;ACC03;LREN3;1;6687;6687;6687;16.30;108998.10;108998.10;108998.10;
;ACC05;VALE3;1;1734;1006;1005;10.36;17964.24;10422.16;10411.80;
;ACC02;BBAS3;2;3517;3517;3517;17.13;60246.21;60246.21;60246.21;
;ACC01;PETR4;1;2033;2033;2033;14.43;29336.19;29336.19;29336.19;
;ACC02;LREN3;2;7859;7859;7859;13.02;102324.18;102324.18;102324.18;
;ACC03;B3SA3;1;6646;972;971;15.83;105206.18;15386.76;15370.93;
;ACC03;BBAS3;1;7419;7419;7419;18.04;133838.76;133838.76;133838.76;
;ACC07;B3SA3;2;4545;4545;4545;17.08;77628.60;77628.60;77628.60;
;ACC10;LREN3;1;8662;8662;8662;14.95;129496.90;129496.90;129496.90;
;ACC07;VALE3;2;1558;390;389;10.36;16140.88;4040.40;4030.04;
;ACC06;WEGE3;1;6083;6083;6083;12.38;75307.54;75307.54;75307.54;
;ACC04;BBAS3;2;7223;7223;7223;13.43;97004.89;97004.89;97004.89;
;ACC08;ABEV3;2;1467;457;456;14.85;21784.95;6786.45;6771.60;
;ACC02;B3SA3;1;1119;1119;1119;17.31;19369.89;19369.89;19369.89;
;ACC09;BBAS3;2;3641;3641;3641;19.48;70926.68;70926.68;70926.68;
;ACC05;B3SA3;2;3291;3291;3291;18.15;59731.65;59731.65;59731.65;
;ACC07;WEGE3;2;9924;6629;6628;16.22;160967.28;107522.38;107506.16;
;ACC10;VALE3;2;8234;3943;3942;12.20;100454.80;48104.60;48092.40;
;ACC01;B3SA3;2;6291;6291;6291;13.77;86627.07;86627.07;86627.07;
;ACC10;VALE3;2;1749;1749;1749;14.66;25640.34;25640.34;25640.34;
;ACC03;PETR4;1;1780;1780;1780;18.64;33179.20;33179.20;33179.20;
;ACC09;BBAS3;1;8863;1777;1776;10.42;92352.46;18516.34;18505.92;
;ACC07;MGLU3;2;5534;3587;3586;15.72;86994.48;56387.64;56371.92;
;ACC07;MGLU3;2;8186;8186;8186;12.94;105926.84;105926.84;105926.84;
;ACC10;LREN3;2;6063;6063;6063;15.21;92218.23;92218.23;92218.23;
;ACC04;MGLU3;1;5848;5848;5848;13.27;77602.96;77602.96;77602.96;
;ACC06;ITUB4;1;7248;2746;2745;16.75;121404.00;45995.50;45978.75;
;ACC06;WEGE3;2;1901;468;467;14.62;27792.62;6842.16;6827.54;
;ACC09;BBDC4;1;9683;9683;9683;14.66;141952.78;141952.78;141952.78;
;ACC09;BBAS3;1;4287;4287;4287;13.06;55988.22;55988.22;55988.22;
;ACC09;BBAS3;2;2467;2467;2467;19.35;47736.45;47736.45;47736.45;
;ACC07;BBDC4;2;6167;774;773;14.13;87139.71;10936.62;10922.49;
;ACC02;PETR4;1;1602;1090;1089;10.65;17061.30;11608.50;11597.85;
;ACC04;WEGE3;1;8251;8251;8251;14.69;121207.19;121207.19;121207.19;
;ACC09;MGLU3;1;6993;6993;6993;10.72;74964.96;74964.96;74964.96;
;ACC07;WEGE3;2;1041;1041;1041;17.22;17926.02;17926.02;17926.02;
;ACC07;VALE3;1;7878;7038;7037;13.96;109976.88;98250.48;98236.52;
;ACC07;ITUB4;2;9643;1655;1654;13.42;129409.06;22210.10;22196.68;
;ACC07;VALE3;2;7829;7829;7829;16.03;125498.87;125498.87;125498.87;
;ACC05;LREN3;1;8561;8561;8561;12.66;108382.26;108382.26;108382.26;
;ACC07;BBAS3;2;4603;4603;4603;11.68;53763.04;53763.04;53763.04;
;ACC03;VALE3;1;8451;1587;1586;17.95;151695.45;28486.65;28468.70;
;ACC09;MGLU3;2;4227;2523;2522;17.94;75832.38;45262.62;45244.68;
;ACC07;ABEV3;2;9580;9580;9580;16.39;157016.20;157016.20;157016.20;
;ACC04;B3SA3;1;6477;6477;6477;17.65;114319.05;114319.05;114319.05;
;ACC05;B3SA3;2;5456;5456;5456;18.24;99517.44;99517.44;99517.44;
;ACC10;ITUB4;2;9073;6904;6903;15.65;141992.45;108047.60;108031.95;
;ACC05;ITUB4;1;1063;383;382;15.28;16242.64;5852.24;5836.96;
;ACC08;ITUB4;2;1526;1526;1526;16.90;25789.40;25789.40;25789.40;
;ACC01;ABEV3;1;1446;1446;1446;13.87;20056.02;20056.02;20056.02;
;ACC09;MGLU3;1;5303;5303;5303;16.16;85696.48;85696.48;85696.48;
;ACC03;ITUB4;2;7278;3056;3055;13.86;100873.08;42356.16;42342.30;
;ACC03;MGLU3;2;9149;9149;9149;14.59;133483.91;133483.91;133483.91;
;ACC07;BBAS3;1;9644;2044;2043;19.22;185357.68;39285.68;39266.46;
;ACC06;VALE3;2;8031;8031;8031;17.71;142229.01;142229.01;142229.01;
;ACC04;B3SA3;2;3752;3752;3752;15.11;56692.72;56692.72;56692.72;
;ACC07;LREN3;2;9470;1470;1469;12.08;114397.60;17757.60;17745.52;
;ACC01;B3SA3;2;7126;7126;7126;10.61;75606.86;75606.86;75606.86;
;ACC01;WEGE3;1;8450;8450;8450;11.42;96499.00;96499.00;96499.00;
;ACC10;VALE3;2;2491;2491;2491;13.24;32980.84;32980.84;32980.84;
;ACC09;PETR4;2;7477;864;863;14.82;110809.14;12804.48;12789.66;
;ACC10;VALE3;2;4144;4144;4144;16.91;70075.04;70075.04;70075.04;
;ACC10;VALE3;2;1597;193;192;11.13;17774.61;2148.09;2136.96;
;ACC04;BBAS3;1;5049;4228;4227;16.85;85075.65;71241.80;71224.95;
;ACC04;LREN3;2;6776;6776;6776;17.86;121019.36;121019.36;121019.36;
;ACC05;BBDC4;2;5919;5919;5919;14.70;87009.30;87009.30;87009.30;
;ACC05;ITUB4;2;7272;1432;1431;14.19;103189.68;20320.08;20305.89;
;ACC01;BBDC4;1;4543;4543;4543;10.23;46474.89;46474.89;46474.89;
;ACC08;ABEV3;2;6292;6292;6292;17.48;109984.16;109984.16;109984.16;
;ACC08;B3SA3;1;4011;1792;1791;18.96;76048.56;33976.32;33957.36;
;ACC07;ITUB4;2;2128;2128;2128;12.20;25961.60;25961.60;25961.60;
;ACC02;ITUB4;2;2645;2645;2645;19.68;52053.60;52053.60;52053.60;
;ACC06;VALE3;2;1597;1597;1597;18.42;29416.74;29416.74;29416.74;
;ACC06;BBAS3;1;9763;694;693;12.27;119792.01;8515.38;8503.11;
;ACC03;MGLU3;2;4278;4278;4278;17.35;74223.30;74223.30;74223.30;
;ACC10;BBDC4;1;2912;2912;2912;17.97;52328.64;52328.64;52328.64;
;ACC02;B3SA3;1;9799;8094;8093;16.58;162467.42;134198.52;134181.94;
;ACC03;BBDC4;2;9031;9031;9031;13.88;125350.28;125350.28;125350.28;
;ACC07;ABEV3;2;7950;7950;7950;15.55;123622.50;123622.50;123622.50;
;ACC04;ABEV3;1;1912;1912;1912;16.74;32006.88;32006.88;32006.88;
;ACC06;ITUB4;2;1822;1822;1822;10.58;19276.76;19276.76;19276.76;
;ACC08;ABEV3;2;9229;9229;9229;18.16;167598.64;167598.64;167598.64;
;ACC07;ABEV3;1;6128;6128;6128;10.85;66488.80;66488.80;66488.80;
;ACC03;MGLU3;1;3509;3509;3509;15.21;53371.89;53371.89;53371.89;
;ACC01;ABEV3;2;7662;7662;7662;18.33;140444.46;140444.46;140444.46;
;ACC10;ITUB4;2;5745;5745;5745;14.78;84911.10;84911.10;84911.10;
;ACC07;LREN3;1;4268;2671;2670;18.48;78872.64;49360.08;49341.60;
;ACC10;ABEV3;1;9781;9781;9781;16.06;157082.86;157082.86;157082.86;
;ACC05;LREN3;2;1135;1135;1135;10.49;11906.15;11906.15;11906.15;
;ACC02;PETR4;2;9947;9947;9947;10.37;103150.39;103150.39;103150.39;
;ACC02;WEGE3;1;6522;2377;2376;19.28;125744.16;45828.56;45809.28;
;ACC07;ITUB4;2;9624;9624;9624;10.20;98164.80;98164.80;98164.80;
;ACC10;MGLU3;1;3286;3286;3286;18.68;61382.48;61382.48;61382.48;
;ACC10;B3SA3;2;1373;556;555;18.04;24768.92;10030.24;10012.20;
;ACC05;WEGE3;2;2221;2221;2221;17.18;38156.78;38156.78;38156.78;
;ACC06;ABEV3;2;2162;2162;2162;16.89;36516.18;36516.18;36516.18;
;ACC07;WEGE3;1;4574;4574;4574;11.33;51823.42;51823.42;51823.42;
;ACC10;WEGE3;1;3449;38;37;10.73;37007.77;407.74;397.01;
;ACC05;LREN3;1;7099;7099;7099;18.31;129982.69;129982.69;129982.69;
;ACC06;ITUB4;1;9095;9095;9095;14.57;132514.15;132514.15;132514.15;
;ACC03;BBDC4;1;2989;2503;2502;13.42;40112.38;33590.26;33576.84;
;ACC01;LREN3;1;1891;1891;1891;10.08;19061.28;19061.28;19061.28;
;ACC02;MGLU3;2;7561;7561;7561;10.75;81280.75;81280.75;81280.75;
;ACC09;BBAS3;2;6401;1606;1605;17.06;109201.06;27398.36;27381.30;
;ACC01;ITUB4;2;8286;8286;8286;13.83;114595.38;114595.38;114595.38;
;ACC08;BBDC4;2;2418;2418;2418;15.30;36995.40;36995.40;36995.40;
;ACC03;PETR4;2;8132;8132;8132;19.57;159143.24;159143.24;159143.24;
;ACC03;PETR4;1;2088;2088;2088;15.41;32176.08;32176.08;32176.08;
;ACC09;VALE3;2;7088;7088;7088;19.74;139917.12;139917.12;139917.12;
;ACC03;BBAS3;2;2286;2286;2286;19.39;44325.54;44325.54;44325.54;
;ACC04;B3SA3;2;3560;3560;3560;14.71;52367.60;52367.60;52367.60;
;ACC08;ABEV3;2;7783;5961;5960;16.55;128808.65;98654.55;98638.00;
;ACC03;BBAS3;2;7633;7633;7633;17.29;131974.57;131974.57;131974.57;
;ACC08;WEGE3;1;2570;2570;2570;13.18;33872.60;33872.60;33872.60;
;ACC02;WEGE3;2;2208;2208;2208;13.63;30095.04;30095.04;30095.04;
;ACC07;ABEV3;2;2716;1737;1736;16.52;44868.32;28695.24;28678.72;
;ACC01;BBDC4;2;7148;7148;7148;12.92;92352.16;92352.16;92352.16;
;ACC07;B3SA3;1;5647;5647;5647;17.39;98201.33;98201.33;98201.33;
;ACC04;MGLU3;1;9981;9981;9981;10.29;102704.49;102704.49;102704.49;
;ACC04;WEGE3;2;6786;6786;6786;11.01;74713.86;74713.86;74713.86;
;ACC03;VALE3;1;4400;370;369;12.50;55000.00;4625.00;4612.50;
;ACC06;ITUB4;2;3203;3203;3203;13.56;43432.68;43432.68;43432.68;
;ACC09;WEGE3;1;5891;5891;5891;13.71;80765.61;80765.61;80765.61;
;ACC08;PETR4;2;3280;3280;3280;17.48;57334.40;57334.40;57334.40;
;ACC02;ABEV3;2;4309;4309;4309;11.21;48303.89;48303.89;48303.89;
;ACC08;ITUB4;2;5177;5177;5177;15.28;79104.56;79104.56;79104.56;
;ACC06;MGLU3;2;3721;784;783;16.35;60838.35;12818.40;12802.05;
;ACC05;PETR4;1;7945;7945;7945;17.28;137289.60;137289.60;137289.60;
;ACC09;LREN3;2;6585;6585;6585;19.46;128144.10;128144.10;128144.10;
;ACC10;WEGE3;1;6844;2489;2488;11.52;78842.88;28673.28;28661.76;
;ACC01;BBAS3;1;5080;5080;5080;14.28;72542.40;72542.40;72542.40;
;ACC08;PETR4;2;7305;7305;7305;15.70;114688.50;114688.50;114688.50;
;ACC04;WEGE3;2;5197;5197;5197;16.12;83775.64;83775.64;83775.64;
;ACC06;B3SA3;2;4698;4698;4698;13.48;63329.04;63329.04;63329.04;
;ACC10;LREN3;2;1025;1025;1025;10.11;10362.75;10362.75;10362.75;
;ACC07;LREN3;1;1980;41;40;14.90;29502.00;610.90;596.00;
;ACC06;WEGE3;1;6776;6776;6776;13.08;88630.08;88630.08;88630.08;
;ACC08;WEGE3;1;3329;3329;3329;13.27;44175.83;44175.83;44175.83;
;ACC03;LREN3;1;2682;2682;2682;13.76;36904.32;36904.32;36904.32;
;ACC08;BBAS3;2;8784;2826;2825;18.91;166105.44;53439.66;53420.75;
;ACC03;MGLU3;2;8288;8288;8288;10.37;85946.56;85946.56;85946.56;
;ACC07;LREN3;1;8617;8617;8617;13.45;115898.65;115898.65;115898.65;
;ACC10;B3SA3;2;3987;3987;3987;15.96;63632.52;63632.52;63632.52;
;ACC07;LREN3;2;8286;8286;8286;14.99;124207.14;124207.14;124207.14;
;ACC07;VALE3;2;6921;1514;1513;19.70;136343.70;29825.80;29806.10;
;ACC04;WEGE3;1;6431;6431;6431;15.88;102124.28;102124.28;102124.28;
;ACC10;B3SA3;1;1919;1919;1919;17.85;34254.15;34254.15;34254.15;
;ACC03;BBAS3;2;9070;9070;9070;13.12;118998.40;118998.40;118998.40;
;ACC03;MGLU3;2;9624;2903;2902;14.58;140317.92;42325.74;42311.16;
;ACC09;BBAS3;2;9480;9480;9480;12.72;120585.60;120585.60;120585.60;
;ACC02;MGLU3;1;3624;3624;3624;19.18;69508.32;69508.32;69508.32;
;ACC02;LREN3;1;9472;9472;9472;13.44;127303.68;127303.68;127303.68;
;ACC02;VALE3;1;2123;2123;2123;13.71;29106.33;29106.33;29106.33;
;ACC02;WEGE3;2;2356;1347;1346;14.66;34538.96;19747.02;19732.36;
;ACC05;VALE3;2;6815;6815;6815;18.82;128258.30;128258.30;128258.30;
;ACC06;PETR4;1;2840;2840;2840;15.51;44048.40;44048.40;44048.40;
;ACC07;LREN3;1;7162;7162;7162;10.17;72837.54;72837.54;72837.54;
;ACC08;LREN3;2;3402;1710;1709;16.76;57017.52;28659.60;28642.84;
;ACC06;BBAS3;2;9513;9513;9513;15.57;148117.41;148117.41;148117.41;
;ACC01;ABEV3;1;8060;8060;8060;12.26;98815.60;98815.60;98815.60;
;ACC03;LREN3;2;1585;1585;1585;15.18;24060.30;24060.30;24060.30;
;ACC02;LREN3;2;9110;9110;9110;18.82;171450.20;171450.20;171450.20;
;ACC10;ITUB4;1;9595;5241;5240;11.94;114564.30;62577.54;62565.60;
;ACC01;LREN3;2;4571;4571;4571;17.46;79809.66;79809.66;79809.66;
;ACC06;B3SA3;1;3425;3425;3425;16.40;56170.00;56170.00;56170.00;
;ACC05;BBDC4;2;8332;8332;8332;16.77;139727.64;139727.64;139727.64;
;ACC01;VALE3;1;5150;5150;5150;17.26;88889.00;88889.00;88889.00;
;ACC06;WEGE3;2;5535;5535;5535;10.92;60442.20;60442.20;60442.20;
;ACC03;ITUB4;1;1753;1753;1753;15.78;27662.34;27662.34;27662.34;
;ACC09;ITUB4;1;5325;5325;5325;17.20;91590.00;91590.00;91590.00;
;ACC10;PETR4;1;1289;390;389;16.70;21526.30;6513.00;6496.30;
;ACC07;WEGE3;2;2479;2479;2479;18.76;46506.04;46506.04;46506.04;
;ACC09;WEGE3;1;3702;3702;3702;15.64;57899.28;57899.28;57899.28;
;ACC08;WEGE3;1;7921;7921;7921;14.43;114300.03;114300.03;114300.03;
;ACC05;VALE3;2;1142;1142;1142;17.94;20487.48;20487.48;20487.48;
;ACC10;MGLU3;1;6978;6978;6978;12.99;90644.22;90644.22;90644.22;
;ACC03;B3SA3;2;6497;2455;2454;16.93;109994.21;41563.15;41546.22;
;ACC02;BBDC4;2;8744;8744;8744;13.29;116207.76;116207.76;116207.76;
;ACC07;ITUB4;1;1030;1030;1030;17.47;17994.10;17994.10;17994.10;
;ACC02;WEGE3;2;7708;7708;7708;16.94;130573.52;130573.52;130573.52;
;ACC03;B3SA3;2;3216;3216;3216;18.92;60846.72;60846.72;60846.72;
;ACC05;VALE3;2;7345;405;404;13.93;102315.85;5641.65;5627.72;
;ACC05;VALE3;2;7110;7110;7110;14.16;100677.60;100677.60;100677.60;
;ACC08;PETR4;2;6160;6160;6160;19.26;118641.60;118641.60;118641.60;
;ACC07;BBAS3;2;1852;1852;1852;16.36;30298.72;30298.72;30298.72;
;ACC03;WEGE3;1;5356;5356;5356;10.68;57202.08;57202.08;57202.08;
;ACC04;WEGE3;1;1051;449;448;16.64;17488.64;7471.36;7454.72;
;ACC01;PETR4;1;1289;1289;1289;15.11;19476.79;19476.79;19476.79;
;ACC04;ITUB4;1;4403;4403;4403;12.01;52880.03;52880.03;52880.03;
;ACC01;ITUB4;1;9850;9850;9850;18.55;182717.50;182717.50;182717.50;
;ACC09;VALE3;1;3370;3370;3370;12.98;43742.60;43742.60;43742.60;
;ACC04;B3SA3;2;1808;1808;1808;18.67;33755.36;33755.36;33755.36;
;ACC05;ITUB4;1;5608;3315;3314;13.74;77053.92;45548.10;45534.36;
;ACC01;BBAS3;1;2544;2544;2544;17.16;43655.04;43655.04;43655.04;
;ACC04;VALE3;2;8963;8963;8963;16.61;148875.43;148875.43;148875.43;
;ACC06;BBDC4;2;8574;8574;8574;12.87;110347.38;110347.38;110347.38;
;ACC10;PETR4;1;6589;6589;6589;12.62;83153.18;83153.18;83153.18;
;ACC06;MGLU3;2;2575;2575;2575;13.42;34556.50;34556.50;34556.50;
;ACC06;B3SA3;1;8238;1826;1825;15.01;123652.38;27408.26;27393.25;
;ACC10;B3SA3;2;1445;1445;1445;12.98;18756.10;18756.10;18756.10;
;ACC01;BBDC4;2;1748;1748;1748;10.20;17829.60;17829.60;17829.60;
;ACC01;LREN3;2;6672;6672;6672;13.76;91806.72;91806.72;91806.72;
;ACC08;WEGE3;2;7008;7008;7008;19.03;133362.24;133362.24;133362.24;
;ACC06;LREN3;1;6274;4792;4791;11.56;72527.44;55395.52;55383.96;
;ACC06;VALE3;2;5135;5135;5135;17.02;87397.70;87397.70;87397.70;
;ACC07;VALE3;1;7343;7343;7343;17.47;128282.21;128282.21;128282.21;
;ACC10;MGLU3;2;3750;2644;2643;10.53;39487.50;27841.32;27830.79;
;ACC10;LREN3;1;3195;3195;3195;17.83;56966.85;56966.85;56966.85;
;ACC02;WEGE3;1;9719;9719;9719;17.05;165708.95;165708.95;165708.95;
;ACC05;BBAS3;1;6414;6414;6414;12.15;77930.10;77930.10;77930.10;
;ACC10;B3SA3;1;2043;775;774;11.02;22513.86;8540.50;8529.48;
;ACC09;ITUB4;2;6070;6070;6070;14.73;89411.10;89411.10;89411.10;
;ACC02;B3SA3;1;8158;8158;8158;17.29;141051.82;141051.82;141051.82;
;ACC04;ABEV3;2;8735;8735;8735;13.03;113817.05;113817.05;113817.05;
;ACC10;MGLU3;2;9399;7277;7276;14.54;136661.46;105807.58;105793.04;
;ACC07;BBAS3;1;6976;6976;6976;16.54;115383.04;115383.04;115383.04;
;ACC06;PETR4;1;5424;5424;5424;19.68;106744.32;106744.32;106744.32;
;ACC03;B3SA3;1;5469;5469;5469;19.97;109215.93;109215.93;109215.93;
;ACC05;LREN3;1;3267;3267;3267;12.11;39563.37;39563.37;39563.37;
;ACC05;BBAS3;2;5538;5538;5538;17.54;97136.52;97136.52;97136.52;
;ACC10;MGLU3;1;2094;2094;2094;18.64;39032.16;39032.16;39032.16;
;ACC10;B3SA3;1;6437;6437;6437;14.62;94108.94;94108.94;94108.94;
;ACC08;MGLU3;1;8945;6749;6748;15.05;134622.25;101572.45;101557.40;
;ACC08;BBDC4;1;5791;1880;1879;10.73;62137.43;20172.40;20161.67;
;ACC10;ABEV3;1;5071;5071;5071;13.52;68559.92;68559.92;68559.92;
;ACC09;PETR4;1;3443;3443;3443;13.37;46032.91;46032.91;46032.91;
;ACC09;ITUB4;1;7134;7134;7134;12.10;86321.40;86321.40;86321.40;
;ACC10;BBAS3;2;6158;3525;3524;12.12;74634.96;42723.00;42710.88;
;ACC09;ABEV3;1;6546;5733;5732;19.07;124832.22;109328.31;109309.24;
;ACC03;ABEV3;1;9504;3753;3752;11.78;111957.12;44210.34;44198.56;
;ACC07;ITUB4;1;3407;3407;3407;14.75;50253.25;50253.25;50253.25;
;ACC08;BBDC4;2;9723;9723;9723;14.31;139136.13;139136.13;139136.13;
;ACC10;WEGE3;1;8179;5739;5738;19.84;162271.36;113861.76;113841.92;
;ACC03;PETR4;2;9492;4038;4037;16.68;158326.56;67353.84;67337.16;
;ACC07;BBDC4;2;8039;8039;8039;18.57;149284.23;149284.23;149284.23;
;ACC09;BBAS3;1;3049;3049;3049;16.56;50491.44;50491.44;50491.44;
;ACC07;MGLU3;1;8600;5057;5056;15.91;136826.00;80456.87;80440.96;
;ACC07;MGLU3;2;7510;2747;2746;10.30;77353.00;28294.10;28283.80;
;ACC06;WEGE3;1;7847;7847;7847;12.96;101697.12;101697.12;101697.12;
;ACC06;WEGE3;2;3654;1320;1319;13.88;50717.52;18321.60;18307.72;
;ACC05;VALE3;1;9219;9219;9219;12.29;113301.51;113301.51;113301.51;
;ACC04;BBAS3;1;6161;6161;6161;11.43;70420.23;70420.23;70420.23;
;ACC04;LREN3;1;6104;6104;6104;19.38;118295.52;118295.52;118295.52;
;ACC05;LREN3;1;1770;335;334;12.34;21841.80;4133.90;4121.56;
;ACC04;LREN3;1;4660;4660;4660;11.37;52984.20;52984.20;52984.20;
;ACC05;B3SA3;2;8552;2549;2548;17.39;148719.28;44327.11;44309.72;
;ACC05;ABEV3;1;2446;2446;2446;14.98;36641.08;36641.08;36641.08;
;ACC01;ABEV3;2;5189;395;394;16.24;84269.36;6414.80;6398.56;
;ACC04;PETR4;2;6269;6269;6269;11.43;71654.67;71654.67;71654.67;
;ACC03;MGLU3;2;7621;7621;7621;17.49;133291.29;133291.29;133291.29;
;ACC06;BBAS3;1;2040;2040;2040;13.37;27274.80;27274.80;27274.80;
;ACC09;LREN3;1;6243;5782;5781;18.07;112811.01;104480.74;104462.67;
;ACC05;LREN3;2;5356;5356;5356;15.96;85481.76;85481.76;85481.76;
;ACC03;ABEV3;1;5027;2602;2601;15.74;79124.98;40955.48;40939.74;
;ACC01;ABEV3;2;9351;9351;9351;19.19;179445.69;179445.69;179445.69;
;ACC02;BBAS3;2;3892;3892;3892;18.26;71067.92;71067.92;71067.92;
;ACC01;WEGE3;2;9291;902;901;12.46;115765.86;11238.92;11226.46;
;ACC04;BBAS3;1;3662;3662;3662;11.02;40355.24;40355.24;40355.24;
;ACC10;ITUB4;1;8426;7188;7187;19.77;166582.02;142106.76;142086.99;
;ACC06;B3SA3;2;7224;7224;7224;14.01;101208.24;101208.24;101208.24;
;ACC04;BBDC4;1;6566;2634;2633;15.49;101707.34;40800.66;40785.17;
;ACC05;B3SA3;1;9794;9794;9794;13.13;128595.22;128595.22;128595.22;
;ACC01;BBAS3;1;7347;7347;7347;14.66;107707.02;107707.02;107707.02;
;ACC10;BBDC4;1;2668;1355;1354;17.74;47330.32;24037.70;24019.96;
;ACC01;B3SA3;1;3328;3328;3328;15.72;52316.16;52316.16;52316.16;
;ACC03;LREN3;1;8375;8375;8375;18.94;158622.50;158622.50;158622.50;
;ACC08;VALE3;1;4080;646;645;13.63;55610.40;8804.98;8791.35;
;ACC01;PETR4;1;7679;7679;7679;18.47;141831.13;141831.13;141831.13;
;ACC07;VALE3;1;4239;4239;4239;17.60;74606.40;74606.40;74606.40;
;ACC01;LREN3;2;4992;3093;3092;19.61;97893.12;60653.73;60634.12;
;ACC07;WEGE3;2;1430;1430;1430;11.40;16302.00;16302.00;16302.00;
;ACC06;LREN3;2;6346;6346;6346;19.89;126221.94;126221.94;126221.94;
;ACC01;LREN3;2;2732;2115;2114;13.56;37045.92;28679.40;28665.84;
;ACC10;ABEV3;1;8626;8626;8626;17.81;153629.06;153629.06;153629.06;
;ACC06;WEGE3;2;1340;1340;1340;17.84;23905.60;23905.60;23905.60;
;ACC08;B3SA3;2;1680;573;572;17.56;29500.80;10061.88;10044.32;
;ACC04;B3SA3;1;7454;7454;7454;11.30;84230.20;84230.20;84230.20;
;ACC07;ITUB4;1;3737;1645;1644;14.25;53252.25;23441.25;23427.00;
;ACC06;LREN3;1;4255;4255;4255;11.35;48294.25;48294.25;48294.25;
;ACC05;BBDC4;2;6104;6104;6104;11.46;69951.84;69951.84;69951.84;
;ACC05;MGLU3;2;1302;1302;1302;10.70;13931.40;13931.40;13931.40;
;ACC03;PETR4;2;1019;192;191;18.77;19126.63;3603.84;3585.07;
;ACC05;VALE3;2;4905;4905;4905;10.34;50717.70;50717.70;50717.70;
;ACC10;LREN3;1;9929;1079;1078;13.39;132949.31;14447.81;14434.42;
;ACC01;PETR4;1;9352;9352;9352;18.48;172824.96;172824.96;172824.96;
;ACC09;ITUB4;1;9892;6401;6400;11.20;110790.40;71691.20;71680.00;
;ACC08;LREN3;2;7380;7380;7380;17.53;129371.40;129371.40;129371.40;
;ACC08;MGLU3;1;5350;5350;5350;12.72;68052.00;68052.00;68052.00;
;ACC06;BBDC4;1;2570;1010;1009;11.15;28655.50;11261.50;11250.35;
;ACC08;BBDC4;1;6941;6941;6941;16.09;111680.69;111680.69;111680.69;
;ACC04;VALE3;2;6109;6109;6109;12.99;79355.91;79355.91;79355.91;
;ACC03;ABEV3;2;2440;487;486;16.76;40894.40;8162.12;8145.36;
;ACC09;LREN3;1;9727;9727;9727;12.12;117891.24;117891.24;117891.24;
;ACC02;B3SA3;1;5848;1289;1288;16.99;99357.52;21900.11;21883.12;
;ACC10;LREN3;2;4014;4014;4014;11.21;44996.94;44996.94;44996.94;
;ACC10;PETR4;2;9413;9413;9413;18.21;171410.73;171410.73;171410.73;
;ACC03;VALE3;2;5253;5253;5253;12.52;65767.56;65767.56;65767.56;
;ACC06;VALE3;2;3444;1415;1414;18.83;64850.52;26644.45;26625.62;
;ACC07;VALE3;1;3346;3346;3346;11.61;38847.06;38847.06;38847.06;
;ACC01;ITUB4;2;4272;58;57;17.70;75614.40;1026.60;1008.90;
;ACC01;MGLU3;2;8914;8914;8914;19.67;175338.38;175338.38;175338.38;
;ACC05;PETR4;2;3835;1976;1975;13.48;51695.80;26636.48;26623.00;
;ACC03;BBDC4;1;6053;6053;6053;19.38;117307.14;117307.14;117307.14;
;ACC08;ITUB4;1;7806;6685;6684;17.31;135121.86;115717.35;115700.04;
;ACC09;WEGE3;2;2732;2732;2732;19.65;53683.80;53683.80;53683.80;
;ACC05;BBAS3;1;2846;2846;2846;14.07;40043.22;40043.22;40043.22;
;ACC09;BBAS3;2;3571;3571;3571;14.29;51029.59;51029.59;51029.59;
;ACC03;ITUB4;1;1483;498;497;16.37;24276.71;8152.26;8135.89;
;ACC10;BBAS3;2;3003;3003;3003;10.88;32672.64;32672.64;32672.64;
;ACC10;BBAS3;1;7718;6605;6604;12.07;93156.26;79722.35;79710.28;
;ACC08;BBAS3;2;6171;6171;6171;17.54;108239.34;108239.34;108239.34;
;ACC01;BBAS3;1;6951;4464;4463;19.68;136795.68;87851.52;87831.84;
;ACC07;BBDC4;1;8574;8574;8574;12.48;107003.52;107003.52;107003.52;
;ACC10;ABEV3;2;3401;3401;3401;19.51;66353.51;66353.51;66353.51;
;ACC05;BBAS3;2;6538;6538;6538;12.48;81594.24;81594.24;81594.24;
;ACC10;VALE3;1;8918;1923;1922;16.12;143758.16;30998.76;30982.64;
;ACC04;MGLU3;1;9021;9021;9021;17.28;155882.88;155882.88;155882.88;
;ACC06;BBDC4;2;8781;2887;2886;16.09;141286.29;46451.83;46435.74;
;ACC07;B3SA3;1;8817;8817;8817;16.85;148566.45;148566.45;148566.45;
;ACC05;MGLU3;1;6864;6864;6864;18.45;126640.80;126640.80;126640.80;
;ACC04;MGLU3;1;1805;1805;1805;10.00;18050.00;18050.00;18050.00;
;ACC04;BBDC4;1;5062;5062;5062;13.69;69298.78;69298.78;69298.78;
;ACC04;BBDC4;1;3513;42;41;16.01;56243.13;672.42;656.41;
;ACC08;PETR4;1;4822;4822;4822;13.61;65627.42;65627.42;65627.42;
;ACC03;LREN3;2;4046;4046;4046;15.24;61661.04;61661.04;61661.04;
;ACC09;WEGE3;2;3363;3363;3363;13.51;45434.13;45434.13;45434.13;
;ACC02;VALE3;2;1275;1275;1275;19.61;25002.75;25002.75;25002.75;
;ACC03;ABEV3;1;6409;93;92;19.05;122091.45;1771.65;1752.60;
;ACC01;LREN3;1;1831;1831;1831;10.01;18328.31;18328.31;18328.31;
;ACC05;ABEV3;2;6173;6173;6173;11.12;68643.76;68643.76;68643.76;
;ACC04;ITUB4;1;5749;2541;2540;14.80;85085.20;37606.80;37592.00;
;ACC01;BBAS3;1;1911;1911;1911;11.38;21747.18;21747.18;21747.18;
;ACC05;LREN3;2;8121;8121;8121;13.52;109795.92;109795.92;109795.92;
;ACC05;LREN3;1;9615;9615;9615;19.36;186146.40;186146.40;186146.40;
;ACC02;PETR4;1;7335;6429;6428;11.42;83765.70;73419.18;73407.76;
;ACC04;BBDC4;1;2150;2150;2150;17.22;37023.00;37023.00;37023.00;
;ACC07;BBDC4;1;8380;8380;8380;16.54;138605.20;138605.20;138605.20;
;ACC02;ITUB4;1;1901;1798;1797;18.84;35814.84;33874.32;33855.48;
;ACC01;VALE3;1;3168;3168;3168;15.23;48248.64;48248.64;48248.64;
;ACC08;PETR4;1;5071;5071;5071;10.34;52434.14;52434.14;52434.14;
;ACC04;BBAS3;2;6707;6707;6707;14.08;94434.56;94434.56;94434.56;
;ACC05;ITUB4;1;1356;128;127;16.85;22848.60;2156.80;2139.95;
;ACC02;BBDC4;1;4410;4410;4410;15.39;67869.90;67869.90;67869.90;
;ACC09;WEGE3;1;3671;3671;3671;18.54;68060.34;68060.34;68060.34;
;ACC08;ABEV3;1;9583;9583;9583;16.05;153807.15;153807.15;153807.15;
;ACC01;B3SA3;2;9845;9845;9845;16.65;163919.25;163919.25;163919.25;
;ACC01;PETR4;2;6862;6862;6862;17.29;118643.98;118643.98;118643.98;
;ACC06;MGLU3;2;7163;7163;7163;15.95;114249.85;114249.85;114249.85;
;ACC07;ABEV3;1;5627;5627;5627;11.34;63810.18;63810.18;63810.18;
;ACC10;ABEV3;1;5070;5070;5070;17.30;87711.00;87711.00;87711.00;
;ACC07;VALE3;2;8915;8915;8915;16.03;142907.45;142907.45;142907.45;
;ACC08;ABEV3;1;5703;5703;5703;15.58;88852.74;88852.74;88852.74;
;ACC05;LREN3;2;3563;3563;3563;11.56;41188.28;41188.28;41188.28;
;ACC07;PETR4;1;8695;8695;8695;15.99;139033.05;139033.05;139033.05;
;ACC04;ABEV3;1;8824;8824;8824;16.61;146566.64;146566.64;146566.64;
;ACC09;B3SA3;2;7224;7224;7224;17.78;128442.72;128442.72;128442.72;
;ACC02;ABEV3;1;1170;1170;1170;17.27;20205.90;20205.90;20205.90;
;ACC05;BBDC4;2;4816;4816;4816;15.85;76333.60;76333.60;76333.60;
;ACC05;PETR4;2;4220;4220;4220;12.86;54269.20;54269.20;54269.20;
;ACC10;LREN3;1;4662;4136;4135;12.92;60233.04;53437.12;53424.20;
;ACC01;WEGE3;1;1247;1247;1247;11.17;13928.99;13928.99;13928.99;
;ACC04;LREN3;2;2049;2049;2049;14.46;29628.54;29628.54;29628.54;
;ACC08;BBDC4;2;9904;9904;9904;12.03;119145.12;119145.12;119145.12;
;ACC09;VALE3;1;9518;9518;9518;16.51;157142.18;157142.18;157142.18;
;ACC06;BBAS3;1;1070;1070;1070;19.86;21250.20;21250.20;21250.20;
;ACC05;PETR4;1;8575;8575;8575;15.59;133684.25;133684.25;133684.25;
;ACC06;ITUB4;2;6941;6941;6941;13.54;93981.14;93981.14;93981.14;
;ACC05;PETR4;2;5248;5248;5248;12.89;67646.72;67646.72;67646.72;
;ACC10;ABEV3;2;3829;1187;1186;10.73;41085.17;12736.51;12725.78;
;ACC01;BBDC4;1;2343;2343;2343;18.37;43040.91;43040.91;43040.91;
;ACC04;MGLU3;1;8954;8954;8954;17.21;154098.34;154098.34;154098.34;
;ACC09;ITUB4;2;6779;6779;6779;15.83;107311.57;107311.57;107311.57;
;ACC03;LREN3;1;7861;7861;7861;10.24;80496.64;80496.64;80496.64;
;ACC08;BBAS3;2;3681;3681;3681;18.97;69828.57;69828.57;69828.57;
;ACC09;PETR4;2;7182;7182;7182;17.89;128485.98;128485.98;128485.98;
;ACC05;ABEV3;2;3665;3665;3665;16.50;60472.50;60472.50;60472.50;
;ACC10;WEGE3;1;1105;1105;1105;10.37;11458.85;11458.85;11458.85;
;ACC05;B3SA3;1;2028;2028;2028;14.31;29020.68;29020.68;29020.68;
;ACC08;ABEV3;1;6829;4988;4987;11.92;81401.68;59456.96;59445.04;
;ACC07;BBAS3;2;3711;3711;3711;10.30;38223.30;38223.30;38223.30;
;ACC10;VALE3;2;1934;1934;1934;19.47;37654.98;37654.98;37654.98;
;ACC02;BBAS3;1;8535;8535;8535;18.93;161567.55;161567.55;161567.55;
;ACC03;MGLU3;1;9655;9655;9655;17.16;165679.80;165679.80;165679.80;
;ACC02;BBAS3;1;9235;9235;9235;13.64;125965.40;125965.40;125965.40;
;ACC02;BBAS3;1;7807;7807;7807;18.93;147786.51;147786.51;147786.51;
;ACC01;ITUB4;2;1554;1554;1554;13.05;20279.70;20279.70;20279.70;
;ACC04;WEGE3;1;5001;5001;5001;16.84;84216.84;84216.84;84216.84;
;ACC09;B3SA3;1;3576;3576;3576;13.36;47775.36;47775.36;47775.36;
;ACC09;B3SA3;1;5549;2815;2814;10.24;56821.76;28825.60;28815.36;
;ACC09;ABEV3;1;5014;5014;5014;15.49;77666.86;77666.86;77666.86;
;ACC06;BBAS3;1;6266;6266;6266;11.94;74816.04;74816.04;74816.04;
;ACC07;MGLU3;2;3151;3151;3151;13.41;42254.91;42254.91;42254.91;
;ACC10;ABEV3;2;4301;4301;4301;14.57;62665.57;62665.57;62665.57;
;ACC03;VALE3;1;7541;7541;7541;19.08;143882.28;143882.28;143882.28;
;ACC09;BBAS3;2;9124;9124;9124;10.69;97535.56;97535.56;97535.56;
;ACC02;ITUB4;2;5002;5002;5002;13.31;66576.62;66576.62;66576.62;
;ACC01;LREN3;2;5814;3247;3246;19.70;114535.80;63965.90;63946.20;
;ACC03;ITUB4;1;1389;1389;1389;12.97;18015.33;18015.33;18015.33;
;ACC06;MGLU3;1;5409;5409;5409;11.50;62203.50;62203.50;62203.50;
;ACC06;BBAS3;1;2691;2691;2691;12.55;33772.05;33772.05;33772.05;
;ACC07;VALE3;2;7116;7116;7116;19.04;135488.64;135488.64;135488.64;
;ACC07;BBAS3;2;6231;6231;6231;11.14;69413.34;69413.34;69413.34;
;ACC03;BBAS3;1;5231;5231;5231;17.98;94053.38;94053.38;94053.38;
;ACC06;WEGE3;1;1674;1093;1092;15.34;25679.16;16766.62;16751.28;
;ACC09;ITUB4;1;5675;5675;5675;13.84;78542.00;78542.00;78542.00;
;ACC09;B3SA3;1;4897;4897;4897;17.47;85550.59;85550.59;85550.59;
;ACC02;VALE3;1;5421;5421;5421;13.27;71936.67;71936.67;71936.67;
;ACC04;B3SA3;2;7892;7892;7892;11.28;89021.76;89021.76;89021.76;
;ACC05;BBDC4;2;2300;2300;2300;13.44;30912.00;30912.00;30912.00;
;ACC05;BBDC4;1;6787;6787;6787;11.08;75199.96;75199.96;75199.96;
;ACC06;B3SA3;2;1805;531;530;18.34;33103.70;9738.54;9720.20;
;ACC01;B3SA3;1;7496;7496;7496;18.34;137476.64;137476.64;137476.64;
;ACC10;BBAS3;2;9893;9893;9893;18.45;182525.85;182525.85;182525.85;
;ACC02;BBDC4;2;2151;2151;2151;19.70;42374.70;42374.70;42374.70;
;ACC02;BBDC4;2;3622;3622;3622;12.79;46325.38;46325.38;46325.38;
;ACC03;WEGE3;1;6863;6863;6863;14.39;98758.57;98758.57;98758.57;
;ACC09;MGLU3;2;1866;1866;1866;19.58;36536.28;36536.28;36536.28;
;ACC03;B3SA3;2;2393;2393;2393;11.27;26969.11;26969.11;26969.11;
;ACC09;ABEV3;1;7159;7072;7071;15.12;108244.08;106928.64;106913.52;
;ACC10;PETR4;1;8014;8014;8014;10.19;81662.66;81662.66;81662.66;
;ACC10;ABEV3;2;8529;8529;8529;10.20;86995.80;86995.80;86995.80;
;ACC08;LREN3;1;3543;3543;3543;16.97;60124.71;60124.71;60124.71;
;ACC08;ITUB4;1;5719;5719;5719;13.87;79322.53;79322.53;79322.53;
;ACC07;VALE3;1;7933;7933;7933;11.86;94085.38;94085.38;94085.38;
;ACC10;PETR4;1;3424;3424;3424;14.29;48928.96;48928.96;48928.96;
;ACC07;BBDC4;1;5819;5819;5819;18.66;108582.54;108582.54;108582.54;
;ACC03;LREN3;1;5246;5246;5246;12.82;67253.72;67253.72;67253.72;
;ACC04;PETR4;2;8542;8542;8542;11.24;96012.08;96012.08;96012.08;
;ACC04;PETR4;1;8736;2121;2120;13.33;116450.88;28272.93;28259.60;
;ACC03;ABEV3;2;5705;5705;5705;12.46;71084.30;71084.30;71084.30;
;ACC07;ITUB4;2;3359;3359;3359;16.14;54214.26;54214.26;54214.26;
;ACC01;B3SA3;1;3972;3972;3972;14.05;55806.60;55806.60;55806.60;
;ACC08;MGLU3;1;1769;1769;1769;17.74;31382.06;31382.06;31382.06;
;ACC08;LREN3;2;6904;6904;6904;14.74;101764.96;101764.96;101764.96;
;ACC07;PETR4;2;8640;8640;8640;13.18;113875.20;113875.20;113875.20;
;ACC10;VALE3;2;9322;6254;6253;16.51;153906.22;103253.54;103237.03;
;ACC08;BBDC4;2;6225;6225;6225;10.02;62374.50;62374.50;62374.50;
;ACC10;BBDC4;2;9455;9455;9455;15.13;143054.15;143054.15;143054.15;
;ACC06;WEGE3;1;6974;6974;6974;18.10;126229.40;126229.40;126229.40;
;ACC04;BBDC4;2;8659;8659;8659;10.53;91179.27;91179.27;91179.27;
;ACC04;LREN3;1;5362;5362;5362;10.53;56461.86;56461.86;56461.86;
;ACC05;BBAS3;2;8043;8043;8043;15.92;128044.56;128044.56;128044.56;
;ACC08;ABEV3;1;9493;9493;9493;13.21;125402.53;125402.53;125402.53;
;ACC01;LREN3;1;2808;2808;2808;18.50;51948.00;51948.00;51948.00;
;ACC06;ABEV3;1;9483;8377;8376;13.06;123847.98;109403.62;109390.56;
;ACC08;BBDC4;2;6639;6639;6639;15.40;102240.60;102240.60;102240.60;
;ACC09;BBAS3;2;8956;8956;8956;18.47;165417.32;165417.32;165417.32;
;ACC07;B3SA3;2;1394;1394;1394;11.04;15389.76;15389.76;15389.76;
;ACC06;B3SA3;1;5339;5339;5339;10.32;55098.48;55098.48;55098.48;
;ACC10;WEGE3;2;8901;8901;8901;19.50;173569.50;173569.50;173569.50;
;ACC08;PETR4;1;5343;2801;2800;14.59;77954.37;40866.59;40852.00;
;ACC03;MGLU3;1;5267;5267;5267;14.38;75739.46;75739.46;75739.46;
;ACC03;ITUB4;2;5767;5767;5767;16.36;94348.12;94348.12;94348.12;
;ACC04;BBDC4;2;6326;6326;6326;11.61;73444.86;73444.86;73444.86;
;ACC10;WEGE3;1;5393;5393;5393;15.38;82944.34;82944.34;82944.34;
;ACC07;VALE3;1;2069;2069;2069;14.84;30703.96;30703.96;30703.96;
;ACC08;LREN3;2;2921;2921;2921;12.31;35957.51;35957.51;35957.51;
;ACC09;WEGE3;2;8506;8506;8506;10.19;86676.14;86676.14;86676.14;
;ACC05;VALE3;2;5998;5998;5998;14.83;88950.34;88950.34;88950.34;
;ACC03;PETR4;1;8265;6994;6993;13.09;108188.85;91551.46;91538.37;
;ACC02;BBAS3;2;9195;9195;9195;18.85;173325.75;173325.75;173325.75;
;ACC06;ABEV3;2;1821;1821;1821;14.52;26440.92;26440.92;26440.92;
;ACC08;VALE3;2;3689;3689;3689;14.06;51867.34;51867.34;51867.34;
;ACC01;BBDC4;2;9141;9141;9141;12.67;115816.47;115816.47;115816.47;
;ACC01;WEGE3;2;8420;8420;8420;15.64;131688.80;131688.80;131688.80;
;ACC09;MGLU3;2;7236;7236;7236;15.79;114256.44;114256.44;114256.44;
;ACC05;BBAS3;1;9930;9930;9930;10.43;103569.90;103569.90;103569.90;
;ACC07;MGLU3;1;8618;42;41;16.64;143403.52;698.88;682.24;
;ACC06;BBDC4;1;3420;3420;3420;10.68;36525.60;36525.60;36525.60;
;ACC01;PETR4;2;1878;1878;1878;14.39;27024.42;27024.42;27024.42;
;ACC03;PETR4;1;3923;3923;3923;15.98;62689.54;62689.54;62689.54;
;ACC07;VALE3;2;9441;9441;9441;10.32;97431.12;97431.12;97431.12;
;ACC01;PETR4;1;5272;3627;3626;18.40;97004.80;66736.80;66718.40;
;ACC03;ABEV3;2;3810;3810;3810;10.86;41376.60;41376.60;41376.60;
;ACC08;MGLU3;1;9777;2902;2901;14.09;137757.93;40889.18;40875.09;
;ACC07;ABEV3;2;8690;8690;8690;19.48;169281.20;169281.20;169281.20;
;ACC01;VALE3;2;2114;2114;2114;17.02;35980.28;35980.28;35980.28;
;ACC04;VALE3;1;3060;89;88;19.41;59394.60;1727.49;1708.08;
;ACC05;PETR4;1;2591;2591;2591;19.06;49384.46;49384.46;49384.46;
;ACC10;MGLU3;1;4570;4570;4570;17.05;77918.50;77918.50;77918.50;
;ACC07;B3SA3;2;7086;4789;4788;19.53;138389.58;93529.17;93509.64;
;ACC06;ABEV3;1;3344;3344;3344;14.53;48588.32;48588.32;48588.32;
;ACC10;BBDC4;1;6999;6999;6999;11.55;80838.45;80838.45;80838.45;
;ACC04;ITUB4;1;5282;661;660;19.77;104425.14;13067.97;13048.20;
;ACC03;BBAS3;1;6433;6433;6433;15.42;99196.86;99196.86;99196.86;
;ACC08;ITUB4;1;3262;3262;3262;11.77;38393.74;38393.74;38393.74;
;ACC03;LREN3;1;4728;3024;3023;18.02;85198.56;54492.48;54474.46;
;ACC10;VALE3;1;6576;6576;6576;17.59;115671.84;115671.84;115671.84;
;ACC08;PETR4;1;7718;7718;7718;15.14;116850.52;116850.52;116850.52;
;ACC09;BBDC4;2;2086;2086;2086;19.20;40051.20;40051.20;40051.20;
;ACC04;WEGE3;1;7710;258;257;16.70;128757.00;4308.60;4291.90;
;ACC02;MGLU3;2;3890;3890;3890;18.81;73170.90;73170.90;73170.90;
;ACC01;LREN3;1;3700;3700;3700;17.32;64084.00;64084.00;64084.00;
;ACC07;ABEV3;1;7889;2083;2082;14.68;115810.52;30578.44;30563.76;
;ACC10;ITUB4;1;2186;2186;2186;15.30;33445.80;33445.80;33445.80;
;ACC06;PETR4;2;5303;5303;5303;13.22;70105.66;70105.66;70105.66;
;ACC09;BBAS3;2;7749;3410;3409;16.93;131190.57;57731.30;57714.37;
;ACC04;VALE3;1;9004;9004;9004;14.30;128757.20;128757.20;128757.20;
;ACC08;ITUB4;2;3672;3110;3109;13.03;47846.16;40523.30;40510.27;
;ACC08;PETR4;2;1362;1362;1362;10.12;13783.44;13783.44;13783.44;
;ACC08;LREN3;2;7960;7960;7960;16.11;128235.60;128235.60;128235.60;
;ACC07;WEGE3;2;3142;3142;3142;16.01;50303.42;50303.42;50303.42;
;ACC04;BBAS3;2;3299;2184;2183;14.07;46416.93;30728.88;30714.81;
;ACC02;B3SA3;1;3333;3333;3333;19.02;63393.66;63393.66;63393.66;
;ACC04;VALE3;1;8672;4871;4870;10.81;93744.32;52655.51;52644.70;
;ACC02;WEGE3;2;4540;4540;4540;15.76;71550.40;71550.40;71550.40;
;ACC04;LREN3;2;7657;7657;7657;15.44;118224.08;118224.08;118224.08;
;ACC07;PETR4;2;4881;4881;4881;18.63;90933.03;90933.03;90933.03;
;ACC07;PETR4;2;8732;6802;6801;15.41;134560.12;104818.82;104803.41;
;ACC10;LREN3;1;6210;6210;6210;14.88;92404.80;92404.80;92404.80;
;ACC10;MGLU3;2;8094;4053;4052;12.95;104817.30;52486.35;52473.40;
;ACC10;BBAS3;2;1892;1892;1892;10.46;19790.32;19790.32;19790.32;
;ACC04;ITUB4;1;1686;755;754;18.90;31865.40;14269.50;14250.60;
;ACC03;ABEV3;2;6886;6886;6886;16.60;114307.60;114307.60;114307.60;
;ACC06;MGLU3;1;7533;7533;7533;16.03;120753.99;120753.99;120753.99;
;ACC08;B3SA3;1;5461;5461;5461;19.06;104086.66;104086.66;104086.66;
;ACC05;VALE3;1;7550;7213;7212;13.38;101019.00;96509.94;96496.56;
;ACC06;PETR4;2;9734;9734;9734;17.12;166646.08;166646.08;166646.08;
;ACC10;ITUB4;2;6308;4197;4196;13.45;84842.60;56449.65;56436.20;
;ACC01;ITUB4;1;6429;6429;6429;12.15;78112.35;78112.35;78112.35;
;ACC03;LREN3;2;1774;1067;1066;10.22;18130.28;10904.74;10894.52;
;ACC03;ITUB4;2;6707;6707;6707;18.23;122268.61;122268.61;122268.61;
;ACC05;BBAS3;1;6896;6896;6896;14.57;100474.72;100474.72;100474.72;
;ACC07;ITUB4;2;6320;6320;6320;17.20;108704.00;108704.00;108704.00;
;ACC10;MGLU3;1;8011;7918;7917;18.25;146200.75;144503.50;144485.25;
;ACC06;PETR4;2;9088;9088;9088;10.30;93606.40;93606.40;93606.40;
;ACC05;ABEV3;1;8320;8238;8237;11.25;93600.00;92677.50;92666.25;
;ACC04;ABEV3;1;2741;2741;2741;16.99;46569.59;46569.59;46569.59;
;ACC04;LREN3;2;9672;5805;5804;19.18;185508.96;111339.90;111320.72;
;ACC02;BBDC4;1;4470;4470;4470;12.22;54623.40;54623.40;54623.40;
;ACC08;MGLU3;2;1825;1825;1825;14.05;25641.25;25641.25;25641.25;
;ACC02;LREN3;1;3235;3235;3235;19.18;62047.30;62047.30;62047.30;
;ACC09;LREN3;2;3851;2787;2786;19.00;73169.00;52953.00;52934.00;
;ACC07;B3SA3;2;1351;1351;1351;19.12;25831.12;25831.12;25831.12;
;ACC02;BBAS3;2;4263;1261;1260;13.13;55973.19;16556.93;16543.80;
;ACC03;B3SA3;2;9290;9290;9290;17.46;162203.40;162203.40;162203.40;
;ACC07;B3SA3;1;8481;6809;6808;17.47;148163.07;118953.23;118935.76;
;ACC01;MGLU3;1;7414;7414;7414;17.37;128781.18;128781.18;128781.18;
;ACC02;PETR4;2;4915;4915;4915;18.70;91910.50;91910.50;91910.50;
;ACC08;BBDC4;1;8243;8243;8243;12.35;101801.05;101801.05;101801.05;
;ACC08;ABEV3;1;8685;8494;8493;13.20;114642.00;112120.80;112107.60;
;ACC09;MGLU3;1;9676;9676;9676;19.86;192165.36;192165.36;192165.36;
;ACC04;MGLU3;2;9137;8806;8805;14.86;135775.82;130857.16;130842.30;
;ACC08;WEGE3;2;6166;6166;6166;16.16;99642.56;99642.56;99642.56;
;ACC01;BBAS3;2;8958;3211;3210;10.62;95133.96;34100.82;34090.20;
;ACC05;ITUB4;1;7480;7480;7480;13.70;102476.00;102476.00;102476.00;
;ACC02;PETR4;2;1740;1740;1740;13.18;22933.20;22933.20;22933.20;
;ACC04;ITUB4;1;6903;6903;6903;16.37;113002.11;113002.11;113002.11;
;ACC06;WEGE3;2;1294;1142;1141;19.14;24767.16;21857.88;21838.74;
;ACC04;B3SA3;2;4293;4293;4293;14.98;64309.14;64309.14;64309.14;
;ACC04;B3SA3;1;6550;5771;5770;11.48;75194.00;66251.08;66239.60;
;ACC09;WEGE3;2;9117;9117;9117;11.42;104116.14;104116.14;104116.14;
;ACC05;BBDC4;1;2557;2104;2103;16.05;41039.85;33769.20;33753.15;
;ACC10;B3SA3;1;3944;3944;3944;19.59;77262.96;77262.96;77262.96;
;ACC02;ITUB4;1;2755;1570;1569;18.85;51931.75;29594.50;29575.65;
;ACC01;BBDC4;1;2785;2785;2785;16.61;46258.85;46258.85;46258.85;
;ACC10;BBDC4;2;8041;8041;8041;18.05;145140.05;145140.05;145140.05;
;ACC10;WEGE3;1;5008;5008;5008;15.72;78725.76;78725.76;78725.76;
;ACC03;ABEV3;2;6707;4683;4682;11.32;75923.24;53011.56;53000.24;
;ACC03;BBDC4;1;2648;2648;2648;13.05;34556.40;34556.40;34556.40;
;ACC07;VALE3;2;2360;2212;2211;13.66;32237.60;30215.92;30202.26;
;ACC02;BBDC4;2;2857;2857;2857;10.80;30855.60;30855.60;30855.60;
;ACC05;MGLU3;1;8276;8276;8276;10.64;88056.64;88056.64;88056.64;
;ACC07;B3SA3;2;7483;4886;4885;11.44;85605.52;55895.84;55884.40;
;ACC07;ABEV3;2;1161;1161;1161;18.38;21339.18;21339.18;21339.18;
;ACC02;PETR4;2;1668;1668;1668;17.84;29757.12;29757.12;29757.12;
;ACC05;BBAS3;2;8019;4543;4542;19.79;158696.01;89905.97;89886.18;
;ACC07;ITUB4;2;1689;1689;1689;18.69;31567.41;31567.41;31567.41;
;ACC07;LREN3;2;6140;6140;6140;19.62;120466.80;120466.80;120466.80;
;ACC05;BBAS3;1;8851;4602;4601;10.18;90103.18;46848.36;46838.18;
;ACC03;WEGE3;1;7354;7354;7354;14.77;108618.58;108618.58;108618.58;
;ACC05;LREN3;1;1831;1485;1484;11.66;21349.46;17315.10;17303.44;
;ACC04;BBDC4;1;3325;3325;3325;17.15;57023.75;57023.75;57023.75;
;ACC04;ABEV3;1;3594;3594;3594;16.83;60487.02;60487.02;60487.02;
;ACC04;LREN3;2;9142;4015;4014;19.94;182291.48;80059.10;80039.16;
;ACC02;ABEV3;2;7611;7611;7611;16.68;126951.48;126951.48;126951.48;
;ACC10;WEGE3;1;6645;6645;6645;13.77;91501.65;91501.65;91501.65;
;ACC10;ABEV3;1;6257;1871;1870;14.97;93667.29;28008.87;27993.90;
;ACC04;VALE3;2;4350;4350;4350;10.05;43717.50;43717.50;43717.50;
;ACC09;VALE3;2;8418;8418;8418;14.32;120545.76;120545.76;120545.76;
;ACC06;ABEV3;2;3930;708;707;10.11;39732.30;7157.88;7147.77;
;ACC06;B3SA3;2;7930;7930;7930;14.63;116015.90;116015.90;116015.90;
;ACC07;VALE3;2;5795;5795;5795;18.38;106512.10;106512.10;106512.10;
;ACC10;LREN3;1;8070;8067;8066;13.67;110316.90;110275.89;110262.22;
;ACC05;MGLU3;1;1527;1527;1527;13.24;20217.48;20217.48;20217.48;
;ACC08;ABEV3;1;3427;3427;3427;15.76;54009.52;54009.52;54009.52;
;ACC04;VALE3;1;9331;5284;5283;16.65;155361.15;87978.60;87961.95;
;ACC01;ABEV3;2;5626;5626;5626;19.27;108413.02;108413.02;108413.02;
;ACC03;ABEV3;2;3665;3665;3665;12.07;44236.55;44236.55;44236.55;
;ACC05;ABEV3;1;4730;3187;3186;18.97;89728.10;60457.39;60438.42;
;ACC09;LREN3;2;1483;1483;1483;12.72;18863.76;18863.76;18863.76;
;ACC04;LREN3;1;9255;9255;9255;13.56;125497.80;125497.80;125497.80;
;ACC05;MGLU3;1;3397;1574;1573;10.00;33970.00;15740.00;15730.00;
;ACC02;WEGE3;2;9139;9139;9139;14.33;130961.87;130961.87;130961.87;
;ACC03;ITUB4;2;9286;9286;9286;17.42;161762.12;161762.12;161762.12;
;ACC03;ITUB4;1;5368;5368;5368;12.45;66831.60;66831.60;66831.60;
;ACC07;PETR4;2;1905;1582;1581;18.43;35109.15;29156.26;29137.83;
;ACC08;ABEV3;1;3427;3427;3427;11.53;39513.31;39513.31;39513.31;
;ACC05;WEGE3;2;8827;8827;8827;11.32;99921.64;99921.64;99921.64;
;ACC08;MGLU3;1;5437;591;590;10.54;57305.98;6229.14;6218.60;
;ACC01;BBDC4;1;1531;1531;1531;18.20;27864.20;27864.20;27864.20;
;ACC09;VALE3;1;7722;7722;7722;10.35;79922.70;79922.70;79922.70;
;ACC03;VALE3;2;4473;2917;2916;15.82;70762.86;46146.94;46131.12;
;ACC06;ABEV3;1;4877;4877;4877;13.37;65205.49;65205.49;65205.49;
;ACC02;MGLU3;1;9649;9649;9649;10.23;98709.27;98709.27;98709.27;
;ACC07;VALE3;1;6254;6254;6254;19.50;121953.00;121953.00;121953.00;
;ACC04;BBAS3;1;2447;2284;2283;13.65;33401.55;31176.60;31162.95;
;ACC09;ABEV3;1;8327;8327;8327;15.36;127902.72;127902.72;127902.72;
;ACC04;BBDC4;1;3041;3041;3041;11.67;35488.47;35488.47;35488.47;
;ACC01;ABEV3;2;6525;1629;1628;14.98;97744.50;24402.42;24387.44;
;ACC03;B3SA3;2;9523;9523;9523;13.18;125513.14;125513.14;125513.14;
;ACC05;VALE3;2;8642;8642;8642;13.14;113555.88;113555.88;113555.88;
;ACC03;ITUB4;2;2825;2655;2654;18.74;52940.50;49754.70;49735.96;
;ACC03;ABEV3;1;4777;4777;4777;12.07;57658.39;57658.39;57658.39;
;ACC05;B3SA3;2;9136;9136;9136;14.40;131558.40;131558.40;131558.40;
;ACC02;VALE3;2;8703;8703;8703;13.75;119666.25;119666.25;119666.25;
;ACC07;BBAS3;2;9873;9873;9873;11.37;112256.01;112256.01;112256.01;
;ACC01;VALE3;2;2528;2528;2528;14.36;36302.08;36302.08;36302.08;
;ACC03;VALE3;1;2083;1486;1485;13.22;27537.26;19644.92;19631.70;
;ACC07;MGLU3;1;2392;2392;2392;18.90;45208.80;45208.80;45208.80;
;ACC05;PETR4;2;7345;7345;7345;10.85;79693.25;79693.25;79693.25;
;ACC01;ABEV3;2;4397;2487;2486;19.17;84290.49;47675.79;47656.62;
;ACC04;ABEV3;1;5424;5424;5424;12.63;68505.12;68505.12;68505.12;
;ACC04;LREN3;2;7214;3585;3584;12.62;91040.68;45242.70;45230.08;
;ACC07;LREN3;2;5278;5278;5278;17.38;91731.64;91731.64;91731.64;
;ACC08;B3SA3;2;2768;2768;2768;12.42;34378.56;34378.56;34378.56;
;ACC10;ITUB4;1;2346;1631;1630;12.44;29184.24;20289.64;20277.20;
;ACC05;B3SA3;2;5893;5893;5893;19.48;114795.64;114795.64;114795.64;
;ACC02;PETR4;1;2204;2204;2204;15.40;33941.60;33941.60;33941.60;
;ACC04;MGLU3;2;8198;8198;8198;17.64;144612.72;144612.72;144612.72;
;ACC01;BBDC4;1;9379;5369;5368;19.61;183922.19;105286.09;105266.48;
;ACC07;VALE3;2;8401;8401;8401;13.56;113917.56;113917.56;113917.56;
;ACC07;B3SA3;2;8511;8511;8511;18.58;158134.38;158134.38;158134.38;
;ACC05;LREN3;2;4563;3423;3422;12.62;57585.06;43198.26;43185.64;
;ACC06;ITUB4;2;4171;4171;4171;15.28;63732.88;63732.88;63732.88;
;ACC08;B3SA3;1;6763;6763;6763;13.59;91909.17;91909.17;91909.17;
;ACC07;BBDC4;1;9592;9592;9592;16.11;154527.12;154527.12;154527.12;
;ACC08;LREN3;1;8343;1003;1002;16.33;136241.19;16378.99;16362.66;
;ACC05;BBDC4;1;4916;4916;4916;14.29;70249.64;70249.64;70249.64;
;ACC04;ABEV3;1;8263;8263;8263;12.67;104692.21;104692.21;104692.21;
;ACC10;B3SA3;2;9581;1344;1343;19.41;185967.21;26087.04;26067.63;
;ACC10;LREN3;1;5391;5391;5391;12.93;69705.63;69705.63;69705.63;
;ACC09;ITUB4;1;2547;2547;2547;13.87;35326.89;35326.89;35326.89;
;ACC06;WEGE3;2;4126;2174;2173;19.12;78889.12;41566.88;41547.76;
;ACC01;BBDC4;1;8795;8795;8795;13.89;122162.55;122162.55;122162.55;
;ACC08;WEGE3;1;4813;4813;4813;13.00;62569.00;62569.00;62569.00;
;ACC05;ABEV3;1;4596;2667;2666;10.67;49039.32;28456.89;28446.22;
;ACC07;PETR4;1;4575;4575;4575;15.40;70455.00;70455.00;70455.00;
;ACC02;BBDC4;1;6239;6239;6239;13.32;83103.48;83103.48;83103.48;
;ACC10;PETR4;2;2240;2240;2240;10.82;24236.80;24236.80;24236.80;
;ACC04;PETR4;2;8980;4710;4709;12.51;112339.80;58922.10;58909.59;
;ACC07;LREN3;1;5264;5264;5264;18.50;97384.00;97384.00;97384.00;
;ACC08;ITUB4;2;2778;2778;2778;10.57;29363.46;29363.46;29363.46;
;ACC04;ABEV3;1;9669;8016;8015;18.06;174622.14;144768.96;144750.90;
;ACC10;BBDC4;1;6631;6631;6631;16.10;106759.10;106759.10;106759.10;
;ACC01;WEGE3;1;7523;7523;7523;12.88;96896.24;96896.24;96896.24;
;ACC06;VALE3;1;9279;840;839;19.33;179363.07;16237.20;16217.87;
;ACC06;B3SA3;2;5386;5386;5386;14.23;76642.78;76642.78;76642.78;
;ACC06;MGLU3;1;4158;4158;4158;12.69;52765.02;52765.02;52765.02;
;ACC06;BBDC4;1;4742;4742;4742;11.45;54295.90;54295.90;54295.90;
;ACC03;PETR4;2;7509;1113;1112;17.35;130281.15;19310.55;19293.20;
;ACC02;B3SA3;2;4912;4912;4912;15.57;76479.84;76479.84;76479.84;
;ACC08;WEGE3;2;3339;3339;3339;12.23;40835.97;40835.97;40835.97;
;ACC02;MGLU3;2;9883;1357;1356;10.02;99027.66;13597.14;13587.12;
;ACC08;ABEV3;2;6908;6908;6908;17.86;123376.88;123376.88;123376.88;
;ACC03;PETR4;1;2489;2489;2489;11.43;28449.27;28449.27;28449.27;
;ACC08;WEGE3;1;3039;1732;1731;18.19;55279.41;31505.08;31486.89;
;ACC04;ABEV3;2;6874;6874;6874;11.62;79875.88;79875.88;79875.88;
;ACC06;PETR4;1;6521;6521;6521;14.32;93380.72;93380.72;93380.72;
;ACC05;PETR4;1;1831;1831;1831;12.65;23162.15;23162.15;23162.15;
;ACC07;WEGE3;2;4291;4168;4167;16.94;72689.54;70605.92;70588.98;
;ACC09;VALE3;1;3264;3264;3264;17.28;56401.92;56401.92;56401.92;
;ACC02;VALE3;2;7767;7767;7767;18.02;139961.34;139961.34;139961.34;
;ACC07;PETR4;1;7153;1820;1819;19.96;142773.88;36327.20;36307.24;
;ACC08;MGLU3;2;1154;1154;1154;18.18;20979.72;20979.72;20979.72;
;ACC07;ITUB4;1;3586;3586;3586;14.53;52104.58;52104.58;52104.58;
;ACC09;LREN3;1;7917;5485;5484;11.68;92470.56;64064.80;64053.12;
;ACC04;ITUB4;1;6257;6257;6257;13.13;82154.41;82154.41;82154.41;
;ACC03;ABEV3;2;1698;1698;1698;10.90;18508.20;18508.20;18508.20;
;ACC01;ITUB4;1;5829;5829;5829;12.17;70938.93;70938.93;70938.93;
;ACC07;WEGE3;1;5151;4697;4696;13.28;68405.28;62376.16;62362.88;
;ACC08;ABEV3;2;2715;2715;2715;17.77;48245.55;48245.55;48245.55;
;ACC10;WEGE3;1;5655;5655;5655;10.14;57341.70;57341.70;57341.70;
;ACC04;BBDC4;2;3590;1726;1725;16.23;58265.70;28012.98;27996.75;
;ACC03;MGLU3;2;3468;3468;3468;10.29;35685.72;35685.72;35685.72;
;ACC04;LREN3;2;1871;1871;1871;19.73;36914.83;36914.83;36914.83;
;ACC01;MGLU3;2;3469;3469;3469;13.31;46172.39;46172.39;46172.39;
;ACC02;BBDC4;2;4445;1075;1074;19.04;84632.80;20468.00;20448.96;
;ACC01;LREN3;2;1934;1934;1934;16.78;32452.52;32452.52;32452.52;
;ACC09;WEGE3;2;2412;2412;2412;17.66;42595.92;42595.92;42595.92;
;ACC03;ITUB4;2;1760;1165;1164;10.99;19342.40;12803.35;12792.36;
;ACC01;BBDC4;2;3482;3482;3482;13.90;48399.80;48399.80;48399.80;
;ACC08;ABEV3;2;1317;1317;1317;15.23;20057.91;20057.91;20057.91;
;ACC07;PETR4;2;3711;3711;3711;17.54;65090.94;65090.94;65090.94;
;ACC03;MGLU3;1;9192;1126;1125;19.37;178049.04;21810.62;21791.25;
;ACC07;ABEV3;1;3740;3740;3740;18.13;67806.20;67806.20;67806.20;
;ACC09;VALE3;1;9652;9652;9652;13.56;130881.12;130881.12;130881.12;
;ACC05;MGLU3;1;7874;4866;4865;15.40;121259.60;74936.40;74921.00;
;ACC10;ABEV3;2;9076;9076;9076;13.35;121164.60;121164.60;121164.60;
;ACC08;MGLU3;1;4495;4495;4495;18.75;84281.25;84281.25;84281.25;
;ACC02;MGLU3;1;9044;7116;7115;17.44;157727.36;124103.04;124085.60;
;ACC05;ABEV3;2;8082;8082;8082;17.85;144263.70;144263.70;144263.70;
;ACC01;ABEV3;2;5183;5183;5183;17.93;92931.19;92931.19;92931.19;
;ACC08;ABEV3;2;2463;2463;2463;17.15;42240.45;42240.45;42240.45;
;ACC02;BBAS3;1;7784;7338;7337;19.31;150309.04;141696.78;141677.47;
;ACC04;ABEV3;2;9983;9983;9983;18.42;183886.86;183886.86;183886.86;
;ACC06;VALE3;1;6868;6868;6868;13.44;92305.92;92305.92;92305.92;
;ACC06;ABEV3;1;8606;6380;6379;15.59;134167.54;99464.20;99448.61;
;ACC09;BBDC4;1;6456;6456;6456;16.30;105232.80;105232.80;105232.80;
;ACC07;WEGE3;2;1488;1488;1488;11.80;17558.40;17558.40;17558.40;
;ACC09;B3SA3;2;5231;5231;5231;16.46;86102.26;86102.26;86102.26;
;ACC03;VALE3;2;8774;8379;8378;15.76;138278.24;132053.04;132037.28;
;ACC08;WEGE3;2;1271;1271;1271;17.98;22852.58;22852.58;22852.58;
;ACC03;ABEV3;2;3323;3323;3323;13.99;46488.77;46488.77;46488.77;
;ACC08;ABEV3;2;5315;361;360;13.54;71965.10;4887.94;4874.40;
;ACC08;MGLU3;2;9164;9164;9164;13.70;125546.80;125546.80;125546.80;
;ACC08;LREN3;1;3361;3361;3361;19.00;63859.00;63859.00;63859.00;
;ACC09;BBAS3;1;2512;1082;1081;18.35;46095.20;19854.70;19836.35;
;ACC01;VALE3;2;2047;2047;2047;18.07;36989.29;36989.29;36989.29;
;ACC04;BBDC4;2;8859;8859;8859;12.31;109054.29;109054.29;109054.29;
;ACC10;WEGE3;1;5261;5261;5261;11.03;58028.83;58028.83;58028.83;
;ACC02;ABEV3;1;6406;1985;1984;11.29;72323.74;22410.65;22399.36;
;ACC01;B3SA3;2;7369;7369;7369;15.84;116724.96;116724.96;116724.96;
;ACC05;ABEV3;1;2882;2882;2882;11.70;33719.40;33719.40;33719.40;
;ACC08;ITUB4;2;7132;5717;5716;18.80;134081.60;107479.60;107460.80;
;ACC01;MGLU3;2;1693;1693;1693;10.09;17082.37;17082.37;17082.37;
;ACC04;WEGE3;1;8836;8836;8836;19.85;175394.60;175394.60;175394.60;
;ACC04;BBDC4;2;3670;3670;3670;10.79;39599.30;39599.30;39599.30;
;ACC03;WEGE3;2;1638;1638;1638;10.20;16707.60;16707.60;16707.60;
;ACC10;ITUB4;1;9613;7655;7654;13.49;129679.37;103265.95;103252.46;
;ACC09;MGLU3;1;4432;4432;4432;10.25;45428.00;45428.00;45428.00;
;ACC02;MGLU3;2;3901;3901;3901;18.15;70803.15;70803.15;70803.15;
;ACC09;VALE3;1;5751;5751;5751;14.08;80974.08;80974.08;80974.08;
;ACC03;B3SA3;1;8736;8736;8736;16.28;142222.08;142222.08;142222.08;
;ACC08;ITUB4;1;9213;6348;6347;13.00;119769.00;82524.00;82511.00;
;ACC07;VALE3;1;3442;3442;3442;13.40;46122.80;46122.80;46122.80;
;ACC01;MGLU3;2;3151;3151;3151;14.41;45405.91;45405.91;45405.91;
;ACC10;ABEV3;1;9668;8420;8419;14.72;142312.96;123942.40;123927.68;
;ACC10;VALE3;1;5249;5054;5053;16.04;84193.96;81066.16;81050.12;
;ACC04;ITUB4;2;1951;1951;1951;16.65;32484.15;32484.15;32484.15;
;ACC04;LREN3;1;9837;9837;9837;13.26;130438.62;130438.62;130438.62;
;ACC08;VALE3;1;1873;1873;1873;19.92;37310.16;37310.16;37310.16;
;ACC06;ITUB4;1;9799;2517;2516;17.63;172756.37;44374.71;44357.08;
;ACC03;ABEV3;2;9989;9989;9989;13.89;138747.21;138747.21;138747.21;
;ACC04;WEGE3;1;2328;2328;2328;12.59;29309.52;29309.52;29309.52;
;ACC02;ABEV3;2;8875;6090;6089;19.53;173328.75;118937.70;118918.17;
;ACC08;B3SA3;1;5778;5778;5778;15.58;90021.24;90021.24;90021.24;
;ACC01;MGLU3;1;8605;8605;8605;15.99;137593.95;137593.95;137593.95;
;ACC09;LREN3;2;2793;2793;2793;17.75;49575.75;49575.75;49575.75;
;ACC05;ABEV3;1;1275;1097;1096;18.33;23370.75;20108.01;20089.68;
;ACC05;PETR4;1;9293;9293;9293;14.00;130102.00;130102.00;130102.00;
;ACC09;LREN3;1;3409;3409;3409;14.62;49839.58;49839.58;49839.58;
;ACC01;WEGE3;2;3237;3237;3237;14.91;48263.67;48263.67;48263.67;
;ACC06;B3SA3;1;2696;1698;1697;16.79;45265.84;28509.42;28492.63;
;ACC09;ABEV3;1;4438;4438;4438;15.37;68212.06;68212.06;68212.06;
;ACC05;BBAS3;1;6677;6677;6677;11.09;74047.93;74047.93;74047.93;
;ACC07;PETR4;1;3713;3713;3713;11.20;41585.60;41585.60;41585.60;
;ACC07;ITUB4;2;4556;2957;2956;15.96;72713.76;47193.72;47177.76;
;ACC08;WEGE3;1;8082;8082;8082;14.97;120987.54;120987.54;120987.54;
;ACC07;PETR4;2;2802;2802;2802;11.80;33063.60;33063.60;33063.60;
;ACC05;ITUB4;1;2305;2305;2305;18.92;43610.60;43610.60;43610.60;
;ACC10;BBAS3;1;6444;2932;2931;14.12;90989.28;41399.84;41385.72;
;ACC03;LREN3;1;2746;2746;2746;19.46;53437.16;53437.16;53437.16;
;ACC09;WEGE3;2;1619;1619;1619;15.19;24592.61;24592.61;24592.61;
;ACC07;BBAS3;1;9528;9528;9528;12.22;116432.16;116432.16;116432.16;
;ACC01;WEGE3;2;1679;1293;1292;15.75;26444.25;20364.75;20349.00;
;ACC05;BBDC4;2;1239;1239;1239;11.97;14830.83;14830.83;14830.83;
;ACC04;ABEV3;2;5500;5500;5500;10.96;60280.00;60280.00;60280.00;
;ACC01;WEGE3;2;1227;1227;1227;14.48;17766.96;17766.96;17766.96;
;ACC05;VALE3;1;1549;858;857;18.76;29059.24;16096.08;16077.32;
;ACC02;B3SA3;1;4184;4184;4184;17.69;74014.96;74014.96;74014.96;
;ACC09;LREN3;2;2721;2721;2721;14.44;39291.24;39291.24;39291.24;
;ACC05;LREN3;1;1161;1100;1099;17.74;20596.14;19514.00;19496.26;
;ACC01;MGLU3;1;8109;8109;8109;11.26;91307.34;91307.34;91307.34;
;ACC09;LREN3;1;8267;8267;8267;14.37;118796.79;118796.79;118796.79;
;ACC03;ITUB4;2;5456;5456;5456;10.58;57724.48;57724.48;57724.48;
;ACC08;BBAS3;1;2975;1873;1872;16.78;49920.50;31428.94;31412.16;
;ACC02;LREN3;2;6743;6743;6743;13.66;92109.38;92109.38;92109.38;
;ACC08;ITUB4;2;4017;4017;4017;14.76;59290.92;59290.92;59290.92;
;ACC08;BBDC4;2;5936;5936;5936;19.54;115989.44;115989.44;115989.44;
;ACC09;WEGE3;2;4669;474;473;15.23;71108.87;7219.02;7203.79;
;ACC10;LREN3;2;9748;9748;9748;10.53;102646.44;102646.44;102646.44;
;ACC02;WEGE3;2;6089;6089;6089;12.49;76051.61;76051.61;76051.61;
;ACC09;VALE3;1;6733;895;894;16.49;111027.17;14758.55;14742.06;
;ACC07;WEGE3;2;7398;7398;7398;13.10;96913.80;96913.80;96913.80;
;ACC09;VALE3;1;1048;1048;1048;19.85;20802.80;20802.80;20802.80;
;ACC07;WEGE3;1;9888;9888;9888;14.93;147627.84;147627.84;147627.84;
;ACC09;B3SA3;1;6649;5578;5577;10.19;67753.31;56839.82;56829.63;
;ACC03;MGLU3;1;4891;4891;4891;12.44;60844.04;60844.04;60844.04;
;ACC03;VALE3;1;8980;8980;8980;12.28;110274.40;110274.40;110274.40;
;ACC06;WEGE3;2;9315;9315;9315;12.38;115319.70;115319.70;115319.70;
;ACC06;ITUB4;1;4974;819;818;15.58;77494.92;12760.02;12744.44;
;ACC05;BBDC4;1;6346;6346;6346;18.84;119558.64;119558.64;119558.64;
;ACC05;LREN3;2;5328;5328;5328;15.43;82211.04;82211.04;82211.04;
;ACC08;ITUB4;1;6537;6537;6537;18.99;124137.63;124137.63;124137.63;
;ACC03;WEGE3;1;4209;2524;2523;14.81;62335.29;37380.44;37365.63;
;ACC06;PETR4;1;5967;5967;5967;10.54;62892.18;62892.18;62892.18;
;ACC04;BBDC4;1;1654;1654;1654;11.35;18772.90;18772.90;18772.90;
;ACC06;MGLU3;1;2948;99;98;12.66;37321.68;1253.34;1240.68;
;ACC04;VALE3;1;9928;9928;9928;19.35;192106.80;192106.80;192106.80;
;ACC02;WEGE3;1;6860;6860;6860;14.53;99675.80;99675.80;99675.80;
;ACC09;B3SA3;1;8796;8796;8796;14.51;127629.96;127629.96;127629.96;
;ACC07;BBDC4;1;9729;7628;7627;11.26;109548.54;85891.28;85880.02;
;ACC09;MGLU3;1;7670;7670;7670;12.92;99096.40;99096.40;99096.40;
;ACC02;BBDC4;1;8826;8826;8826;13.89;122593.14;122593.14;122593.14;
;ACC01;B3SA3;1;1276;1276;1276;13.20;16843.20;16843.20;16843.20;
;ACC02;ITUB4;1;9549;7399;7398;16.27;155362.23;120381.73;120365.46;
;ACC10;BBDC4;1;2324;2324;2324;10.88;25285.12;25285.12;25285.12;
;ACC05;ABEV3;1;5903;5903;5903;15.85;93562.55;93562.55;93562.55;
;ACC08;BBAS3;2;7373;7373;7373;17.97;132492.81;132492.81;132492.81;
;ACC05;WEGE3;1;2766;2613;2612;13.99;38696.34;36555.87;36541.88;
;ACC08;PETR4;1;2944;2944;2944;16.63;48958.72;48958.72;48958.72;
;ACC05;BBAS3;1;5912;5912;5912;12.71;75141.52;75141.52;75141.52;
;ACC03;B3SA3;1;5081;5081;5081;16.25;82566.25;82566.25;82566.25;
;ACC07;PETR4;2;7189;3275;3274;17.23;123866.47;56428.25;56411.02;
;ACC04;ITUB4;1;8432;8432;8432;15.16;127829.12;127829.12;127829.12;
;ACC08;WEGE3;1;1856;1856;1856;15.32;28433.92;28433.92;28433.92;
;ACC05;LREN3;1;7445;7216;7215;11.53;85840.85;83200.48;83188.95;
;ACC05;B3SA3;2;4075;4075;4075;14.85;60513.75;60513.75;60513.75;
;ACC03;B3SA3;2;9751;9751;9751;13.77;134271.27;134271.27;134271.27;
;ACC06;ITUB4;2;8174;8174;8174;16.68;136342.32;136342.32;136342.32;
;ACC05;ABEV3;2;4521;2850;2849;12.22;55246.62;34827.00;34814.78;
;ACC10;B3SA3;2;6165;6165;6165;13.42;82734.30;82734.30;82734.30;
;ACC05;MGLU3;2;6146;6146;6146;13.78;84691.88;84691.88;84691.88;
;ACC08;VALE3;2;3233;3065;3064;17.12;55348.96;52472.80;52455.68;
;ACC06;ABEV3;1;8909;6380;6379;19.47;173458.23;124218.60;124199.13;
;ACC01;PETR4;2;3216;3216;3216;18.17;58434.72;58434.72;58434.72;
;ACC04;PETR4;2;1851;1851;1851;12.54;23211.54;23211.54;23211.54;
;ACC01;BBAS3;1;6696;3377;3376;10.24;68567.04;34580.48;34570.24;
;ACC06;LREN3;2;6790;2152;2151;19.69;133695.10;42372.88;42353.19;
;ACC10;LREN3;1;4573;1719;1718;13.26;60637.98;22793.94;22780.68;
;ACC04;BBDC4;1;2436;2436;2436;10.20;24847.20;24847.20;24847.20;
;ACC08;PETR4;2;8527;1352;1351;17.77;151524.79;24025.04;24007.27;
;ACC07;LREN3;2;2083;2083;2083;10.31;21475.73;21475.73;21475.73;
;ACC02;WEGE3;2;2586;2586;2586;16.31;42177.66;42177.66;42177.66;
;ACC07;ABEV3;2;8711;8711;8711;16.78;146170.58;146170.58;146170.58;
;ACC07;MGLU3;2;9638;7899;7898;10.33;99560.54;81596.67;81586.34;
;ACC09;VALE3;1;3447;834;833;13.56;46741.32;11309.04;11295.48;
;ACC04;VALE3;1;2069;2069;2069;15.06;31159.14;31159.14;31159.14;
;ACC10;VALE3;2;8063;7707;7706;17.72;142876.36;136568.04;136550.32;
;ACC07;ITUB4;2;3465;3465;3465;19.04;65973.60;65973.60;65973.60;
;ACC03;ITUB4;2;4506;4506;4506;10.39;46817.34;46817.34;46817.34;
;ACC03;BBDC4;1;5528;4805;4804;12.37;68381.36;59437.85;59425.48;
;ACC08;ABEV3;1;8348;7210;7209;17.69;147676.12;127544.90;127527.21;
;ACC02;ITUB4;1;6848;944;943;18.27;125112.96;17246.88;17228.61;
;ACC01;ITUB4;2;4454;4454;4454;12.61;56164.94;56164.94;56164.94;
;ACC06;ABEV3;1;2370;1609;1608;10.21;24197.70;16427.89;16417.68;
;ACC03;ITUB4;1;6366;6366;6366;18.91;120381.06;120381.06;120381.06;
;ACC03;MGLU3;1;7765;7765;7765;15.28;118649.20;118649.20;118649.20;
;ACC05;WEGE3;1;1795;1344;1343;15.93;28594.35;21409.92;21393.99;
;ACC01;BBAS3;2;4667;4667;4667;18.83;87879.61;87879.61;87879.61;
;ACC07;VALE3;2;8886;1605;1604;19.45;172832.70;31217.25;31197.80;
;ACC07;VALE3;1;2894;1994;1993;19.19;55535.86;38264.86;38245.67;
;ACC10;BBAS3;2;2396;2396;2396;15.73;37689.08;37689.08;37689.08;
;ACC01;BBAS3;1;9555;9555;9555;12.80;122304.00;122304.00;122304.00;
;ACC07;PETR4;2;2274;2274;2274;10.86;24695.64;24695.64;24695.64;
;ACC10;B3SA3;1;6355;1268;1267;14.53;92338.15;18424.04;18409.51;
;ACC05;B3SA3;2;6405;933;932;16.91;108308.55;15777.03;15760.12;
;ACC05;BBDC4;1;4287;722;721;16.35;70092.45;11804.70;11788.35;
;ACC01;B3SA3;2;5032;5032;5032;11.67;58723.44;58723.44;58723.44;
;ACC04;BBAS3;1;6639;6639;6639;15.80;104896.20;104896.20;104896.20;
;ACC06;WEGE3;1;4703;4703;4703;12.55;59022.65;59022.65;59022.65;
;ACC09;LREN3;1;8509;642;641;19.37;164819.33;12435.54;12416.17;
;ACC04;ABEV3;2;3878;1713;1712;14.94;57937.32;25592.22;25577.28;
;ACC02;PETR4;1;7490;5098;5097;10.86;81341.40;55364.28;55353.42;
;ACC07;VALE3;2;7494;7494;7494;11.20;83932.80;83932.80;83932.80;
;ACC09;VALE3;1;9584;9584;9584;17.81;170691.04;170691.04;170691.04;
;ACC08;ABEV3;2;8376;8376;8376;13.24;110898.24;110898.24;110898.24;
;ACC05;LREN3;1;6588;1702;1701;14.29;94142.52;24321.58;24307.29;
;ACC03;ABEV3;1;8032;7210;7209;16.55;132929.60;119325.50;119308.95;
;ACC08;PETR4;2;7270;3629;3628;14.04;102070.80;50951.16;50937.12;
;ACC05;BBAS3;1;2331;2331;2331;10.58;24661.98;24661.98;24661.98;
;ACC07;ITUB4;2;2296;2296;2296;14.86;34118.56;34118.56;34118.56;
;ACC08;ABEV3;1;2377;2377;2377;18.68;44402.36;44402.36;44402.36;
;ACC08;LREN3;1;6965;1487;1486;14.49;100922.85;21546.63;21532.14;
;ACC01;LREN3;2;7664;2732;2731;19.91;152590.24;54394.12;54374.21;
;ACC09;VALE3;1;6756;5376;5375;15.60;105393.60;83865.60;83850.00;
;ACC02;LREN3;2;5739;5739;5739;15.31;87864.09;87864.09;87864.09;
;ACC09;PETR4;2;1167;188;187;17.35;20247.45;3261.80;3244.45;
;ACC08;PETR4;1;6518;6518;6518;17.26;112500.68;112500.68;112500.68;
;ACC02;VALE3;1;8786;8786;8786;14.09;123794.74;123794.74;123794.74;
;ACC03;PETR4;1;2738;2177;2176;17.67;48380.46;38467.59;38449.92;
;ACC08;PETR4;1;7938;7938;7938;12.73;101050.74;101050.74;101050.74;
;ACC09;BBDC4;1;3344;570;569;15.29;51129.76;8715.30;8700.01;
;ACC07;BBAS3;2;3076;2402;2401;11.26;34635.76;27046.52;27035.26;
;ACC10;BBDC4;1;7598;5421;5420;19.40;147401.20;105167.40;105148.00;
;ACC02;PETR4;1;7854;3406;3405;18.25;143335.50;62159.50;62141.25;
;ACC06;ITUB4;2;4458;4458;4458;10.78;48057.24;48057.24;48057.24;
;ACC02;BBAS3;2;8800;8800;8800;11.63;102344.00;102344.00;102344.00;
;ACC05;ITUB4;1;2640;2640;2640;16.06;42398.40;42398.40;42398.40;
;ACC04;PETR4;2;6151;3164;3163;16.79;103275.29;53123.56;53106.77;
;ACC08;LREN3;2;3141;2608;2607;16.30;51198.30;42510.40;42494.10;
;ACC04;ITUB4;1;1676;1676;1676;10.30;17262.80;17262.80;17262.80;
;ACC08;VALE3;1;3895;2964;2963;16.51;64306.45;48935.64;48919.13;
;ACC08;WEGE3;1;1722;1722;1722;14.66;25244.52;25244.52;25244.52;
;ACC01;LREN3;2;5453;3650;3649;14.70;80159.10;53655.00;53640.30;
;ACC05;WEGE3;2;2955;2955;2955;17.95;53042.25;53042.25;53042.25;
;ACC04;WEGE3;1;7636;7636;7636;17.62;134546.32;134546.32;134546.32;
;ACC10;PETR4;1;2210;864;863;12.92;28553.20;11162.88;11149.96;
;ACC01;ITUB4;1;6525;6525;6525;12.44;81171.00;81171.00;81171.00;
;ACC05;BBDC4;1;7058;3054;3053;19.94;140736.52;60896.76;60876.82;
;ACC05;LREN3;2;2412;2412;2412;14.88;35890.56;35890.56;35890.56;
;ACC01;ITUB4;2;2101;1585;1584;11.09;23300.09;17577.65;17566.56;
;ACC01;ITUB4;2;4039;4039;4039;11.89;48023.71;48023.71;48023.71;
;ACC07;ITUB4;2;5136;5136;5136;17.99;92396.64;92396.64;92396.64;
;ACC03;BBDC4;2;2090;1498;1497;11.61;24264.90;17391.78;17380.17;
;ACC05;ITUB4;2;3189;3189;3189;19.98;63716.22;63716.22;63716.22;
;ACC09;ITUB4;1;3360;3360;3360;11.61;39009.60;39009.60;39009.60;
;ACC07;BBAS3;2;5819;5819;5819;15.16;88216.04;88216.04;88216.04;
;ACC07;LREN3;2;9540;5435;5434;16.40;156456.00;89134.00;89117.60;
;ACC09;LREN3;2;9271;9271;9271;17.20;159461.20;159461.20;159461.20;
;ACC09;WEGE3;1;4160;4160;4160;19.58;81452.80;81452.80;81452.80;
;ACC05;ABEV3;1;1462;1462;1462;18.74;27397.88;27397.88;27397.88;
;ACC05;ITUB4;2;9353;9353;9353;11.03;103163.59;103163.59;103163.59;
;ACC08;WEGE3;2;2656;1933;1932;11.71;31101.76;22635.43;22623.72;
;ACC03;BBDC4;2;8279;8279;8279;13.15;108868.85;108868.85;108868.85;
;ACC08;B3SA3;2;1287;1287;1287;18.18;23397.66;23397.66;23397.66;
;ACC02;ABEV3;1;4500;3452;3451;12.59;56655.00;43460.68;43448.09;
;ACC05;B3SA3;2;1900;1900;1900;11.74;22306.00;22306.00;22306.00;
;ACC01;B3SA3;2;8540;8540;8540;18.37;156879.80;156879.80;156879.80;
;ACC02;B3SA3;1;3633;1227;1226;13.14;47737.62;16122.78;16109.64;
;ACC08;PETR4;2;9438;9438;9438;19.68;185739.84;185739.84;185739.84;
;ACC08;VALE3;1;6708;6708;6708;13.01;87271.08;87271.08;87271.08;
;ACC02;BBDC4;1;6301;6301;6301;15.31;96468.31;96468.31;96468.31;
;ACC07;ABEV3;1;7103;7103;7103;18.98;134814.94;134814.94;134814.94;
;ACC08;VALE3;1;8514;3869;3868;15.23;129668.22;58924.87;58909.64;
;ACC02;LREN3;2;7325;7325;7325;18.35;134413.75;134413.75;134413.75;
;ACC03;MGLU3;1;2211;2211;2211;12.64;27947.04;27947.04;27947.04;
;ACC07;B3SA3;1;3343;3343;3343;11.88;39714.84;39714.84;39714.84;
;ACC05;BBDC4;2;6506;508;507;15.56;101233.36;7904.48;7888.92;
;ACC01;VALE3;1;8797;8797;8797;10.73;94391.81;94391.81;94391.81;
;ACC10;VALE3;1;3887;3887;3887;10.72;41668.64;41668.64;41668.64;
;ACC10;BBDC4;1;1501;1501;1501;10.19;15295.19;15295.19;15295.19;
;ACC10;ITUB4;2;3105;2023;2022;10.03;31143.15;20290.69;20280.66;
;ACC05;ABEV3;1;3558;3558;3558;11.04;39280.32;39280.32;39280.32;
;ACC04;ITUB4;1;3614;3614;3614;18.22;65847.08;65847.08;65847.08;
;ACC05;WEGE3;1;3138;3138;3138;15.10;47383.80;47383.80;47383.80;
;ACC02;VALE3;2;2589;2589;2589;11.74;30394.86;30394.86;30394.86;
;ACC01;WEGE3;2;5900;5900;5900;11.00;64900.00;64900.00;64900.00;
;ACC03;PETR4;1;2759;2759;2759;13.53;37329.27;37329.27;37329.27;
;ACC06;BBDC4;2;4948;4948;4948;10.11;50024.28;50024.28;50024.28;
;ACC10;MGLU3;2;5871;4251;4250;19.13;112312.23;81321.63;81302.50;
;ACC09;WEGE3;2;5522;5522;5522;17.45;96358.90;96358.90;96358.90;
;ACC03;LREN3;1;8338;8338;8338;14.28;119066.64;119066.64;119066.64;
;ACC09;ABEV3;1;4178;4178;4178;11.98;50052.44;50052.44;50052.44;
;ACC04;BBDC4;1;2865;2865;2865;18.47;52916.55;52916.55;52916.55;
;ACC10;ITUB4;1;4578;4578;4578;14.57;66701.46;66701.46;66701.46;
;ACC05;BBAS3;1;6535;3015;3014;17.92;117107.20;54028.80;54010.88;
;ACC02;BBAS3;1;3125;3125;3125;18.72;58500.00;58500.00;58500.00;
;ACC05;BBAS3;2;1444;1444;1444;17.95;25919.80;25919.80;25919.80;
;ACC03;MGLU3;1;4723;4723;4723;15.50;73206.50;73206.50;73206.50;
;ACC02;ABEV3;1;5714;5714;5714;14.06;80338.84;80338.84;80338.84;
;ACC05;WEGE3;1;8659;8659;8659;11.78;102003.02;102003.02;102003.02;
;ACC08;ABEV3;1;7685;3060;3059;19.46;149550.10;59547.60;59528.14;
;ACC05;VALE3;1;7237;7237;7237;14.25;103127.25;103127.25;103127.25;
;ACC02;PETR4;2;9985;9985;9985;13.04;130204.40;130204.40;130204.40;
;ACC02;ABEV3;1;9363;9363;9363;10.69;100090.47;100090.47;100090.47;
;ACC09;ITUB4;2;4204;4204;4204;10.58;44478.32;44478.32;44478.32;
;ACC02;BBAS3;1;9155;9155;9155;11.45;104824.75;104824.75;104824.75;
;ACC06;B3SA3;2;7208;1804;1803;11.18;80585.44;20168.72;20157.54;
;ACC04;BBDC4;1;6291;6291;6291;14.43;90779.13;90779.13;90779.13;
;ACC06;WEGE3;2;3874;3874;3874;19.48;75465.52;75465.52;75465.52;
;ACC07;LREN3;2;7698;7698;7698;18.96;145954.08;145954.08;145954.08;
;ACC08;WEGE3;2;2367;2367;2367;18.15;42961.05;42961.05;42961.05;
;ACC10;WEGE3;1;4368;4368;4368;16.66;72770.88;72770.88;72770.88;
;ACC08;PETR4;2;2992;1671;1670;19.28;57685.76;32216.88;32197.60;
;ACC02;BBAS3;2;1933;1933;1933;14.66;28337.78;28337.78;28337.78;
;ACC09;PETR4;2;1709;1709;1709;17.55;29992.95;29992.95;29992.95;
;ACC08;BBAS3;2;2490;2490;2490;17.10;42579.00;42579.00;42579.00;
;ACC09;BBAS3;2;8394;8394;8394;16.77;140767.38;140767.38;140767.38;
;ACC07;WEGE3;1;3182;3182;3182;11.80;37547.60;37547.60;37547.60;
;ACC08;ABEV3;1;8752;2442;2441;17.81;155873.12;43492.02;43474.21;
;ACC01;ITUB4;2;3785;3785;3785;14.89;56358.65;56358.65;56358.65;
;ACC06;PETR4;1;8529;8529;8529;18.87;160942.23;160942.23;160942.23;
;ACC04;B3SA3;2;4867;4867;4867;12.02;58501.34;58501.34;58501.34;
;ACC04;PETR4;2;3114;3114;3114;14.91;46429.74;46429.74;46429.74;
;ACC03;WEGE3;2;5826;5826;5826;18.29;106557.54;106557.54;106557.54;
;ACC06;ABEV3;2;5909;3065;3064;15.21;89875.89;46618.65;46603.44;
;ACC04;PETR4;2;5739;5739;5739;19.97;114607.83;114607.83;114607.83;
;ACC02;BBAS3;1;5320;5320;5320;17.29;91982.80;91982.80;91982.80;
;ACC06;BBDC4;1;4299;4299;4299;10.91;46902.09;46902.09;46902.09;
;ACC10;WEGE3;2;8437;8437;8437;11.46;96688.02;96688.02;96688.02;
;ACC04;MGLU3;1;1219;1219;1219;16.83;20515.77;20515.77;20515.77;
;ACC10;LREN3;1;1501;1501;1501;19.90;29869.90;29869.90;29869.90;
;ACC03;ITUB4;1;7428;3623;3622;13.24;98346.72;47968.52;47955.28;
;ACC04;PETR4;1;6779;6779;6779;15.62;105887.98;105887.98;105887.98;
;ACC04;ABEV3;1;3512;3512;3512;14.47;50818.64;50818.64;50818.64;
;ACC08;MGLU3;1;6813;6813;6813;14.75;100491.75;100491.75;100491.75;
;ACC10;BBAS3;2;2866;2866;2866;19.16;54912.56;54912.56;54912.56;
;ACC02;LREN3;1;1568;1568;1568;17.27;27079.36;27079.36;27079.36;
;ACC01;B3SA3;2;5322;5322;5322;12.66;67376.52;67376.52;67376.52;
;ACC04;ITUB4;2;3367;2822;2821;10.00;33670.00;28220.00;28210.00;
;ACC10;MGLU3;2;4816;4816;4816;13.91;66990.56;66990.56;66990.56;
;ACC09;MGLU3;2;5002;5002;5002;15.70;78531.40;78531.40;78531.40;
;ACC05;LREN3;1;4519;4519;4519;10.63;48036.97;48036.97;48036.97;
;ACC04;WEGE3;1;2553;2553;2553;16.32;41664.96;41664.96;41664.96;
;ACC04;BBDC4;2;1077;1077;1077;14.25;15347.25;15347.25;15347.25;
;ACC07;BBDC4;2;1844;1844;1844;19.45;35865.80;35865.80;35865.80;
;ACC05;WEGE3;1;7585;3380;3379;11.50;87227.50;38870.00;38858.50;
;ACC07;PETR4;2;2139;2139;2139;13.14;28106.46;28106.46;28106.46;
;ACC03;PETR4;1;1961;1961;1961;13.69;26846.09;26846.09;26846.09;
;ACC10;ABEV3;2;9505;9505;9505;19.17;182210.85;182210.85;182210.85;
;ACC07;BBAS3;2;2185;2185;2185;16.17;35331.45;35331.45;35331.45;
;ACC08;LREN3;1;9480;9480;9480;15.42;146181.60;146181.60;146181.60;
;ACC06;ITUB4;1;1828;1828;1828;16.47;30107.16;30107.16;30107.16;
;ACC06;BBAS3;1;6405;2049;2048;13.70;87748.50;28071.30;28057.60;
;ACC04;BBAS3;2;4858;4858;4858;15.03;73015.74;73015.74;73015.74;
;ACC04;ABEV3;2;8892;8892;8892;16.78;149207.76;149207.76;149207.76;
;ACC04;MGLU3;2;7348;7348;7348;10.06;73920.88;73920.88;73920.88;
;ACC04;VALE3;1;2483;1319;1318;14.74;36599.42;19442.06;19427.32;
;ACC01;BBAS3;1;1940;1940;1940;17.67;34279.80;34279.80;34279.80;
;ACC09;BBDC4;1;8591;8591;8591;18.77;161253.07;161253.07;161253.07;
;ACC10;VALE3;1;8050;4579;4578;10.23;82351.50;46843.17;46832.94;
;ACC07;MGLU3;2;1904;1904;1904;15.22;28978.88;28978.88;28978.88;
;ACC02;BBDC4;2;5572;5572;5572;18.31;102023.32;102023.32;102023.32;
;ACC07;B3SA3;1;5997;1701;1700;16.90;101349.30;28746.90;28730.00;
;ACC03;BBDC4;2;5445;5445;5445;13.73;74759.85;74759.85;74759.85;
;ACC07;ABEV3;1;7782;7782;7782;11.37;88481.34;88481.34;88481.34;
;ACC08;MGLU3;1;2075;2075;2075;13.72;28469.00;28469.00;28469.00;
;ACC02;ITUB4;2;7811;7811;7811;16.97;132552.67;132552.67;132552.67;
;ACC01;BBDC4;2;7081;3140;3139;19.21;136026.01;60319.40;60300.19;
;ACC07;ITUB4;1;3287;3287;3287;18.09;59461.83;59461.83;59461.83;
;ACC07;B3SA3;1;9419;9419;9419;11.96;112651.24;112651.24;112651.24;
;ACC07;VALE3;1;4992;2015;2014;11.56;57707.52;23293.40;23281.84;
;ACC01;ITUB4;2;9227;9227;9227;13.45;124103.15;124103.15;124103.15;
;ACC05;WEGE3;1;7259;7259;7259;15.01;108957.59;108957.59;108957.59;
;ACC05;VALE3;2;7216;7216;7216;19.84;143165.44;143165.44;143165.44;
;ACC01;WEGE3;2;1477;1477;1477;19.41;28668.57;28668.57;28668.57;
;ACC04;ABEV3;1;3229;363;362;16.35;52794.15;5935.05;5918.70;
;ACC09;WEGE3;1;7950;7950;7950;17.32;137694.00;137694.00;137694.00;
;ACC02;LREN3;1;6642;6642;6642;11.63;77246.46;77246.46;77246.46;
;ACC01;PETR4;2;9894;6623;6622;11.25;111307.50;74508.75;74497.50;
;ACC08;BBDC4;1;8602;8602;8602;16.08;138320.16;138320.16;138320.16;
;ACC10;BBAS3;1;8902;8902;8902;19.83;176526.66;176526.66;176526.66;
;ACC05;BBAS3;1;3589;3589;3589;17.65;63345.85;63345.85;63345.85;
;ACC04;MGLU3;2;6634;6634;6634;11.44;75892.96;75892.96;75892.96;
;ACC04;ITUB4;2;1395;1395;1395;11.71;16335.45;16335.45;16335.45;
;ACC08;ABEV3;2;1161;726;725;10.48;12167.28;7608.48;7598.00;
;ACC07;B3SA3;1;5527;5527;5527;16.40;90642.80;90642.80;90642.80;
;ACC10;BBDC4;1;8128;3606;3605;13.81;112247.68;49798.86;49785.05;
;ACC03;WEGE3;1;9205;9205;9205;13.91;128041.55;128041.55;128041.55;
;ACC01;BBDC4;1;9237;9237;9237;19.56;180675.72;180675.72;180675.72;
;ACC04;WEGE3;2;2741;1974;1973;11.94;32727.54;23569.56;23557.62;
;ACC02;LREN3;2;9872;9872;9872;18.12;178880.64;178880.64;178880.64;
;ACC04;PETR4;2;6674;4328;4327;13.01;86828.74;56307.28;56294.27;
;ACC04;WEGE3;1;2945;2692;2691;13.98;41171.10;37634.16;37620.18;
;ACC03;BBDC4;1;7818;7818;7818;18.11;141583.98;141583.98;141583.98;
;ACC03;BBDC4;1;6440;1588;1587;12.11;77988.40;19230.68;19218.57;
;ACC02;BBAS3;2;9472;9472;9472;12.20;115558.40;115558.40;115558.40;
;ACC04;ITUB4;1;4917;2837;2836;11.26;55365.42;31944.62;31933.36;
;ACC10;BBAS3;1;4854;4670;4669;16.66;80867.64;77802.20;77785.54;
;ACC02;PETR4;2;9773;9773;9773;16.56;161840.88;161840.88;161840.88;
;ACC08;B3SA3;1;7450;6043;6042;19.42;144679.00;117355.06;117335.64;
;ACC04;ABEV3;2;2606;2606;2606;18.73;48810.38;48810.38;48810.38;
;ACC07;LREN3;1;9415;4305;4304;15.54;146309.10;66899.70;66884.16;
;ACC06;B3SA3;2;6148;2419;2418;15.98;98245.04;38655.62;38639.64;
;ACC05;ABEV3;2;5456;5456;5456;11.06;60343.36;60343.36;60343.36;
;ACC04;B3SA3;2;2423;2108;2107;11.62;28155.26;24494.96;24483.34;
;ACC09;ABEV3;1;9811;9811;9811;11.85;116260.35;116260.35;116260.35;
;ACC10;ABEV3;2;4764;2833;2832;12.93;61598.52;36630.69;36617.76;
;ACC09;PETR4;2;6615;6615;6615;13.42;88773.30;88773.30;88773.30;
;ACC05;ABEV3;1;5152;2220;2219;10.23;52704.96;22710.60;22700.37;
;ACC04;BBDC4;1;8766;8766;8766;17.76;155684.16;155684.16;155684.16;
;ACC05;ITUB4;2;3211;3211;3211;16.35;52499.85;52499.85;52499.85;
;ACC01;MGLU3;1;5964;2356;2355;12.21;72820.44;28766.76;28754.55;
;ACC09;ITUB4;1;4672;3203;3202;12.29;57418.88;39364.87;39352.58;
;ACC03;BBDC4;1;7840;7840;7840;14.59;114385.60;114385.60;114385.60;
;ACC01;PETR4;2;3186;753;752;13.96;44476.56;10511.88;10497.92;
;ACC04;BBAS3;1;2077;1375;1374;19.84;41207.68;27280.00;27260.16;
;ACC09;MGLU3;2;6059;6059;6059;11.02;66770.18;66770.18;66770.18;
;ACC06;BBAS3;2;2644;2644;2644;13.73;36302.12;36302.12;36302.12;
;ACC03;LREN3;2;4947;668;667;10.65;52685.55;7114.20;7103.55;
;ACC10;B3SA3;2;9222;4118;4117;15.70;144785.40;64652.60;64636.90;
;ACC04;ABEV3;2;2351;2351;2351;10.07;23674.57;23674.57;23674.57;
;ACC03;MGLU3;1;4028;1648;1647;18.43;74236.04;30372.64;30354.21;
;ACC10;ITUB4;2;3162;1186;1185;12.68;40094.16;15038.48;15025.80;
;ACC08;BBDC4;2;1768;1768;1768;17.98;31788.64;31788.64;31788.64;
;ACC03;B3SA3;1;1993;1993;1993;11.24;22401.32;22401.32;22401.32;
;ACC07;MGLU3;1;7731;7476;7475;18.56;143487.36;138754.56;138736.00;
;ACC07;PETR4;2;6664;4573;4572;12.02;80101.28;54967.46;54955.44;
;ACC05;WEGE3;1;4278;2925;2924;17.46;74693.88;51070.50;51053.04;
;ACC06;B3SA3;2;3024;3024;3024;15.97;48293.28;48293.28;48293.28;
;ACC05;B3SA3;2;1737;1195;1194;19.31;33541.47;23075.45;23056.14;
;ACC06;ABEV3;2;1454;1454;1454;18.06;26259.24;26259.24;26259.24;
;ACC05;BBDC4;2;2477;1133;1132;14.53;35990.81;16462.49;16447.96;
;ACC03;ITUB4;2;7423;7423;7423;15.75;116912.25;116912.25;116912.25;
;ACC10;PETR4;1;7752;7189;7188;16.99;131706.48;122141.11;122124.12;
;ACC09;ITUB4;1;5388;5117;5116;14.51;78179.88;74247.67;74233.16;
;ACC04;PETR4;2;9527;9527;9527;15.17;144524.59;144524.59;144524.59;
;ACC03;LREN3;2;7440;6851;6850;15.97;118816.80;109410.47;109394.50;
;ACC03;ITUB4;1;2974;603;602;14.37;42736.38;8665.11;8650.74;
;ACC05;B3SA3;2;9716;9716;9716;12.03;116883.48;116883.48;116883.48;
;ACC07;ITUB4;1;5947;5947;5947;17.57;104488.79;104488.79;104488.79;
;ACC05;WEGE3;1;4513;3556;3555;18.13;81820.69;64470.28;64452.15;
;ACC06;ABEV3;1;4618;4298;4297;12.31;56847.58;52908.38;52896.07;
;ACC05;BBAS3;1;9861;9861;9861;15.80;155803.80;155803.80;155803.80;
;ACC09;BBAS3;1;6508;4484;4483;16.31;106145.48;73134.04;73117.73;
;ACC03;VALE3;1;3978;245;244;10.08;40098.24;2469.60;2459.52;
;ACC07;MGLU3;2;7801;7801;7801;19.06;148687.06;148687.06;148687.06;
;ACC07;BBAS3;2;9745;7243;7242;18.03;175702.35;130591.29;130573.26;
;ACC06;B3SA3;2;3387;3387;3387;14.51;49145.37;49145.37;49145.37;
;ACC06;PETR4;2;3855;2910;2909;18.38;70854.90;53485.80;53467.42;
;ACC08;BBAS3;2;5517;5517;5517;18.71;103223.07;103223.07;103223.07;
;ACC06;BBDC4;2;4847;3903;3902;14.85;71977.95;57959.55;57944.70;
;ACC01;BBAS3;1;4246;2235;2234;19.24;81693.04;43001.40;42982.16;
;ACC04;WEGE3;1;1876;1876;1876;10.16;19060.16;19060.16;19060.16;
;ACC01;WEGE3;1;1836;1461;1460;19.32;35471.52;28226.52;28207.20;
;ACC04;ITUB4;2;8981;246;245;18.41;165340.21;4528.86;4510.45;
;ACC01;B3SA3;1;9612;9612;9612;10.88;104578.56;104578.56;104578.56;
;ACC08;PETR4;2;5608;4485;4484;17.81;99878.48;79877.85;79860.04;
;ACC02;VALE3;2;7509;2930;2929;15.50;116389.50;45415.00;45399.50;
;ACC10;B3SA3;2;3793;3793;3793;19.10;72446.30;72446.30;72446.30;
;ACC01;ABEV3;1;1538;1538;1538;15.89;24438.82;24438.82;24438.82;
;ACC05;ABEV3;2;3809;2912;2911;19.61;74694.49;57104.32;57084.71;
;ACC06;PETR4;2;8301;8301;8301;14.43;119783.43;119783.43;119783.43;
;ACC09;BBAS3;2;1212;1212;1212;12.13;14701.56;14701.56;14701.56;
;ACC03;BBAS3;2;5902;1906;1905;13.27;78319.54;25292.62;25279.35;
;ACC05;BBDC4;2;6074;6074;6074;19.27;117045.98;117045.98;117045.98;
;ACC09;LREN3;1;9691;9691;9691;12.10;117261.10;117261.10;117261.10;
;ACC06;PETR4;1;8769;4424;4423;18.24;159946.56;80693.76;80675.52;
;ACC07;ABEV3;1;4395;4395;4395;10.26;45092.70;45092.70;45092.70;
;ACC07;BBDC4;1;5842;5842;5842;19.24;112400.08;112400.08;112400.08;
;ACC03;WEGE3;1;8787;4659;4658;12.42;109134.54;57864.78;57852.36;
;ACC09;LREN3;2;3465;3465;3465;18.81;65176.65;65176.65;65176.65;
;ACC08;BBDC4;1;7152;311;310;18.45;131954.40;5737.95;5719.50;
;ACC02;MGLU3;2;4750;4750;4750;15.43;73292.50;73292.50;73292.50;
;ACC05;ITUB4;1;5554;2641;2640;11.02;61205.08;29103.82;29092.80;
;ACC06;ITUB4;2;1569;1569;1569;12.73;19973.37;19973.37;19973.37;
;ACC05;PETR4;2;5322;3875;3874;11.63;61894.86;45066.25;45054.62;
;ACC09;WEGE3;1;6492;6492;6492;16.95;110039.40;110039.40;110039.40;
;ACC04;B3SA3;1;2632;2080;2079;16.85;44349.20;35048.00;35031.15;
;ACC02;ABEV3;2;8505;8505;8505;11.60;98658.00;98658.00;98658.00;
;ACC09;VALE3;1;7029;2910;2909;18.34;128911.86;53369.40;53351.06;
;ACC08;ABEV3;2;9211;9211;9211;11.82;108874.02;108874.02;108874.02;
;ACC02;BBDC4;1;6328;5733;5732;10.84;68595.52;62145.72;62134.88;
;ACC06;ABEV3;1;9158;9158;9158;15.26;139751.08;139751.08;139751.08;
;ACC04;MGLU3;1;4645;4645;4645;12.37;57458.65;57458.65;57458.65;
;ACC03;PETR4;2;9933;1840;1839;17.18;170648.94;31611.20;31594.02;
;ACC04;BBDC4;1;9519;1681;1680;18.41;175244.79;30947.21;30928.80;
;ACC10;PETR4;1;4226;4226;4226;16.51;69771.26;69771.26;69771.26;
;ACC09;B3SA3;1;9711;8502;8501;18.05;175283.55;153461.10;153443.05;
;ACC09;BBAS3;2;8583;8583;8583;15.93;136727.19;136727.19;136727.19;
;ACC07;B3SA3;1;2486;1453;1452;17.48;43455.28;25398.44;25380.96;
;ACC07;BBDC4;1;4806;4806;4806;17.19;82615.14;82615.14;82615.14;
;ACC05;WEGE3;2;1963;1484;1483;19.60;38474.80;29086.40;29066.80;
;ACC06;ABEV3;1;6966;6966;6966;15.28;106440.48;106440.48;106440.48;
;ACC09;B3SA3;2;6009;3829;3828;14.49;87070.41;55482.21;55467.72;
;ACC07;ABEV3;2;4233;4233;4233;16.69;70648.77;70648.77;70648.77;
;ACC10;MGLU3;1;2582;1318;1317;15.29;39478.78;20152.22;20136.93;
;ACC03;ITUB4;1;5919;5919;5919;14.04;83102.76;83102.76;83102.76;
;ACC07;VALE3;2;7332;4422;4421;10.22;74933.04;45192.84;45182.62;
;ACC01;BBDC4;2;9118;9118;9118;17.11;156008.98;156008.98;156008.98;
;ACC07;ITUB4;2;1573;1140;1139;17.40;27370.20;19836.00;19818.60;
;ACC06;MGLU3;2;2505;2505;2505;13.46;33717.30;33717.30;33717.30;
;ACC03;BBAS3;1;1743;458;457;14.52;25308.36;6650.16;6635.64;
;ACC02;WEGE3;1;8235;8235;8235;10.47;86220.45;86220.45;86220.45;
;ACC05;B3SA3;1;7272;7272;7272;12.58;91481.76;91481.76;91481.76;
;ACC10;WEGE3;2;9980;1811;1810;15.55;155189.00;28161.05;28145.50;
;ACC10;ABEV3;1;1716;494;493;12.15;20849.40;6002.10;5989.95;
;ACC06;BBDC4;1;2874;2874;2874;14.63;42046.62;42046.62;42046.62;
;ACC09;MGLU3;1;4413;4413;4413;11.95;52735.35;52735.35;52735.35;
;ACC06;ABEV3;2;7467;1038;1037;15.93;118949.31;16535.34;16519.41;
;ACC05;BBAS3;2;7160;6794;6793;17.72;126875.20;120389.68;120371.96;
;ACC04;ITUB4;1;5957;5957;5957;14.74;87806.18;87806.18;87806.18;
;ACC04;PETR4;2;5660;5660;5660;13.39;75787.40;75787.40;75787.40;
;ACC09;BBDC4;2;9463;9461;9460;14.03;132765.89;132737.83;132723.80;
;ACC06;ABEV3;2;8364;4263;4262;12.02;100535.28;51241.26;51229.24;
;ACC06;ABEV3;1;8372;8372;8372;10.71;89664.12;89664.12;89664.12;
;ACC07;WEGE3;2;4967;4967;4967;15.92;79074.64;79074.64;79074.64;
;ACC08;MGLU3;2;3727;1173;1172;17.45;65036.15;20468.85;20451.40;
;ACC05;MGLU3;1;1931;928;927;13.33;25740.23;12370.24;12356.91;
;ACC07;MGLU3;2;6072;6072;6072;12.42;75414.24;75414.24;75414.24;
;ACC07;BBAS3;2;1829;1829;1829;18.94;34641.26;34641.26;34641.26;
;ACC07;WEGE3;1;7682;825;824;13.66;104936.12;11269.50;11255.84;
;ACC09;LREN3;2;3154;1452;1451;17.76;56015.04;25787.52;25769.76;
;ACC06;WEGE3;2;8857;8857;8857;10.68;94592.76;94592.76;94592.76;
;ACC05;ABEV3;1;8443;4549;4548;16.98;143362.14;77242.02;77225.04;
;ACC08;BBDC4;1;3941;3941;3941;10.97;43232.77;43232.77;43232.77;
;ACC02;ITUB4;2;2583;1378;1377;18.86;48715.38;25989.08;25970.22;
;ACC05;LREN3;2;5336;5336;5336;14.29;76251.44;76251.44;76251.44;
;ACC07;LREN3;2;1240;464;463;13.84;17161.60;6421.76;6407.92;
;ACC06;BBAS3;1;5019;1054;1053;18.98;95260.62;20004.92;19985.94;
;ACC02;LREN3;1;7312;7312;7312;15.55;113701.60;113701.60;113701.60;
;ACC07;PETR4;1;5125;5125;5125;15.79;80923.75;80923.75;80923.75;
;ACC01;WEGE3;1;6054;6030;6029;19.48;117931.92;117464.40;117444.92;
;ACC03;WEGE3;1;7223;6944;6943;11.92;86098.16;82772.48;82760.56;
;ACC03;WEGE3;1;8017;8017;8017;17.92;143664.64;143664.64;143664.64;
;ACC03;MGLU3;1;4956;4956;4956;19.59;97088.04;97088.04;97088.04;
;ACC01;WEGE3;2;2822;2021;2020;19.07;53815.54;38540.47;38521.40;
;ACC09;WEGE3;2;7402;5527;5526;19.66;145523.32;108660.82;108641.16;
;ACC03;MGLU3;2;9119;9119;9119;16.63;151648.97;151648.97;151648.97;
;ACC02;ABEV3;1;5751;5751;5751;10.17;58487.67;58487.67;58487.67;
;ACC02;VALE3;1;6635;283;282;10.99;72918.65;3110.17;3099.18;
;ACC03;ITUB4;2;9688;1772;1771;13.50;130788.00;23922.00;23908.50;
;ACC08;BBAS3;1;6212;6212;6212;10.29;63921.48;63921.48;63921.48;
;ACC06;LREN3;2;2374;2374;2374;10.54;25021.96;25021.96;25021.96;
;ACC01;LREN3;1;5481;4742;4741;10.43;57166.83;49459.06;49448.63;
;ACC08;ITUB4;1;8356;4946;4945;13.74;114811.44;67958.04;67944.30;
;ACC02;WEGE3;2;8099;8099;8099;13.74;111280.26;111280.26;111280.26;
;ACC03;BBDC4;2;1408;1408;1408;16.52;23260.16;23260.16;23260.16;
;ACC06;ABEV3;2;3183;2213;2212;16.85;53633.55;37289.05;37272.20;
;ACC08;WEGE3;1;6471;304;303;10.40;67298.40;3161.60;3151.20;
;ACC01;PETR4;1;4265;4265;4265;16.72;71310.80;71310.80;71310.80;
;ACC06;LREN3;1;7165;331;330;11.73;84045.45;3882.63;3870.90;
;ACC01;LREN3;1;9783;9783;9783;15.36;150266.88;150266.88;150266.88;
;ACC06;LREN3;1;6725;3300;3299;19.80;133155.00;65340.00;65320.20;
;ACC01;BBAS3;2;2311;2311;2311;16.15;37322.65;37322.65;37322.65;
;ACC06;LREN3;2;9775;9213;9212;16.27;159039.25;149895.51;149879.24;
;ACC06;BBAS3;1;1265;1265;1265;17.42;22036.30;22036.30;22036.30;
;ACC07;PETR4;1;7342;7342;7342;13.25;97281.50;97281.50;97281.50;
;ACC07;ITUB4;1;2494;1964;1963;13.91;34691.54;27319.24;27305.33;
;ACC07;WEGE3;1;4539;286;285;19.15;86921.85;5476.90;5457.75;
;ACC04;VALE3;2;1176;1176;1176;18.29;21509.04;21509.04;21509.04;
;ACC07;LREN3;1;5233;5233;5233;13.23;69232.59;69232.59;69232.59;
;ACC09;MGLU3;1;4255;1469;1468;14.94;63569.70;21946.86;21931.92;
;ACC06;LREN3;1;8286;8286;8286;15.57;129013.02;129013.02;129013.02;
;ACC07;VALE3;1;4806;252;251;16.20;77857.20;4082.40;4066.20;
;ACC09;WEGE3;2;4880;4880;4880;10.36;50556.80;50556.80;50556.80;
;ACC01;BBAS3;1;6203;3325;3324;16.16;100240.48;53732.00;53715.84;
;ACC10;VALE3;1;3050;3050;3050;10.42;31781.00;31781.00;31781.00;
;ACC01;MGLU3;1;2478;448;447;13.08;32412.24;5859.84;5846.76;
;ACC04;B3SA3;1;8138;8138;8138;10.60;86262.80;86262.80;86262.80;
;ACC10;ABEV3;1;1409;611;610;15.90;22403.10;9714.90;9699.00;
;ACC04;LREN3;1;7182;7182;7182;13.83;99327.06;99327.06;99327.06;
;ACC06;WEGE3;1;3434;709;708;19.71;67684.14;13974.39;13954.68;
;ACC01;ABEV3;2;3535;3535;3535;16.02;56630.70;56630.70;56630.70;
;ACC09;PETR4;2;1085;1085;1085;18.96;20571.60;20571.60;20571.60;
;ACC10;LREN3;2;6366;6366;6366;16.36;104147.76;104147.76;104147.76;
;ACC05;LREN3;2;4060;4060;4060;18.51;75150.60;75150.60;75150.60;
;ACC04;ITUB4;1;3701;2733;2732;17.72;65581.72;48428.76;48411.04;
;ACC05;BBAS3;1;5063;1720;1719;17.62;89210.06;30306.40;30288.78;
;ACC03;ABEV3;2;8185;8185;8185;10.69;87497.65;87497.65;87497.65;
;ACC06;WEGE3;1;4880;4880;4880;11.58;56510.40;56510.40;56510.40;
;ACC05;BBAS3;1;1216;1216;1216;16.93;20586.88;20586.88;20586.88;
;ACC06;BBDC4;1;4800;4800;4800;18.25;87600.00;87600.00;87600.00;
;ACC06;PETR4;2;3683;3683;3683;10.97;40402.51;40402.51;40402.51;
;ACC03;BBDC4;1;4150;1999;1998;19.20;79680.00;38380.80;38361.60;
;ACC10;MGLU3;2;4851;4851;4851;13.80;66943.80;66943.80;66943.80;
;ACC10;ABEV3;1;9863;9863;9863;10.73;105829.99;105829.99;105829.99;
;ACC03;MGLU3;2;4527;4527;4527;12.30;55682.10;55682.10;55682.10;
;ACC10;ITUB4;1;4488;1975;1974;19.66;88234.08;38828.50;38808.84;
;ACC05;MGLU3;2;2513;2513;2513;20.00;50260.00;50260.00;50260.00;
;ACC07;WEGE3;2;6091;4424;4423;17.97;109455.27;79499.28;79481.31;
;ACC05;WEGE3;1;2285;2285;2285;18.82;43003.70;43003.70;43003.70;
;ACC03;PETR4;2;1194;1194;1194;17.41;20787.54;20787.54;20787.54;
;ACC08;ITUB4;2;5557;4674;4673;11.48;63794.36;53657.52;53646.04;
;ACC02;WEGE3;1;8222;8222;8222;10.17;83617.74;83617.74;83617.74;
;ACC10;BBAS3;1;7206;1126;1125;12.85;92597.10;14469.10;14456.25;
;ACC09;LREN3;1;6386;6386;6386;14.61;93299.46;93299.46;93299.46;
;ACC07;BBAS3;2;2954;2307;2306;10.51;31046.54;24246.57;24236.06;
;ACC01;ABEV3;1;7947;7947;7947;11.76;93456.72;93456.72;93456.72;
;ACC03;BBAS3;1;8732;5033;5032;11.62;101465.84;58483.46;58471.84;
;ACC03;B3SA3;2;9090;9090;9090;17.96;163256.40;163256.40;163256.40;
;ACC01;VALE3;1;2692;1601;1600;19.47;52413.24;31171.47;31152.00;
;ACC01;B3SA3;1;9135;9135;9135;17.60;160776.00;160776.00;160776.00;
;ACC05;PETR4;1;4065;955;954;15.65;63617.25;14945.75;14930.10;
;ACC01;PETR4;1;3875;3875;3875;16.60;64325.00;64325.00;64325.00;
;ACC01;BBDC4;1;3779;3779;3779;16.43;62088.97;62088.97;62088.97;
;ACC01;B3SA3;1;6519;3235;3234;11.10;72360.90;35908.50;35897.40;
;ACC01;LREN3;2;6646;6646;6646;18.54;123216.84;123216.84;123216.84;
;ACC10;WEGE3;2;8649;8649;8649;11.67;100933.83;100933.83;100933.83;
;ACC05;MGLU3;2;8342;7250;7249;14.07;117371.94;102007.50;101993.43;
;ACC10;WEGE3;2;1226;487;486;18.96;23244.96;9233.52;9214.56;
;ACC08;MGLU3;1;6918;6918;6918;15.47;107021.46;107021.46;107021.46;
;ACC10;BBAS3;1;4628;4628;4628;13.37;61876.36;61876.36;61876.36;
;ACC04;MGLU3;1;3353;3155;3154;16.69;55961.57;52656.95;52640.26;
;ACC01;MGLU3;2;7407;7407;7407;10.63;78736.41;78736.41;78736.41;
;ACC03;WEGE3;2;4506;4506;4506;13.56;61101.36;61101.36;61101.36;
;ACC04;LREN3;1;6363;930;929;19.65;125032.95;18274.50;18254.85;
;ACC08;ITUB4;2;7435;5147;5146;14.27;106097.45;73447.69;73433.42;
;ACC05;B3SA3;2;6271;6271;6271;15.62;97953.02;97953.02;97953.02;
;ACC08;B3SA3;1;4809;4809;4809;12.08;58092.72;58092.72;58092.72;
;ACC06;B3SA3;2;8340;3208;3207;10.47;87319.80;33587.76;33577.29;
;ACC04;WEGE3;1;2919;2919;2919;12.95;37801.05;37801.05;37801.05;
;ACC04;B3SA3;1;9006;9006;9006;17.44;157064.64;157064.64;157064.64;
;ACC08;PETR4;2;4105;3867;3866;19.28;79144.40;74555.76;74536.48;
;ACC06;MGLU3;1;4751;4751;4751;18.79;89271.29;89271.29;89271.29;
;ACC08;LREN3;2;5848;5848;5848;17.62;103041.76;103041.76;103041.76;
;ACC07;LREN3;2;3543;2781;2780;14.18;50239.74;39434.58;39420.40;
;ACC06;BBAS3;2;2802;2802;2802;17.86;50043.72;50043.72;50043.72;
;ACC08;WEGE3;2;2592;617;616;18.04;46759.68;11130.68;11112.64;
;ACC06;PETR4;2;9576;9576;9576;11.05;105814.80;105814.80;105814.80;
;ACC06;ABEV3;1;7503;738;737;18.82;141206.46;13889.16;13870.34;
;ACC07;LREN3;2;1859;1859;1859;18.83;35004.97;35004.97;35004.97;
;ACC07;B3SA3;2;1334;1334;1334;12.94;17261.96;17261.96;17261.96;
;ACC10;ITUB4;2;7213;471;470;18.83;135820.79;8868.93;8850.10;
;ACC01;ABEV3;1;3064;3064;3064;19.17;58736.88;58736.88;58736.88;
;ACC03;VALE3;1;1596;1596;1596;14.29;22806.84;22806.84;22806.84;
;ACC01;BBAS3;2;7828;6229;6228;11.00;86108.00;68519.00;68508.00;
;ACC09;BBDC4;1;5686;5686;5686;14.89;84664.54;84664.54;84664.54;
;ACC06;BBDC4;1;6432;3517;3516;18.10;116419.20;63657.70;63639.60;
;ACC08;PETR4;1;7488;7488;7488;15.49;115989.12;115989.12;115989.12;
;ACC05;PETR4;1;9606;9606;9606;15.26;146587.56;146587.56;146587.56;
;ACC10;BBDC4;2;1243;999;998;12.92;16059.56;12907.08;12894.16;
;ACC06;PETR4;1;2328;2328;2328;14.22;33104.16;33104.16;33104.16;
;ACC03;BBDC4;1;8089;8089;8089;16.32;132012.48;132012.48;132012.48;
;ACC03;PETR4;2;2453;2453;2453;17.46;42829.38;42829.38;42829.38;
;ACC07;WEGE3;1;1594;750;749;18.09;28835.46;13567.50;13549.41;
;ACC05;MGLU3;2;1415;1415;1415;13.77;19484.55;19484.55;19484.55;
;ACC06;ABEV3;1;6043;2581;2580;14.96;90403.28;38611.76;38596.80;
;ACC01;WEGE3;1;2903;2903;2903;16.90;49060.70;49060.70;49060.70;
;ACC04;PETR4;1;5685;2720;2719;19.25;109436.25;52360.00;52340.75;
;ACC07;BBAS3;2;7604;7604;7604;19.96;151775.84;151775.84;151775.84;
;ACC03;LREN3;2;8527;54;53;15.21;129695.67;821.34;806.13;
;ACC01;B3SA3;2;3061;3061;3061;11.75;35966.75;35966.75;35966.75;
;ACC07;PETR4;2;1880;1629;1628;14.47;27203.60;23571.63;23557.16;
;ACC03;ABEV3;1;2919;2919;2919;10.99;32079.81;32079.81;32079.81;
;ACC03;BBAS3;2;1472;685;684;12.58;18517.76;8617.30;8604.72;
;ACC04;LREN3;1;9418;9418;9418;10.59;99736.62;99736.62;99736.62;
;ACC09;B3SA3;2;5793;3721;3720;18.50;107170.50;68838.50;68820.00;
;ACC04;ABEV3;2;7839;7839;7839;18.22;142826.58;142826.58;142826.58;
;ACC02;BBAS3;2;4199;319;318;19.47;81754.53;6210.93;6191.46;
;ACC01;B3SA3;1;1565;1565;1565;18.69;29249.85;29249.85;29249.85;
;ACC08;WEGE3;1;7367;7367;7367;19.81;145940.27;145940.27;145940.27;
;ACC07;VALE3;1;7650;1495;1494;14.90;113985.00;22275.50;22260.60;
;ACC09;B3SA3;2;6323;4570;4569;13.17;83273.91;60186.90;60173.73;
;ACC05;ABEV3;2;4263;4263;4263;13.21;56314.23;56314.23;56314.23;
;ACC03;B3SA3;1;2931;846;845;10.44;30599.64;8832.24;8821.80;
;ACC09;B3SA3;1;5861;5861;5861;10.25;60075.25;60075.25;60075.25;
;ACC01;B3SA3;1;6668;843;842;11.91;79415.88;10040.13;10028.22;
;ACC01;BBAS3;2;4228;4228;4228;11.83;50017.24;50017.24;50017.24;
;ACC06;MGLU3;1;2688;1548;1547;17.11;45991.68;26486.28;26469.17;
;ACC02;LREN3;2;1754;1754;1754;13.93;24433.22;24433.22;24433.22;
;ACC02;VALE3;2;3671;2932;2931;15.02;55138.42;44038.64;44023.62;
;ACC03;BBAS3;1;8466;8466;8466;17.62;149170.92;149170.92;149170.92;
;ACC03;VALE3;2;4133;130;129;13.18;54472.94;1713.40;1700.22;
;ACC02;LREN3;1;2394;177;176;11.17;26740.98;1977.09;1965.92;
;ACC09;MGLU3;1;9208;9208;9208;17.44;160587.52;160587.52;160587.52;
;ACC08;WEGE3;1;9306;4042;4041;17.38;161738.28;70249.96;70232.58;
;ACC06;BBDC4;1;1607;1607;1607;15.27;24538.89;24538.89;24538.89;
;ACC08;BBDC4;2;1749;998;997;16.68;29173.32;16646.64;16629.96;
;ACC07;VALE3;1;5437;5437;5437;12.45;67690.65;67690.65;67690.65;
;ACC06;VALE3;1;7307;7307;7307;17.50;127872.50;127872.50;127872.50;
;ACC08;PETR4;2;8513;2282;2281;18.04;153574.52;41167.28;41149.24;
;ACC01;MGLU3;2;6316;6033;6032;19.56;123540.96;118005.48;117985.92;
;ACC04;ABEV3;1;8326;8326;8326;14.47;120477.22;120477.22;120477.22;
;ACC02;ITUB4;2;9135;5658;5657;12.33;112634.55;69763.14;69750.81;
;ACC10;B3SA3;1;8972;8972;8972;11.91;106856.52;106856.52;106856.52;
;ACC03;PETR4;1;9303;9303;9303;18.22;169500.66;169500.66;169500.66;
;ACC04;ABEV3;2;8896;2330;2329;13.52;120273.92;31501.60;31488.08;
;ACC09;B3SA3;1;2875;2875;2875;15.78;45367.50;45367.50;45367.50;
;ACC08;LREN3;2;8443;1201;1200;16.96;143193.28;20368.96;20352.00;
;ACC04;LREN3;2;2683;163;162;16.21;43491.43;2642.23;2626.02;
;ACC04;BBAS3;1;3610;3610;3610;16.37;59095.70;59095.70;59095.70;
;ACC06;B3SA3;1;8205;2172;2171;19.38;159012.90;42093.36;42073.98;
;ACC03;WEGE3;1;7004;7004;7004;14.19;99386.76;99386.76;99386.76;
;ACC09;VALE3;2;7401;7401;7401;14.58;107906.58;107906.58;107906.58;
;ACC01;WEGE3;2;6054;2986;2985;13.89;84090.06;41475.54;41461.65;
;ACC09;B3SA3;2;8699;6901;6900;19.28;167716.72;133051.28;133032.00;
;ACC07;ITUB4;2;1150;1150;1150;13.57;15605.50;15605.50;15605.50;
;ACC06;MGLU3;2;2266;1837;1836;16.82;38114.12;30898.34;30881.52;
;ACC05;MGLU3;2;8023;8023;8023;12.55;100688.65;100688.65;100688.65;
;ACC10;B3SA3;2;2549;1761;1760;12.18;31046.82;21448.98;21436.80;
;ACC08;ABEV3;2;1928;1928;1928;16.90;32583.20;32583.20;32583.20;
;ACC07;WEGE3;1;8093;8093;8093;19.37;156761.41;156761.41;156761.41;
;ACC07;PETR4;1;9686;1890;1889;13.88;134441.68;26233.20;26219.32;
;ACC10;PETR4;1;5151;3959;3958;15.87;81746.37;62829.33;62813.46;
;ACC07;PETR4;1;6201;6201;6201;10.42;64614.42;64614.42;64614.42;
;ACC10;PETR4;2;6140;3582;3581;15.64;96029.60;56022.48;56006.84;
;ACC07;B3SA3;2;5753;5753;5753;18.06;103899.18;103899.18;103899.18;
;ACC07;MGLU3;2;2804;2804;2804;12.24;34320.96;34320.96;34320.96;
;ACC01;MGLU3;1;1411;485;484;12.98;18314.78;6295.30;6282.32;
;ACC05;BBAS3;2;7748;4763;4762;15.21;117847.08;72445.23;72430.02;
;ACC03;ABEV3;2;6486;6486;6486;10.74;69659.64;69659.64;69659.64;
;ACC07;ITUB4;1;2832;311;310;12.61;35711.52;3921.71;3909.10;
;ACC06;VALE3;2;4735;4735;4735;10.92;51706.20;51706.20;51706.20;
;ACC05;WEGE3;2;5026;5026;5026;14.90;74887.40;74887.40;74887.40;
;ACC07;ABEV3;2;7432;2507;2506;19.36;143883.52;48535.52;48516.16;
;ACC04;B3SA3;2;6001;6001;6001;16.18;97096.18;97096.18;97096.18;
;ACC01;VALE3;2;2933;646;645;12.28;36017.24;7932.88;7920.60;
;ACC02;WEGE3;1;4679;2734;2733;14.29;66862.91;39068.86;39054.57;
;ACC03;ITUB4;2;2883;2883;2883;10.33;29781.39;29781.39;29781.39;
;ACC01;MGLU3;2;1256;947;946;17.30;21728.80;16383.10;16365.80;
;ACC03;PETR4;1;3837;3837;3837;16.72;64154.64;64154.64;64154.64;
;ACC02;VALE3;2;7649;7649;7649;17.85;136534.65;136534.65;136534.65;
;ACC08;MGLU3;2;7455;79;78;15.59;116223.45;1231.61;1216.02;
;ACC01;ITUB4;1;4314;2600;2599;15.54;67039.56;40404.00;40388.46;
;ACC04;ABEV3;2;6680;6680;6680;18.78;125450.40;125450.40;125450.40;
;ACC06;WEGE3;2;7000;3823;3822;13.42;93940.00;51304.66;51291.24;
;ACC06;BBAS3;2;7844;7844;7844;11.31;88715.64;88715.64;88715.64;
;ACC09;VALE3;1;9346;9346;9346;16.98;158695.08;158695.08;158695.08;
;ACC02;LREN3;2;1868;83;82;11.51;21500.68;955.33;943.82;
;ACC02;ITUB4;1;3984;2962;2961;16.43;65457.12;48665.66;48649.23;
;ACC02;B3SA3;1;1330;1330;1330;14.99;19936.70;19936.70;19936.70;
;ACC07;VALE3;1;5691;5691;5691;13.16;74893.56;74893.56;74893.56;
;ACC06;PETR4;2;6453;4636;4635;19.21;123962.13;89057.56;89038.35;
;ACC10;PETR4;1;7980;7980;7980;13.86;110602.80;110602.80;110602.80;
;ACC03;ITUB4;1;3359;1445;1444;11.79;39602.61;17036.55;17024.76;
;ACC10;MGLU3;2;8548;5639;5638;18.67;159591.16;105280.13;105261.46;
;ACC09;BBDC4;1;8266;8266;8266;17.29;142919.14;142919.14;142919.14;
;ACC01;VALE3;1;9737;9737;9737;19.51;189968.87;189968.87;189968.87;
;ACC02;PETR4;1;4650;3566;3565;16.90;78585.00;60265.40;60248.50;
;ACC07;BBAS3;2;6053;2800;2799;17.79;107682.87;49812.00;49794.21;
;ACC08;VALE3;1;1607;1607;1607;16.21;26049.47;26049.47;26049.47;
;ACC10;B3SA3;2;3859;3859;3859;19.68;75945.12;75945.12;75945.12;
;ACC10;B3SA3;2;8621;6163;6162;19.84;171040.64;122273.92;122254.08;
;ACC09;BBDC4;1;1625;1625;1625;11.00;17875.00;17875.00;17875.00;
;ACC09;PETR4;2;2860;1094;1093;15.89;45445.40;17383.66;17367.77;
;ACC09;LREN3;2;2707;2707;2707;10.45;28288.15;28288.15;28288.15;
;ACC10;MGLU3;1;6491;3647;3646;11.93;77437.63;43508.71;43496.78;
;ACC03;B3SA3;2;5211;5211;5211;15.69;81760.59;81760.59;81760.59;
;ACC10;WEGE3;1;9857;2793;2792;18.90;186297.30;52787.70;52768.80;
;ACC04;B3SA3;2;4639;4639;4639;17.93;83177.27;83177.27;83177.27;
;ACC05;VALE3;2;1853;313;312;12.13;22476.89;3796.69;3784.56;
;ACC02;LREN3;1;7416;7416;7416;18.07;134007.12;134007.12;134007.12;
;ACC04;ABEV3;2;1446;710;709;11.34;16397.64;8051.40;8040.06;
;ACC07;B3SA3;2;6667;6667;6667;17.57;117139.19;117139.19;117139.19;
;ACC03;B3SA3;2;6084;1921;1920;19.96;121436.64;38343.16;38323.20;
;ACC03;ABEV3;1;1704;1704;1704;18.49;31506.96;31506.96;31506.96;
;ACC09;WEGE3;1;6888;88;87;18.74;129081.12;1649.12;1630.38;
;ACC04;BBAS3;2;6798;6798;6798;15.56;105776.88;105776.88;105776.88;
;ACC05;PETR4;1;1666;104;103;18.45;30737.70;1918.80;1900.35;
;ACC03;ITUB4;2;4857;4857;4857;19.89;96605.73;96605.73;96605.73;
;ACC04;MGLU3;2;2392;1645;1644;14.22;34014.24;23391.90;23377.68;
;ACC10;BBAS3;1;8642;8642;8642;17.96;155210.32;155210.32;155210.32;
;ACC08;ABEV3;2;2799;346;345;16.31;45651.69;5643.26;5626.95;
;ACC03;VALE3;2;1771;1771;1771;15.52;27485.92;27485.92;27485.92;
;ACC04;PETR4;2;6838;6838;6838;19.00;129922.00;129922.00;129922.00;
;ACC07;LREN3;2;2314;2228;2227;19.41;44914.74;43245.48;43226.07;
;ACC01;ABEV3;2;2484;1363;1362;14.05;34900.20;19150.15;19136.10;
;ACC01;ABEV3;2;3112;526;525;17.71;55113.52;9315.46;9297.75;
;ACC05;WEGE3;1;8424;8424;8424;18.76;158034.24;158034.24;158034.24;
;ACC10;WEGE3;1;7585;3142;3141;10.21;77442.85;32079.82;32069.61;
;ACC06;WEGE3;1;3230;3230;3230;13.86;44767.80;44767.80;44767.80;
;ACC06;ITUB4;2;2489;2267;2266;13.04;32456.56;29561.68;29548.64;
;ACC05;BBAS3;2;1713;1713;1713;10.52;18020.76;18020.76;18020.76;
;ACC06;PETR4;1;5233;555;554;15.24;79750.92;8458.20;8442.96;
;ACC04;BBDC4;2;9409;9409;9409;14.53;136712.77;136712.77;136712.77;
;ACC07;B3SA3;2;6100;4835;4834;13.26;80886.00;64112.10;64098.84;
;ACC04;B3SA3;1;8517;8517;8517;11.79;100415.43;100415.43;100415.43;
;ACC08;ITUB4;2;3711;832;831;11.86;44012.46;9867.52;9855.66;
;ACC08;PETR4;1;4477;4477;4477;16.60;74318.20;74318.20;74318.20;
;ACC03;LREN3;1;4733;2092;2091;11.90;56322.70;24894.80;24882.90;
;ACC06;BBDC4;1;8704;8704;8704;11.07;96353.28;96353.28;96353.28;
;ACC05;VALE3;1;7919;6008;6007;11.43;90514.17;68671.44;68660.01;
;ACC03;BBAS3;2;7420;7420;7420;10.10;74942.00;74942.00;74942.00;
;ACC09;BBDC4;1;6954;573;572;19.81;137758.74;11351.13;11331.32;
;ACC07;B3SA3;1;5442;5442;5442;14.21;77330.82;77330.82;77330.82;
;ACC07;LREN3;2;2149;1508;1507;10.51;22585.99;15849.08;15838.57;
;ACC06;LREN3;1;7119;7119;7119;19.00;135261.00;135261.00;135261.00;
;ACC03;BBAS3;1;9337;8860;8859;12.03;112324.11;106585.80;106573.77;
;ACC08;VALE3;1;5171;5171;5171;19.07;98610.97;98610.97;98610.97;
;ACC05;LREN3;2;3223;2614;2613;12.82;41318.86;33511.48;33498.66;
;ACC04;PETR4;1;4186;4186;4186;15.51;64924.86;64924.86;64924.86;
;ACC02;LREN3;1;1773;561;560;10.10;17907.30;5666.10;5656.00;
;ACC07;PETR4;2;7611;7611;7611;18.04;137302.44;137302.44;137302.44;
;ACC05;PETR4;2;5153;4741;4740;12.26;63175.78;58124.66;58112.40;
;ACC03;PETR4;2;9281;9281;9281;14.52;134760.12;134760.12;134760.12;
;ACC06;PETR4;1;6083;1147;1146;15.77;95928.91;18088.19;18072.42;
;ACC02;WEGE3;2;4001;4001;4001;17.55;70217.55;70217.55;70217.55;
;ACC10;PETR4;2;1584;1584;1584;10.28;16283.52;16283.52;16283.52;
;ACC07;ABEV3;1;6781;487;486;16.49;111818.69;8030.63;8014.14;
;ACC04;MGLU3;2;6388;4002;4001;15.43;98566.84;61750.86;61735.43;
;ACC08;VALE3;1;1862;525;524;18.24;33962.88;9576.00;9557.76;
;ACC04;BBDC4;1;8109;4969;4968;11.24;91145.16;55851.56;55840.32;
;ACC05;B3SA3;2;6568;183;182;11.89;78093.52;2175.87;2163.98;
;ACC01;LREN3;2;9071;5110;5109;11.95;108398.45;61064.50;61052.55;
;ACC09;ABEV3;2;3430;3430;3430;13.59;46613.70;46613.70;46613.70;
;ACC01;B3SA3;2;4768;3692;3691;14.08;67133.44;51983.36;51969.28;
;ACC09;WEGE3;2;8078;5892;5891;12.89;104125.42;75947.88;75934.99;
;ACC07;VALE3;2;9673;7622;7621;13.90;134454.70;105945.80;105931.90;
;ACC06;MGLU3;2;7526;5924;5923;11.50;86549.00;68126.00;68114.50;
;ACC09;PETR4;1;2477;556;555;13.06;32349.62;7261.36;7248.30;
;ACC03;VALE3;2;7430;3575;3574;18.46;137157.80;65994.50;65976.04;
;ACC07;ABEV3;1;2283;2283;2283;15.05;34359.15;34359.15;34359.15;
;ACC09;BBDC4;1;3634;3400;3399;15.41;55999.94;52394.00;52378.59;
;ACC10;ABEV3;2;3465;437;436;13.48;46708.20;5890.76;5877.28;
;ACC07;B3SA3;1;2841;2750;2749;13.49;38325.09;37097.50;37084.01;
;ACC03;WEGE3;1;2876;2876;2876;13.71;39429.96;39429.96;39429.96;
;ACC04;VALE3;2;2730;2404;2403;19.41;52989.30;46661.64;46642.23;
;ACC01;WEGE3;2;7918;426;425;11.98;94857.64;5103.48;5091.50;
;ACC03;MGLU3;2;2107;2107;2107;11.91;25094.37;25094.37;25094.37;
;ACC01;PETR4;1;9586;4611;4610;14.08;134970.88;64922.88;64908.80;
;ACC08;MGLU3;1;3750;1473;1472;17.42;65325.00;25659.66;25642.24;
;ACC02;WEGE3;1;3328;3328;3328;18.20;60569.60;60569.60;60569.60;
;ACC02;B3SA3;1;9952;1744;1743;11.01;109571.52;19201.44;19190.43;
;ACC05;BBAS3;1;3637;2376;2375;13.26;48226.62;31505.76;31492.50;
;ACC06;ABEV3;2;4056;1256;1255;15.85;64287.60;19907.60;19891.75;
;ACC09;LREN3;2;1650;1650;1650;19.43;32059.50;32059.50;32059.50;
;ACC09;WEGE3;2;3768;3415;3414;19.63;73965.84;67036.45;67016.82;
;ACC08;WEGE3;2;1118;837;836;19.49;21789.82;16313.13;16293.64;
;ACC03;VALE3;1;5094;5094;5094;13.28;67648.32;67648.32;67648.32;
;ACC05;PETR4;2;2412;471;470;18.08;43608.96;8515.68;8497.60;
;ACC02;MGLU3;1;1934;909;908;15.57;30112.38;14153.13;14137.56;
;ACC03;MGLU3;1;5893;5893;5893;19.96;117624.28;117624.28;117624.28;
;ACC05;BBDC4;2;6644;4776;4775;15.84;105240.96;75651.84;75636.00;
;ACC04;WEGE3;1;6950;3059;3058;18.13;126003.50;55459.67;55441.54;
;ACC07;VALE3;1;3174;660;659;16.31;51767.94;10764.60;10748.29;
;ACC03;PETR4;1;1278;1278;1278;15.11;19310.58;19310.58;19310.58;
;ACC04;B3SA3;2;4521;2197;2196;17.47;78981.87;38381.59;38364.12;
;ACC01;WEGE3;2;6662;3997;3996;15.46;102994.52;61793.62;61778.16;
;ACC02;B3SA3;2;1977;1977;1977;12.31;24336.87;24336.87;24336.87;
;ACC05;LREN3;2;9764;5858;5857;14.88;145288.32;87167.04;87152.16;
;ACC03;B3SA3;1;7496;1411;1410;15.77;118211.92;22251.47;22235.70;
;ACC03;ABEV3;2;2229;2229;2229;17.81;39698.49;39698.49;39698.49;
;ACC08;PETR4;2;1236;684;683;19.54;24151.44;13365.36;13345.82;
;ACC02;WEGE3;2;3913;773;772;12.40;48521.20;9585.20;9572.80;
;ACC08;VALE3;1;6365;5896;5895;13.09;83317.85;77178.64;77165.55;
;ACC09;LREN3;2;2171;2171;2171;14.28;31001.88;31001.88;31001.88;
;ACC05;BBDC4;1;3949;652;651;18.26;72108.74;11905.52;11887.26;
;ACC10;BBAS3;2;6580;5387;5386;10.10;66458.00;54408.70;54398.60;
;ACC04;WEGE3;2;4142;2016;2015;10.14;41999.88;20442.24;20432.10;
;ACC06;VALE3;1;5108;5108;5108;13.58;69366.64;69366.64;69366.64;
;ACC05;BBAS3;1;2625;506;505;17.58;46147.50;8895.48;8877.90;
;ACC09;WEGE3;2;3353;442;441;16.18;54251.54;7151.56;7135.38;
;ACC02;LREN3;1;9332;9332;9332;11.91;111144.12;111144.12;111144.12;
;ACC05;BBDC4;2;4168;4168;4168;17.83;74315.44;74315.44;74315.44;
;ACC02;ABEV3;1;9352;5653;5652;14.37;134388.24;81233.61;81219.24;
;ACC04;MGLU3;2;9837;9837;9837;17.79;175000.23;175000.23;175000.23;
;ACC07;LREN3;2;8505;6685;6684;17.02;144755.10;113778.70;113761.68;
;ACC01;MGLU3;2;5502;5502;5502;19.16;105418.32;105418.32;105418.32;
;ACC10;MGLU3;1;8745;7422;7421;15.94;139395.30;118306.68;118290.74;
;ACC03;B3SA3;1;8582;8582;8582;11.10;95260.20;95260.20;95260.20;
;ACC06;LREN3;2;3450;2332;2331;12.76;44022.00;29756.32;29743.56;
;ACC04;ITUB4;1;3213;3213;3213;18.20;58476.60;58476.60;58476.60;
;ACC09;ITUB4;2;6004;6004;6004;16.56;99426.24;99426.24;99426.24;
;ACC09;WEGE3;2;1047;123;122;15.70;16437.90;1931.10;1915.40;
;ACC08;WEGE3;2;4101;4101;4101;16.00;65616.00;65616.00;65616.00;
;ACC04;BBDC4;1;6083;1640;1639;17.02;103532.66;27912.80;27895.78;
;ACC05;WEGE3;2;8327;8327;8327;19.91;165790.57;165790.57;165790.57;
;ACC06;MGLU3;2;1030;345;344;13.25;13647.50;4571.25;4558.00;
;ACC01;BBAS3;1;8230;8230;8230;13.68;112586.40;112586.40;112586.40;
;ACC01;PETR4;2;2130;2130;2130;10.52;22407.60;22407.60;22407.60;
;ACC09;B3SA3;2;2143;152;151;13.69;29337.67;2080.88;2067.19;
;ACC08;MGLU3;1;8239;8239;8239;15.17;124985.63;124985.63;124985.63;
;ACC08;LREN3;2;8242;1970;1969;11.34;93464.28;22339.80;22328.46;
;ACC06;LREN3;1;5310;5310;5310;11.42;60640.20;60640.20;60640.20;
;ACC10;BBDC4;2;5794;338;337;14.57;84418.58;4924.66;4910.09;
;ACC03;LREN3;1;7171;7171;7171;18.58;133237.18;133237.18;133237.18;
;ACC07;BBAS3;1;8357;7017;7016;15.17;126775.69;106447.89;106432.72;
;ACC05;LREN3;1;1391;696;695;16.88;23480.08;11748.48;11731.60;
;ACC01;ABEV3;1;8464;8464;8464;14.64;123912.96;123912.96;123912.96;
;ACC10;BBDC4;1;5292;5292;5292;19.17;101447.64;101447.64;101447.64;
;ACC02;ABEV3;2;2466;1640;1639;16.89;41650.74;27699.60;27682.71;
;ACC09;ABEV3;1;9930;8658;8657;19.74;196018.20;170908.92;170889.18;
;ACC05;BBAS3;1;3672;3672;3672;10.66;39143.52;39143.52;39143.52;
;ACC07;B3SA3;2;3756;2779;2778;10.70;40189.20;29735.30;29724.60;
;ACC05;VALE3;1;1420;818;817;19.70;27974.00;16114.60;16094.90;
;ACC09;ABEV3;1;8681;8681;8681;12.91;112071.71;112071.71;112071.71;
;ACC01;BBAS3;1;8202;7878;7877;13.76;112859.52;108401.28;108387.52;
;ACC01;B3SA3;2;1412;1412;1412;18.29;25825.48;25825.48;25825.48;
;ACC09;ITUB4;2;3163;1240;1239;17.95;56775.85;22258.00;22240.05;
;ACC05;LREN3;1;1827;1827;1827;12.70;23202.90;23202.90;23202.90;
;ACC03;BBAS3;2;7947;2827;2826;10.21;81138.87;28863.67;28853.46;
;ACC04;VALE3;2;1031;296;295;14.08;14516.48;4167.68;4153.60;
;ACC10;LREN3;1;8024;8024;8024;19.35;155264.40;155264.40;155264.40;
;ACC03;BBAS3;1;6207;4352;4351;13.35;82863.45;58099.20;58085.85;
;ACC01;WEGE3;1;5754;5196;5195;19.51;112260.54;101373.96;101354.45;
;ACC05;ABEV3;2;9960;9960;9960;13.45;133962.00;133962.00;133962.00;
;ACC04;ITUB4;2;4263;4263;4263;13.25;56484.75;56484.75;56484.75;
;ACC10;BBAS3;1;4505;2981;2980;12.11;54555.55;36099.91;36087.80;
;ACC09;ITUB4;1;6769;883;882;13.47;91178.43;11894.01;11880.54;
;ACC06;PETR4;2;3618;3618;3618;14.79;53510.22;53510.22;53510.22;
;ACC06;VALE3;1;3302;2144;2143;14.94;49331.88;32031.36;32016.42;
;ACC10;MGLU3;2;3563;1313;1312;17.18;61212.34;22557.34;22540.16;
;ACC08;LREN3;1;5610;5610;5610;14.85;83308.50;83308.50;83308.50;
;ACC04;LREN3;2;6924;3358;3357;14.38;99567.12;48288.04;48273.66;
;ACC07;BBDC4;2;8560;1184;1183;17.72;151683.20;20980.48;20962.76;
;ACC02;ABEV3;2;7387;7387;7387;17.61;130085.07;130085.07;130085.07;
;ACC10;MGLU3;2;9164;9164;9164;16.53;151480.92;151480.92;151480.92;
;ACC09;BBDC4;1;4035;2742;2741;12.41;50074.35;34028.22;34015.81;
;ACC05;VALE3;2;7738;6031;6030;13.58;105082.04;81900.98;81887.40;
;ACC07;VALE3;1;8833;8833;8833;15.45;136469.85;136469.85;136469.85;
;ACC09;MGLU3;1;7854;4342;4341;19.63;154174.02;85233.46;85213.83;
;ACC02;VALE3;1;2071;1762;1761;18.77;38872.67;33072.74;33053.97;
;ACC04;ITUB4;1;3793;3793;3793;18.61;70587.73;70587.73;70587.73;
;ACC09;B3SA3;1;8571;6818;6817;18.44;158049.24;125723.92;125705.48;
;ACC09;WEGE3;1;9020;5763;5762;12.93;116628.60;74515.59;74502.66;
;ACC09;LREN3;2;2348;2348;2348;10.84;25452.32;25452.32;25452.32;
;ACC02;VALE3;2;6978;6978;6978;19.81;138234.18;138234.18;138234.18;
;ACC09;ITUB4;2;8486;3289;3288;14.05;119228.30;46210.45;46196.40;
;ACC07;PETR4;1;5523;2214;2213;11.05;61029.15;24464.70;24453.65;
;ACC01;MGLU3;1;6723;6723;6723;17.94;120610.62;120610.62;120610.62;
;ACC02;VALE3;1;3105;714;713;15.03;46668.15;10731.42;10716.39;
;ACC01;B3SA3;1;8141;6486;6485;17.14;139536.74;111170.04;111152.90;
;ACC09;BBDC4;2;3930;3930;3930;11.28;44330.40;44330.40;44330.40;
;ACC08;VALE3;2;1295;1122;1121;19.05;24669.75;21374.10;21355.05;
;ACC08;ABEV3;1;5431;5431;5431;10.60;57568.60;57568.60;57568.60;
;ACC07;MGLU3;1;8793;682;681;13.13;115452.09;8954.66;8941.53;
;ACC06;VALE3;2;4040;4040;4040;15.27;61690.80;61690.80;61690.80;
;ACC10;VALE3;1;1812;67;66;18.52;33558.24;1240.84;1222.32;
;ACC04;LREN3;2;6987;4142;4141;15.69;109626.03;64987.98;64972.29;
;ACC01;MGLU3;1;9224;9224;9224;12.71;117237.04;117237.04;117237.04;
;ACC03;LREN3;2;7390;4081;4080;14.82;109519.80;60480.42;60465.60;
;ACC06;ITUB4;2;9389;209;208;11.20;105156.80;2340.80;2329.60;
;ACC01;PETR4;1;9293;9293;9293;18.42;171177.06;171177.06;171177.06;
;ACC08;B3SA3;1;6092;6092;6092;18.98;115626.16;115626.16;115626.16;
;ACC08;PETR4;2;8478;8237;8236;19.80;167864.40;163092.60;163072.80;
;ACC01;BBDC4;2;5392;4289;4288;11.05;59581.60;47393.45;47382.40;
;ACC09;WEGE3;1;8261;8261;8261;19.30;159437.30;159437.30;159437.30;
;ACC06;LREN3;2;3127;2660;2659;17.92;56035.84;47667.20;47649.28;
;ACC05;BBAS3;1;5827;4636;4635;17.65;102846.55;81825.40;81807.75;
;ACC03;B3SA3;2;3999;3999;3999;12.33;49307.67;49307.67;49307.67;
;ACC10;LREN3;1;7072;7072;7072;11.31;79984.32;79984.32;79984.32;
;ACC08;VALE3;2;8726;6597;6596;12.77;111431.02;84243.69;84230.92;
;ACC02;VALE3;1;8153;8153;8153;15.83;129061.99;129061.99;129061.99;
;ACC08;B3SA3;1;2944;963;962;17.16;50519.04;16525.08;16507.92;
;ACC10;BBDC4;2;7899;7899;7899;18.79;148422.21;148422.21;148422.21;
;ACC04;PETR4;1;6014;1051;1050;16.91;101696.74;17772.41;17755.50;
;ACC04;BBAS3;1;7140;7140;7140;18.00;128520.00;128520.00;128520.00;
;ACC05;VALE3;2;8647;8647;8647;19.79;171124.13;171124.13;171124.13;
;ACC05;MGLU3;2;5987;250;249;14.73;88188.51;3682.50;3667.77;
;ACC05;WEGE3;2;3611;3611;3611;11.69;42212.59;42212.59;42212.59;
;ACC09;MGLU3;1;2091;536;535;14.27;29838.57;7648.72;7634.45;
;ACC10;ITUB4;2;7460;3989;3988;11.84;88326.40;47229.76;47217.92;
;ACC06;BBAS3;1;8079;8079;8079;18.16;146714.64;146714.64;146714.64;
;ACC04;BBAS3;1;5223;1205;1204;12.04;62884.92;14508.20;14496.16;
;ACC04;ITUB4;2;4715;4715;4715;11.42;53845.30;53845.30;53845.30;
;ACC05;MGLU3;2;8093;8093;8093;17.43;141060.99;141060.99;141060.99;
;ACC09;WEGE3;1;8668;626;625;14.89;129066.52;9321.14;9306.25;
;ACC05;ITUB4;1;3533;3533;3533;13.61;48084.13;48084.13;48084.13;
;ACC02;LREN3;2;3457;2877;2876;10.34;35745.38;29748.18;29737.84;
;ACC01;PETR4;1;8543;7091;7090;12.15;103797.45;86155.65;86143.50;
;ACC03;PETR4;2;2765;2765;2765;11.38;31465.70;31465.70;31465.70;
;ACC04;WEGE3;1;3235;1541;1540;14.47;46810.45;22298.27;22283.80;
;ACC01;MGLU3;1;4410;4410;4410;13.71;60461.10;60461.10;60461.10;
;ACC03;BBAS3;1;9196;9196;9196;12.56;115501.76;115501.76;115501.76;
;ACC03;MGLU3;1;7407;2623;2622;13.12;97179.84;34413.76;34400.64;
;ACC08;MGLU3;1;7638;7638;7638;14.77;112813.26;112813.26;112813.26;
;ACC06;WEGE3;2;4733;569;568;15.23;72083.59;8665.87;8650.64;
;ACC01;B3SA3;2;1531;1531;1531;15.93;24388.83;24388.83;24388.83;
;ACC03;PETR4;2;9349;2432;2431;19.42;181557.58;47229.44;47210.02;
;ACC08;ABEV3;1;6527;1140;1139;17.50;114222.50;19950.00;19932.50;
;ACC05;PETR4;1;9983;9983;9983;13.48;134570.84;134570.84;134570.84;
;ACC05;ABEV3;2;3375;3375;3375;10.01;33783.75;33783.75;33783.75;
;ACC08;BBAS3;2;1470;869;868;12.94;19021.80;11244.86;11231.92;
;ACC02;ABEV3;1;8429;7075;7074;10.51;88588.79;74358.25;74347.74;
;ACC06;ABEV3;2;4885;4885;4885;11.05;53979.25;53979.25;53979.25;
;ACC02;ITUB4;1;4956;2757;2756;19.87;98475.72;54781.59;54761.72;
;ACC01;MGLU3;2;9116;9116;9116;10.03;91433.48;91433.48;91433.48;
;ACC05;B3SA3;2;5748;1284;1283;18.80;108062.40;24139.20;24120.40;
;ACC01;LREN3;2;1101;1101;1101;12.01;13223.01;13223.01;13223.01;
;ACC06;BBAS3;2;8082;7422;7421;10.70;86477.40;79415.40;79404.70;
;ACC06;BBAS3;2;8703;8703;8703;17.51;152389.53;152389.53;152389.53;
;ACC08;MGLU3;2;3298;287;286;13.83;45611.34;3969.21;3955.38;
;ACC08;LREN3;1;1010;1010;1010;16.79;16957.90;16957.90;16957.90;
;ACC06;B3SA3;2;6517;3441;3440;11.17;72794.89;38435.97;38424.80;
;ACC01;BBDC4;2;1352;1352;1352;13.71;18535.92;18535.92;18535.92;
;ACC03;LREN3;2;9069;287;286;16.48;149457.12;4729.76;4713.28;
;ACC05;PETR4;1;1507;1507;1507;12.87;19395.09;19395.09;19395.09;
;ACC01;B3SA3;1;9974;6829;6828;11.13;111010.62;76006.77;75995.64;
;ACC05;B3SA3;1;4325;4325;4325;17.45;75471.25;75471.25;75471.25;
;ACC05;ABEV3;2;7562;3451;3450;19.15;144812.30;66086.65;66067.50;
;ACC10;B3SA3;1;2563;2563;2563;11.81;30269.03;30269.03;30269.03;
;ACC01;BBAS3;1;1849;222;221;12.87;23796.63;2857.14;2844.27;
;ACC04;B3SA3;1;2211;2211;2211;12.28;27151.08;27151.08;27151.08;
;ACC09;BBAS3;1;7570;774;773;10.92;82664.40;8452.08;8441.16;
;ACC02;B3SA3;1;9292;9292;9292;14.57;135384.44;135384.44;135384.44;
;ACC01;MGLU3;2;4494;2311;2310;16.70;75049.80;38593.70;38577.00;
;ACC06;ABEV3;1;8500;8500;8500;15.80;134300.00;134300.00;134300.00;
;ACC01;VALE3;1;1495;301;300;15.52;23202.40;4671.52;4656.00;
;ACC03;BBDC4;1;7159;7159;7159;17.88;128002.92;128002.92;128002.92;
;ACC02;VALE3;1;6091;2264;2263;12.80;77964.80;28979.20;28966.40;
;ACC01;BBAS3;2;7081;4427;4426;13.01;92123.81;57595.27;57582.26;
;ACC02;B3SA3;1;4412;4412;4412;18.77;82813.24;82813.24;82813.24;
;ACC01;BBDC4;1;8185;8185;8185;12.40;101494.00;101494.00;101494.00;
;ACC10;B3SA3;1;2504;1914;1913;12.09;30273.36;23140.26;23128.17;
;ACC04;ABEV3;2;4442;4442;4442;16.11;71560.62;71560.62;71560.62;
;ACC05;VALE3;2;6676;4016;4015;18.10;120835.60;72689.60;72671.50;
;ACC10;ABEV3;1;4662;4662;4662;17.10;79720.20;79720.20;79720.20;
;ACC09;BBDC4;2;8753;7631;7630;17.43;152564.79;133008.33;132990.90;
;ACC05;MGLU3;1;7757;7757;7757;11.57;89748.49;89748.49;89748.49;
;ACC07;ABEV3;1;3123;3123;3123;16.94;52903.62;52903.62;52903.62;
;ACC07;ABEV3;2;9499;3050;3049;11.45;108763.55;34922.50;34911.05;
;ACC01;B3SA3;2;9125;6674;6673;18.34;167352.50;122401.16;122382.82;
;ACC02;LREN3;1;2631;2631;2631;12.04;31677.24;31677.24;31677.24;
;ACC02;WEGE3;1;6522;5757;5756;13.06;85177.32;75186.42;75173.36;
;ACC06;VALE3;2;5586;5586;5586;17.23;96246.78;96246.78;96246.78;
;ACC05;PETR4;1;5557;5557;5557;11.90;66128.30;66128.30;66128.30;
;ACC01;ITUB4;1;8257;6944;6943;14.89;122946.73;103396.16;103381.27;
;ACC09;PETR4;1;4342;4342;4342;16.04;69645.68;69645.68;69645.68;
;ACC04;BBDC4;2;3543;639;638;16.58;58742.94;10594.62;10578.04;
;ACC08;ITUB4;2;8549;8549;8549;16.61;141998.89;141998.89;141998.89;
;ACC10;MGLU3;1;3011;1328;1327;12.24;36854.64;16254.72;16242.48;
;ACC10;ITUB4;1;6534;6534;6534;10.99;71808.66;71808.66;71808.66;
;ACC09;BBAS3;2;3949;3949;3949;15.96;63026.04;63026.04;63026.04;
;ACC08;WEGE3;1;3965;2754;2753;19.78;78427.70;54474.12;54454.34;
;ACC08;BBAS3;1;7805;172;171;15.60;121758.00;2683.20;2667.60;
;ACC05;B3SA3;1;3216;3216;3216;10.01;32192.16;32192.16;32192.16;
;ACC10;B3SA3;2;2809;2805;2804;13.80;38764.20;38709.00;38695.20;
;ACC07;BBAS3;2;8745;8745;8745;19.74;172626.30;172626.30;172626.30;
;ACC06;ITUB4;1;6289;1142;1141;17.21;108233.69;19653.82;19636.61;
;ACC04;LREN3;2;5510;5510;5510;13.60;74936.00;74936.00;74936.00;
;ACC06;B3SA3;2;6223;6223;6223;11.13;69261.99;69261.99;69261.99;
;ACC02;BBDC4;2;5782;5782;5782;12.69;73373.58;73373.58;73373.58;
;ACC05;LREN3;1;1365;1365;1365;13.41;18304.65;18304.65;18304.65;
;ACC10;VALE3;1;8238;4801;4800;12.86;105940.68;61740.86;61728.00;
;ACC01;MGLU3;2;6908;6908;6908;16.11;111287.88;111287.88;111287.88;
;ACC07;VALE3;2;1469;1469;1469;15.99;23489.31;23489.31;23489.31;
;ACC06;ABEV3;2;1754;447;446;16.94;29712.76;7572.18;7555.24;
;ACC06;VALE3;2;5980;5980;5980;19.61;117267.80;117267.80;117267.80;
;ACC03;LREN3;1;4919;4919;4919;17.22;84705.18;84705.18;84705.18;
;ACC05;PETR4;2;1021;1021;1021;11.12;11353.52;11353.52;11353.52;
;ACC03;BBDC4;1;4117;4117;4117;12.03;49527.51;49527.51;49527.51;
;ACC01;ABEV3;2;6860;6860;6860;17.15;117649.00;117649.00;117649.00;
;ACC10;PETR4;2;2721;2721;2721;13.35;36325.35;36325.35;36325.35;
;ACC04;BBDC4;1;5552;623;622;14.76;81947.52;9195.48;9180.72;
;ACC08;PETR4;1;1140;1140;1140;13.82;15754.80;15754.80;15754.80;
;ACC06;PETR4;2;7765;7765;7765;13.39;103973.35;103973.35;103973.35;
;ACC09;BBDC4;1;7825;6386;6385;11.91;93195.75;76057.26;76045.35;
;ACC02;ABEV3;1;1301;1301;1301;10.00;13010.00;13010.00;13010.00;
;ACC04;VALE3;2;9235;9235;9235;11.67;107772.45;107772.45;107772.45;
;ACC06;VALE3;2;9407;9407;9407;11.06;104041.42;104041.42;104041.42;
;ACC07;PETR4;1;1937;1937;1937;12.78;24754.86;24754.86;24754.86;
;ACC04;ABEV3;2;9931;9931;9931;12.97;128805.07;128805.07;128805.07;
;ACC06;MGLU3;1;5374;5374;5374;15.32;82329.68;82329.68;82329.68;
;ACC08;BBDC4;1;3993;3993;3993;18.06;72113.58;72113.58;72113.58;
;ACC09;WEGE3;2;4446;2549;2548;11.11;49395.06;28319.39;28308.28;
;ACC02;VALE3;1;8996;8996;8996;11.63;104623.48;104623.48;104623.48;
;ACC08;LREN3;2;4328;1807;1806;10.82;46828.96;19551.74;19540.92;
;ACC04;LREN3;1;3791;3791;3791;12.32;46705.12;46705.12;46705.12;
;ACC08;B3SA3;1;1864;1864;1864;18.93;35285.52;35285.52;35285.52;
;ACC10;PETR4;1;6270;158;157;16.76;105085.20;2648.08;2631.32;
;ACC03;MGLU3;1;1107;1107;1107;17.14;18973.98;18973.98;18973.98;
;ACC06;ABEV3;1;6472;6472;6472;11.03;71386.16;71386.16;71386.16;
;ACC04;ABEV3;1;2880;1207;1206;10.67;30729.60;12878.69;12868.02;
;ACC03;ABEV3;2;2429;2429;2429;14.31;34758.99;34758.99;34758.99;
;ACC02;MGLU3;2;4612;4220;4219;17.63;81309.56;74398.60;74380.97;
;ACC10;LREN3;2;6221;6221;6221;10.20;63454.20;63454.20;63454.20;
;ACC03;BBAS3;1;8107;8107;8107;13.57;110011.99;110011.99;110011.99;
;ACC01;ITUB4;1;8819;8041;8040;16.20;142867.80;130264.20;130248.00;
;ACC10;BBAS3;1;7203;7203;7203;14.02;100986.06;100986.06;100986.06;
;ACC05;WEGE3;2;7469;5056;5055;17.51;130782.19;88530.56;88513.05;
;ACC10;VALE3;1;2572;2572;2572;19.34;49742.48;49742.48;49742.48;
;ACC04;BBDC4;2;7868;7064;7063;12.41;97641.88;87664.24;87651.83;
;ACC02;WEGE3;1;8141;8141;8141;10.85;88329.85;88329.85;88329.85;
;ACC06;B3SA3;2;7983;7983;7983;11.23;89649.09;89649.09;89649.09;
;ACC07;ITUB4;2;9779;5272;5271;14.46;141404.34;76233.12;76218.66;
;ACC09;MGLU3;1;1483;1483;1483;10.20;15126.60;15126.60;15126.60;
;ACC07;BBDC4;2;5294;5294;5294;15.91;84227.54;84227.54;84227.54;
;ACC04;BBAS3;1;6332;6256;6255;15.67;99222.44;98031.52;98015.85;
;ACC06;WEGE3;2;9149;5446;5445;19.98;182797.02;108811.08;108791.10;
;ACC10;BBDC4;1;5503;5503;5503;17.19;94596.57;94596.57;94596.57;
;ACC07;BBAS3;2;8498;8498;8498;13.20;112173.60;112173.60;112173.60;
;ACC09;LREN3;1;4613;2832;2831;12.70;58585.10;35966.40;35953.70;
;ACC03;ABEV3;1;8990;8990;8990;10.25;92147.50;92147.50;92147.50;
;ACC06;BBAS3;2;5814;5814;5814;18.02;104768.28;104768.28;104768.28;
;ACC05;WEGE3;2;6008;4275;4274;16.94;101775.52;72418.50;72401.56;
;ACC08;WEGE3;1;1063;1063;1063;10.29;10938.27;10938.27;10938.27;
;ACC08;MGLU3;1;8147;8147;8147;15.66;127582.02;127582.02;127582.02;
;ACC05;PETR4;2;5678;2598;2597;16.56;94027.68;43022.88;43006.32;
;ACC05;BBDC4;1;4611;4611;4611;13.81;63677.91;63677.91;63677.91;
;ACC08;MGLU3;2;5303;4042;4041;17.60;93332.80;71139.20;71121.60;
;ACC01;WEGE3;2;2881;2881;2881;12.18;35090.58;35090.58;35090.58;
;ACC10;BBAS3;1;6484;4403;4402;12.31;79818.04;54200.93;54188.62;
;ACC01;BBAS3;1;6931;6931;6931;11.84;82063.04;82063.04;82063.04;
;ACC05;ABEV3;2;7617;429;428;10.43;79445.31;4474.47;4464.04;
;ACC07;MGLU3;1;9024;9024;9024;16.48;148715.52;148715.52;148715.52;
;ACC09;VALE3;1;8101;8101;8101;17.81;144278.81;144278.81;144278.81;
;ACC06;BBAS3;1;4454;2948;2947;11.94;53180.76;35199.12;35187.18;
;ACC05;PETR4;1;4026;1191;1190;11.02;44366.52;13124.82;13113.80;
;ACC09;MGLU3;1;8734;8734;8734;15.39;134416.26;134416.26;134416.26;
;ACC01;BBDC4;1;1273;1273;1273;16.69;21246.37;21246.37;21246.37;
;ACC05;LREN3;2;9540;5505;5504;19.09;182118.60;105090.45;105071.36;
;ACC04;ITUB4;2;4975;4975;4975;10.01;49799.75;49799.75;49799.75;
;ACC01;BBDC4;2;8886;8886;8886;11.93;106009.98;106009.98;106009.98;
;ACC10;ABEV3;2;4249;1842;1841;15.59;66241.91;28716.78;28701.19;
;ACC02;MGLU3;2;5511;5511;5511;14.99;82609.89;82609.89;82609.89;
;ACC08;ITUB4;2;7796;7796;7796;16.17;126061.32;126061.32;126061.32;
;ACC06;MGLU3;1;9675;4862;4861;19.88;192339.00;96656.56;96636.68;
;ACC06;PETR4;1;9587;5550;5549;14.93;143133.91;82861.50;82846.57;
;ACC09;BBDC4;1;6601;6601;6601;17.68;116705.68;116705.68;116705.68;
;ACC04;ITUB4;1;1170;1170;1170;14.26;16684.20;16684.20;16684.20;
;ACC07;VALE3;1;4138;1157;1156;16.96;70180.48;19622.72;19605.76;
;ACC05;PETR4;1;1216;1216;1216;14.60;17753.60;17753.60;17753.60;
;ACC10;BBDC4;2;2091;2091;2091;17.80;37219.80;37219.80;37219.80;
;ACC06;VALE3;1;4666;2860;2859;17.46;81468.36;49935.60;49918.14;
;ACC06;ABEV3;1;6141;6141;6141;13.47;82719.27;82719.27;82719.27;
;ACC09;VALE3;2;3040;3040;3040;18.33;55723.20;55723.20;55723.20;
;ACC07;VALE3;2;7318;4509;4508;19.92;145774.56;89819.28;89799.36;
;ACC08;PETR4;2;2141;2141;2141;16.75;35861.75;35861.75;35861.75;
;ACC09;LREN3;1;1204;1204;1204;16.04;19312.16;19312.16;19312.16;
;ACC02;BBDC4;2;5790;4035;4034;15.44;89397.60;62300.40;62284.96;
;ACC08;PETR4;1;9355;4229;4228;19.07;178399.85;80647.03;80627.96;
;ACC09;MGLU3;1;9611;9611;9611;10.92;104952.12;104952.12;104952.12;
;ACC03;LREN3;1;9557;9557;9557;12.08;115448.56;115448.56;115448.56;
;ACC08;MGLU3;2;7313;2987;2986;12.34;90242.42;36859.58;36847.24;
;ACC04;BBAS3;1;2363;2363;2363;10.99;25969.37;25969.37;25969.37;
;ACC02;ABEV3;1;9858;9858;9858;17.20;169557.60;169557.60;169557.60;
;ACC10;ABEV3;2;2579;1172;1171;11.93;30767.47;13981.96;13970.03;
;ACC04;BBDC4;2;3467;3467;3467;19.40;67259.80;67259.80;67259.80;
;ACC05;MGLU3;2;3278;3278;3278;12.51;41007.78;41007.78;41007.78;
;ACC04;ABEV3;2;9936;6860;6859;15.68;155796.48;107564.80;107549.12;
;ACC06;ABEV3;2;1188;1081;1080;10.27;12200.76;11101.87;11091.60;
;ACC07;BBAS3;2;9719;9719;9719;10.77;104673.63;104673.63;104673.63;
;ACC01;LREN3;2;3153;3153;3153;12.92;40736.76;40736.76;40736.76;
;ACC09;MGLU3;1;8454;4595;4594;18.32;154877.28;84180.40;84162.08;
;ACC05;WEGE3;2;9764;9764;9764;12.51;122147.64;122147.64;122147.64;
;ACC09;VALE3;1;9231;6761;6760;10.95;101079.45;74032.95;74022.00;
;ACC08;BBAS3;2;4299;4299;4299;11.45;49223.55;49223.55;49223.55;
;ACC06;B3SA3;1;9160;9160;9160;11.14;102042.40;102042.40;102042.40;
;ACC05;ITUB4;1;6331;903;902;16.15;102245.65;14583.45;14567.30;
;ACC04;LREN3;2;5012;4356;4355;13.26;66459.12;57760.56;57747.30;
;ACC02;VALE3;1;2434;2434;2434;19.58;47657.72;47657.72;47657.72;
;ACC02;MGLU3;2;3376;3376;3376;17.47;58978.72;58978.72;58978.72;
;ACC07;B3SA3;1;8674;3852;3851;14.27;123777.98;54968.04;54953.77;
;ACC08;MGLU3;2;5277;5277;5277;19.02;100368.54;100368.54;100368.54;
;ACC05;MGLU3;1;2493;2493;2493;10.65;26550.45;26550.45;26550.45;
;ACC04;LREN3;2;7984;3429;3428;16.22;129500.48;55618.38;55602.16;
;ACC01;MGLU3;1;2370;2370;2370;10.16;24079.20;24079.20;24079.20;
;ACC01;ABEV3;1;1140;1140;1140;10.23;11662.20;11662.20;11662.20;
;ACC09;ITUB4;1;2935;1648;1647;17.69;51920.15;29153.12;29135.43;
;ACC05;VALE3;2;5247;814;813;10.50;55093.50;8547.00;8536.50;
;ACC02;ITUB4;2;9725;9725;9725;16.48;160268.00;160268.00;160268.00;
;ACC01;VALE3;1;5556;5556;5556;11.65;64727.40;64727.40;64727.40;
;ACC10;MGLU3;2;4288;11;10;17.54;75211.52;192.94;175.40;
;ACC01;VALE3;1;2352;2352;2352;12.07;28388.64;28388.64;28388.64;
;ACC01;VALE3;2;2761;2761;2761;17.48;48262.28;48262.28;48262.28;
;ACC04;VALE3;2;1937;349;348;13.38;25917.06;4669.62;4656.24;
;ACC04;PETR4;2;2369;2369;2369;15.70;37193.30;37193.30;37193.30;
;ACC10;WEGE3;2;6775;6775;6775;17.52;118698.00;118698.00;118698.00;
;ACC03;PETR4;1;7520;6942;6941;14.50;109040.00;100659.00;100644.50;
;ACC04;BBAS3;1;7935;7935;7935;12.08;95854.80;95854.80;95854.80;
;ACC09;VALE3;2;2960;2960;2960;10.70;31672.00;31672.00;31672.00;
;ACC01;WEGE3;2;2469;2112;2111;11.91;29405.79;25153.92;25142.01;
;ACC08;WEGE3;2;2342;2342;2342;10.43;24427.06;24427.06;24427.06;
;ACC10;LREN3;2;2871;2871;2871;12.27;35227.17;35227.17;35227.17;
;ACC02;LREN3;1;2508;2184;2183;15.06;37770.48;32891.04;32875.98;
;ACC08;VALE3;2;7584;7584;7584;11.94;90552.96;90552.96;90552.96;
;ACC08;PETR4;1;3855;3855;3855;13.57;52312.35;52312.35;52312.35;
;ACC10;BBDC4;1;4440;2583;2582;17.75;78810.00;45848.25;45830.50;
;ACC10;ABEV3;2;6393;6393;6393;12.40;79273.20;79273.20;79273.20;
;ACC03;B3SA3;1;8536;8536;8536;19.69;168073.84;168073.84;168073.84;
;ACC08;LREN3;2;5142;5142;5142;14.11;72553.62;72553.62;72553.62;
;ACC02;MGLU3;2;5089;4625;4624;14.02;71347.78;64842.50;64828.48;
;ACC09;LREN3;1;1104;1104;1104;17.49;19308.96;19308.96;19308.96;
;ACC05;BBAS3;2;2564;2564;2564;16.73;42895.72;42895.72;42895.72;
;ACC09;ITUB4;1;8254;7326;7325;17.67;145848.18;129450.42;129432.75;
;ACC05;MGLU3;1;9703;9703;9703;13.81;133998.43;133998.43;133998.43;
;ACC05;ITUB4;1;2263;2263;2263;11.72;26522.36;26522.36;26522.36;
;ACC03;WEGE3;2;8779;3759;3758;18.27;160392.33;68676.93;68658.66;
;ACC08;PETR4;2;5800;5800;5800;19.91;115478.00;115478.00;115478.00;
;ACC01;PETR4;1;7279;7279;7279;18.88;137427.52;137427.52;137427.52;
;ACC09;ITUB4;2;5180;3436;3435;10.19;52784.20;35012.84;35002.65;
;ACC05;ABEV3;2;6144;6144;6144;18.13;111390.72;111390.72;111390.72;
;ACC07;ABEV3;2;2146;2146;2146;10.06;21588.76;21588.76;21588.76;
;ACC08;WEGE3;2;6927;4377;4376;10.56;73149.12;46221.12;46210.56;
;ACC01;BBAS3;2;2798;2798;2798;12.60;35254.80;35254.80;35254.80;
;ACC02;LREN3;2;2360;2360;2360;14.90;35164.00;35164.00;35164.00;
;ACC10;LREN3;2;6230;1058;1057;16.78;104539.40;17753.24;17736.46;
;ACC02;WEGE3;1;7613;7613;7613;13.22;100643.86;100643.86;100643.86;
;ACC03;VALE3;1;2790;2790;2790;11.50;32085.00;32085.00;32085.00;
;ACC04;B3SA3;1;3898;3569;3568;13.92;54260.16;49680.48;49666.56;
;ACC06;WEGE3;1;7552;7552;7552;15.95;120454.40;120454.40;120454.40;
;ACC10;MGLU3;1;2173;2173;2173;16.42;35680.66;35680.66;35680.66;
;ACC03;B3SA3;2;8672;822;821;17.94;155575.68;14746.68;14728.74;
;ACC07;BBAS3;2;7283;7283;7283;10.31;75087.73;75087.73;75087.73;
;ACC07;PETR4;1;9038;9038;9038;15.80;142800.40;142800.40;142800.40;
;ACC08;BBAS3;2;4808;4495;4494;10.81;51974.48;48590.95;48580.14;
;ACC08;ABEV3;2;4772;4772;4772;12.34;58886.48;58886.48;58886.48;
;ACC08;VALE3;2;1601;1601;1601;19.40;31059.40;31059.40;31059.40;
;ACC06;WEGE3;2;2872;1550;1549;19.80;56865.60;30690.00;30670.20;
;ACC08;ABEV3;2;3974;3974;3974;17.72;70419.28;70419.28;70419.28;
;ACC06;WEGE3;2;3716;3716;3716;19.20;71347.20;71347.20;71347.20;
;ACC05;ITUB4;2;9076;3510;3509;14.23;129151.48;49947.30;49933.07;
;ACC01;BBAS3;2;4739;4739;4739;19.42;92031.38;92031.38;92031.38;
;ACC03;ABEV3;2;1522;1522;1522;15.75;23971.50;23971.50;23971.50;
;ACC01;BBDC4;2;3205;3205;3205;17.56;56279.80;56279.80;56279.80;
;ACC09;ABEV3;1;6977;6671;6670;19.49;135981.73;130017.79;129998.30;
;ACC05;PETR4;1;4364;4364;4364;10.06;43901.84;43901.84;43901.84;
;ACC01;LREN3;1;2528;2528;2528;13.32;33672.96;33672.96;33672.96;
;ACC01;WEGE3;1;3762;3762;3762;14.80;55677.60;55677.60;55677.60;
;ACC10;ITUB4;1;3141;2067;2066;20.00;62820.00;41340.00;41320.00;
;ACC04;LREN3;2;3334;3334;3334;17.53;58445.02;58445.02;58445.02;
;ACC05;MGLU3;1;7526;7526;7526;11.82;88957.32;88957.32;88957.32;
;ACC07;VALE3;1;7969;7969;7969;15.98;127344.62;127344.62;127344.62;
;ACC07;ABEV3;2;1865;1079;1078;19.83;36982.95;21396.57;21376.74;
;ACC10;BBAS3;2;6299;6299;6299;17.79;112059.21;112059.21;112059.21;
;ACC02;B3SA3;1;9705;9705;9705;15.64;151786.20;151786.20;151786.20;
;ACC04;BBAS3;1;2470;959;958;12.18;30084.60;11680.62;11668.44;
;ACC01;MGLU3;2;3617;3617;3617;13.92;50348.64;50348.64;50348.64;
;ACC04;WEGE3;1;1797;1797;1797;18.21;32723.37;32723.37;32723.37;
;ACC06;LREN3;1;1107;892;891;16.62;18398.34;14825.04;14808.42;
;ACC06;MGLU3;2;4732;4732;4732;13.71;64875.72;64875.72;64875.72;
;ACC03;BBAS3;2;2205;2205;2205;11.81;26041.05;26041.05;26041.05;
;ACC10;ITUB4;2;5868;1676;1675;16.12;94592.16;27017.12;27001.00;
;ACC02;BBAS3;2;6085;6085;6085;10.38;63162.30;63162.30;63162.30;
;ACC03;LREN3;2;2077;2077;2077;10.09;20956.93;20956.93;20956.93;
;ACC08;ABEV3;1;4996;4564;4563;14.13;70593.48;64489.32;64475.19;
;ACC05;B3SA3;2;1262;1262;1262;14.48;18273.76;18273.76;18273.76;
;ACC02;B3SA3;2;5496;5496;5496;12.83;70513.68;70513.68;70513.68;
;ACC04;PETR4;2;2756;828;827;15.90;43820.40;13165.20;13149.30;
;ACC06;LREN3;1;2383;2383;2383;15.45;36817.35;36817.35;36817.35;
;ACC09;LREN3;1;6921;6921;6921;10.28;71147.88;71147.88;71147.88;
;ACC02;BBDC4;2;7383;7383;7383;11.89;87783.87;87783.87;87783.87;
;ACC07;ITUB4;2;2773;2773;2773;16.88;46808.24;46808.24;46808.24;
;ACC08;WEGE3;2;4917;4917;4917;16.66;81917.22;81917.22;81917.22;
;ACC04;ABEV3;1;8953;8953;8953;19.57;175210.21;175210.21;175210.21;
;ACC06;BBAS3;1;9478;9478;9478;13.88;131554.64;131554.64;131554.64;
;ACC08;VALE3;2;6915;6915;6915;16.31;112783.65;112783.65;112783.65;
;ACC09;BBDC4;1;9342;9342;9342;10.90;101827.80;101827.80;101827.80;
;ACC06;ITUB4;1;2896;1068;1067;14.92;43208.32;15934.56;15919.64;
;ACC10;BBDC4;2;2993;2731;2730;16.89;50551.77;46126.59;46109.70;
;ACC09;B3SA3;1;9706;9706;9706;11.15;108221.90;108221.90;108221.90;
;ACC03;BBAS3;2;6952;1524;1523;11.25;78210.00;17145.00;17133.75;
;ACC02;ABEV3;1;6653;6653;6653;10.34;68792.02;68792.02;68792.02;
;ACC01;LREN3;2;2287;2287;2287;17.57;40182.59;40182.59;40182.59;
;ACC07;MGLU3;1;1288;1288;1288;13.31;17143.28;17143.28;17143.28;
;ACC03;PETR4;1;9697;8160;8159;15.74;152630.78;128438.40;128422.66;
;ACC04;MGLU3;1;6717;5527;5526;14.63;98269.71;80860.01;80845.38;
;ACC09;PETR4;2;6659;6659;6659;16.40;109207.60;109207.60;109207.60;
;ACC05;B3SA3;1;9230;6318;6317;18.65;172139.50;117830.70;117812.05;
;ACC03;PETR4;2;3115;3115;3115;11.90;37068.50;37068.50;37068.50;
;ACC09;WEGE3;1;9505;5789;5788;17.17;163200.85;99397.13;99379.96;
;ACC04;PETR4;2;1661;1661;1661;18.82;31260.02;31260.02;31260.02;
;ACC07;B3SA3;1;2119;1482;1481;11.41;24177.79;16909.62;16898.21;
;ACC03;LREN3;2;8177;8177;8177;13.41;109653.57;109653.57;109653.57;
;ACC03;BBDC4;1;2500;2026;2025;17.47;43675.00;35394.22;35376.75;
;ACC06;VALE3;2;7841;7841;7841;15.24;119496.84;119496.84;119496.84;
;ACC08;BBDC4;1;1607;546;545;16.43;26403.01;8970.78;8954.35;
;ACC09;LREN3;1;2346;2346;2346;14.58;34204.68;34204.68;34204.68;
;ACC07;MGLU3;1;5778;3086;3085;10.39;60033.42;32063.54;32053.15;
;ACC06;WEGE3;2;8006;8006;8006;12.67;101436.02;101436.02;101436.02;
;ACC05;MGLU3;2;8961;2881;2880;19.03;170527.83;54825.43;54806.40;
;ACC07;PETR4;2;9579;9579;9579;11.97;114660.63;114660.63;114660.63;
;ACC01;PETR4;1;9839;5479;5478;10.62;104490.18;58186.98;58176.36;
;ACC07;BBAS3;1;3861;3861;3861;11.89;45907.29;45907.29;45907.29;
;ACC08;ITUB4;2;3250;2938;2937;13.01;42282.50;38223.38;38210.37;
;ACC09;PETR4;1;9243;9243;9243;10.18;94093.74;94093.74;94093.74;
;ACC09;BBAS3;2;1355;448;447;10.80;14634.00;4838.40;4827.60;
;ACC07;MGLU3;1;7991;7991;7991;18.67;149191.97;149191.97;149191.97;
;ACC04;BBAS3;2;8701;2713;2712;12.57;109371.57;34102.41;34089.84;
;ACC02;MGLU3;1;3477;3477;3477;11.27;39185.79;39185.79;39185.79;
;ACC01;PETR4;2;1801;1601;1600;17.47;31463.47;27969.47;27952.00;
;ACC07;WEGE3;2;2012;2012;2012;16.35;32896.20;32896.20;32896.20;
;ACC02;BBDC4;2;3414;1962;1961;19.76;67460.64;38769.12;38749.36;
;ACC07;WEGE3;1;3336;3336;3336;11.78;39298.08;39298.08;39298.08;
;ACC03;BBDC4;2;6168;6157;6156;19.01;117253.68;117044.57;117025.56;
;ACC09;B3SA3;1;9910;9910;9910;16.06;159154.60;159154.60;159154.60;
;ACC02;MGLU3;2;7113;4914;4913;17.09;121561.17;83980.26;83963.17;
;ACC09;LREN3;1;7398;7398;7398;13.40;99133.20;99133.20;99133.20;
;ACC06;BBDC4;1;7674;4111;4110;17.74;136136.76;72929.14;72911.40;
;ACC02;BBAS3;1;1682;1682;1682;14.25;23968.50;23968.50;23968.50;
;ACC08;VALE3;2;2573;1058;1057;12.24;31493.52;12949.92;12937.68;
;ACC09;BBAS3;1;5751;5751;5751;14.22;81779.22;81779.22;81779.22;
;ACC05;ABEV3;2;8742;8533;8532;18.82;164524.44;160591.06;160572.24;
;ACC04;ABEV3;2;6749;6749;6749;16.16;109063.84;109063.84;109063.84;
;ACC01;BBAS3;2;2179;87;86;15.78;34384.62;1372.86;1357.08;
;ACC01;PETR4;2;1112;1112;1112;15.32;17035.84;17035.84;17035.84;
;ACC10;ABEV3;2;9939;9408;9407;11.43;113602.77;107533.44;107522.01;
;ACC09;MGLU3;2;9498;9498;9498;18.02;171153.96;171153.96;171153.96;
;ACC04;PETR4;1;2174;781;780;13.63;29631.62;10645.03;10631.40;
;ACC06;VALE3;1;7254;7254;7254;13.59;98581.86;98581.86;98581.86;
;ACC09;VALE3;2;5274;5274;5274;13.04;68772.96;68772.96;68772.96;
;ACC04;ABEV3;1;2896;1180;1179;11.71;33912.16;13817.80;13806.09;
;ACC01;WEGE3;1;1004;1004;1004;16.97;17037.88;17037.88;17037.88;
;ACC01;ABEV3;1;4863;165;164;15.63;76008.69;2578.95;2563.32;
;ACC08;WEGE3;2;1796;1796;1796;16.93;30406.28;30406.28;30406.28;
;ACC05;LREN3;2;5119;4749;4748;10.52;53851.88;49959.48;49948.96;
;ACC05;LREN3;1;4040;2324;2323;16.66;67306.40;38717.84;38701.18;
;ACC01;MGLU3;1;5452;5452;5452;15.28;83306.56;83306.56;83306.56;
;ACC09;WEGE3;2;7873;7873;7873;15.68;123448.64;123448.64;123448.64;
;ACC02;PETR4;1;6420;2050;2049;16.95;108819.00;34747.50;34730.55;
;ACC02;BBAS3;2;5229;5229;5229;14.81;77441.49;77441.49;77441.49;
;ACC03;BBDC4;1;9047;3494;3493;16.95;153346.65;59223.30;59206.35;
;ACC10;BBDC4;2;2758;2758;2758;16.33;45038.14;45038.14;45038.14;
;ACC09;WEGE3;2;7908;5974;5973;13.48;106599.84;80529.52;80516.04;
;ACC02;ITUB4;2;4004;4004;4004;13.02;52132.08;52132.08;52132.08;
;ACC03;B3SA3;2;1258;233;232;12.74;16026.92;2968.42;2955.68;
;ACC05;BBAS3;2;8903;8903;8903;18.30;162924.90;162924.90;162924.90;
;ACC05;ABEV3;2;6810;6810;6810;19.02;129526.20;129526.20;129526.20;
;ACC09;BBDC4;1;1257;793;792;19.99;25127.43;15852.07;15832.08;
;ACC08;BBDC4;2;6445;5191;5190;14.44;93065.80;74958.04;74943.60;
;ACC10;BBAS3;1;7168;7168;7168;15.82;113397.76;113397.76;113397.76;
;ACC07;PETR4;1;9413;7780;7779;19.78;186189.14;153888.40;153868.62;
;ACC05;WEGE3;1;7639;7639;7639;12.90;98543.10;98543.10;98543.10;
;ACC03;PETR4;2;9257;6512;6511;18.44;170699.08;120081.28;120062.84;
;ACC08;PETR4;2;8697;8697;8697;12.53;108973.41;108973.41;108973.41;
;ACC03;BBAS3;1;5031;5031;5031;13.10;65906.10;65906.10;65906.10;
;ACC09;LREN3;1;1117;729;728;13.81;15425.77;10067.49;10053.68;
;ACC08;BBDC4;2;3073;3073;3073;13.38;41116.74;41116.74;41116.74;
;ACC10;BBAS3;2;7840;7840;7840;13.63;106859.20;106859.20;106859.20;
;ACC06;ABEV3;2;8217;3100;3099;15.09;123994.53;46779.00;46763.91;
;ACC04;PETR4;2;9148;9148;9148;14.65;134018.20;134018.20;134018.20;
;ACC01;BBAS3;1;3495;3495;3495;13.38;46763.10;46763.10;46763.10;
;ACC01;WEGE3;2;9463;7769;7768;19.97;188976.11;155146.93;155126.96;
;ACC05;VALE3;1;9312;9312;9312;19.90;185308.80;185308.80;185308.80;
;ACC01;BBDC4;1;9748;9748;9748;16.14;157332.72;157332.72;157332.72;
;ACC03;MGLU3;2;5660;5501;5500;14.62;82749.20;80424.62;80410.00;
;ACC09;ABEV3;1;1056;1056;1056;14.55;15364.80;15364.80;15364.80;
;ACC04;ABEV3;1;1024;1024;1024;12.21;12503.04;12503.04;12503.04;
;ACC02;MGLU3;1;2999;2999;2999;18.16;54461.84;54461.84;54461.84;
;ACC01;B3SA3;1;8526;5546;5545;16.81;143322.06;93228.26;93211.45;
;ACC09;PETR4;2;7924;7924;7924;11.04;87480.96;87480.96;87480.96;
;ACC08;BBDC4;1;7702;7702;7702;13.03;100357.06;100357.06;100357.06;
;ACC09;PETR4;2;7799;137;136;11.93;93042.07;1634.41;1622.48;
;ACC01;VALE3;2;3505;3505;3505;19.53;68452.65;68452.65;68452.65;
;ACC07;ABEV3;2;3327;3327;3327;16.07;53464.89;53464.89;53464.89;
;ACC02;MGLU3;2;7160;6919;6918;16.61;118927.60;114924.59;114907.98;
;ACC01;LREN3;1;8451;8451;8451;11.07;93552.57;93552.57;93552.57;
;ACC03;BBAS3;2;6971;6971;6971;10.91;76053.61;76053.61;76053.61;
;ACC08;ITUB4;1;4086;2796;2795;14.76;60309.36;41268.96;41254.20;
;ACC06;BBDC4;1;6221;6221;6221;16.87;104948.27;104948.27;104948.27;
;ACC03;BBAS3;1;9154;9154;9154;10.88;99595.52;99595.52;99595.52;
;ACC01;MGLU3;2;3841;538;537;16.71;64183.11;8989.98;8973.27;
;ACC02;BBDC4;2;5426;5426;5426;10.34;56104.84;56104.84;56104.84;
;ACC06;BBAS3;2;7459;7459;7459;15.61;116434.99;116434.99;116434.99;
;ACC10;BBDC4;2;6415;4695;4694;12.74;81727.10;59814.30;59801.56;
;ACC08;VALE3;1;7091;7091;7091;16.69;118348.79;118348.79;118348.79;
;ACC10;ITUB4;1;8767;8767;8767;19.72;172885.24;172885.24;172885.24;
;ACC02;MGLU3;2;9429;1597;1596;18.45;173965.05;29464.65;29446.20;
;ACC05;ITUB4;1;3528;3528;3528;16.10;56800.80;56800.80;56800.80;
;ACC07;B3SA3;1;8878;8878;8878;19.73;175162.94;175162.94;175162.94;
;ACC09;ABEV3;1;8206;7849;7848;11.21;91989.26;87987.29;87976.08;
;ACC08;WEGE3;2;7512;7512;7512;14.72;110576.64;110576.64;110576.64;
;ACC04;VALE3;2;9742;9742;9742;10.43;101609.06;101609.06;101609.06;
;ACC01;VALE3;2;1353;1192;1191;13.37;18089.61;15937.04;15923.67;
;ACC06;BBDC4;1;8680;8680;8680;16.07;139487.60;139487.60;139487.60;
;ACC02;MGLU3;2;1693;1693;1693;16.07;27206.51;27206.51;27206.51;
;ACC09;LREN3;1;4198;1245;1244;10.26;43071.48;12773.70;12763.44;
;ACC02;ABEV3;2;5314;5314;5314;18.69;99318.66;99318.66;99318.66;
;ACC03;WEGE3;2;7845;7845;7845;13.05;102377.25;102377.25;102377.25;
;ACC09;ITUB4;2;2305;1589;1588;18.45;42527.25;29317.05;29298.60;
;ACC10;LREN3;2;6086;6086;6086;15.66;95306.76;95306.76;95306.76;
;ACC05;B3SA3;2;9793;9793;9793;16.03;156981.79;156981.79;156981.79;
;ACC04;PETR4;2;6054;4895;4894;12.28;74343.12;60110.60;60098.32;
;ACC08;WEGE3;2;8222;8222;8222;15.72;129249.84;129249.84;129249.84;
;ACC07;MGLU3;2;1136;1136;1136;13.57;15415.52;15415.52;15415.52;
;ACC05;B3SA3;1;4562;779;778;14.93;68110.66;11630.47;11615.54;
;ACC10;ITUB4;1;6403;6403;6403;17.30;110771.90;110771.90;110771.90;
;ACC05;BBDC4;2;9003;9003;9003;14.74;132704.22;132704.22;132704.22;
;ACC05;ABEV3;2;2936;554;553;13.67;40135.12;7573.18;7559.51;
;ACC04;LREN3;1;8638;8638;8638;17.46;150819.48;150819.48;150819.48;
;ACC09;MGLU3;2;3881;3881;3881;19.62;76145.22;76145.22;76145.22;
;ACC10;B3SA3;2;7657;6958;6957;17.41;133308.37;121138.78;121121.37;
;ACC03;WEGE3;1;9345;9345;9345;13.85;129428.25;129428.25;129428.25;
;ACC09;PETR4;2;3259;3259;3259;18.16;59183.44;59183.44;59183.44;
;ACC05;B3SA3;1;8674;1038;1037;18.86;163591.64;19576.68;19557.82;
;ACC06;ITUB4;2;2345;2345;2345;13.79;32337.55;32337.55;32337.55;
;ACC02;B3SA3;1;5350;5350;5350;11.66;62381.00;62381.00;62381.00;
;ACC05;VALE3;2;5393;2582;2581;12.90;69569.70;33307.80;33294.90;
;ACC01;BBAS3;2;2296;2296;2296;12.22;28057.12;28057.12;28057.12;
;ACC06;ITUB4;2;1088;1088;1088;12.12;13186.56;13186.56;13186.56;
;ACC09;ITUB4;2;6464;6135;6134;17.27;111633.28;105951.45;105934.18;
;ACC01;VALE3;2;8531;8531;8531;10.60;90428.60;90428.60;90428.60;
;ACC07;B3SA3;1;4250;4250;4250;16.94;71995.00;71995.00;71995.00;
;ACC08;LREN3;1;6240;948;947;11.61;72446.40;11006.28;10994.67;
;ACC10;LREN3;2;7672;7672;7672;13.54;103878.88;103878.88;103878.88;
;ACC04;BBAS3;1;4735;4184;4183;16.46;77938.10;68868.64;68852.18;
;ACC02;LREN3;2;8447;3837;3836;17.69;149427.43;67876.53;67858.84;
;ACC01;PETR4;2;1324;1324;1324;10.89;14418.36;14418.36;14418.36;
;ACC09;BBDC4;1;9681;9681;9681;11.52;111525.12;111525.12;111525.12;
;ACC10;PETR4;2;6194;2932;2931;13.79;85415.26;40432.28;40418.49;
;ACC10;BBAS3;1;3954;671;670;11.94;47210.76;8011.74;7999.80;
;ACC01;ABEV3;2;3182;3182;3182;17.54;55812.28;55812.28;55812.28;
;ACC09;ABEV3;1;7187;611;610;17.06;122610.22;10423.66;10406.60;
;ACC07;BBAS3;2;6332;4717;4716;14.07;89091.24;66368.19;66354.12;
;ACC03;LREN3;2;7334;7334;7334;15.29;112136.86;112136.86;112136.86;
;ACC05;ABEV3;1;9803;9474;9473;19.74;193511.22;187016.76;186997.02;
;ACC06;ABEV3;1;4910;2888;2887;15.57;76448.70;44966.16;44950.59;
;ACC04;ABEV3;1;3736;3736;3736;17.03;63624.08;63624.08;63624.08;
;ACC10;WEGE3;2;2632;988;987;17.62;46375.84;17408.56;17390.94;
;ACC01;B3SA3;2;9626;7401;7400;15.61;150261.86;115529.61;115514.00;
;ACC06;ABEV3;2;3842;3842;3842;13.48;51790.16;51790.16;51790.16;
;ACC04;VALE3;2;5216;5124;5123;12.31;64208.96;63076.44;63064.13;
;ACC03;PETR4;2;5573;2701;2700;14.96;83372.08;40406.96;40392.00;
;ACC02;VALE3;1;2031;2031;2031;17.70;35948.70;35948.70;35948.70;
;ACC01;MGLU3;2;8996;4414;4413;10.18;91579.28;44934.52;44924.34;
;ACC03;LREN3;2;6390;2904;2903;12.13;77510.70;35225.52;35213.39;
;ACC07;ITUB4;2;3697;3697;3697;14.15;52312.55;52312.55;52312.55;
;ACC07;ABEV3;2;5342;3393;3392;13.71;73238.82;46518.03;46504.32;
;ACC08;PETR4;2;9799;9799;9799;11.57;113374.43;113374.43;113374.43;
;ACC10;MGLU3;1;3821;3726;3725;12.68;48450.28;47245.68;47233.00;
;ACC03;BBAS3;1;4659;4659;4659;11.47;53438.73;53438.73;53438.73;
;ACC06;ITUB4;1;3922;2595;2594;19.57;76753.54;50784.15;50764.58;
;ACC09;MGLU3;1;1468;260;259;17.79;26115.72;4625.40;4607.61;
;ACC06;ITUB4;1;3715;3715;3715;15.88;58994.20;58994.20;58994.20;
;ACC03;ITUB4;2;3288;557;556;11.26;37022.88;6271.82;6260.56;
;ACC05;B3SA3;1;9289;4541;4540;18.11;168223.79;82237.51;82219.40;
;ACC02;BBAS3;2;4166;4166;4166;13.70;57074.20;57074.20;57074.20;
;ACC04;WEGE3;1;7192;3574;3573;12.18;87598.56;43531.32;43519.14;
;ACC02;MGLU3;2;8441;7253;7252;14.82;125095.62;107489.46;107474.64;
;ACC04;ITUB4;1;6611;6611;6611;11.60;76687.60;76687.60;76687.60;
;ACC04;LREN3;2;9756;4716;4715;18.74;182827.44;88377.84;88359.10;
;ACC05;B3SA3;2;7367;7367;7367;16.38;120671.46;120671.46;120671.46;
;ACC08;PETR4;1;7838;3678;3677;10.35;81123.30;38067.30;38056.95;
;ACC05;LREN3;1;6680;6680;6680;17.38;116098.40;116098.40;116098.40;
;ACC02;BBAS3;2;5481;55;54;12.36;67745.16;679.80;667.44;
;ACC10;VALE3;2;9698;6758;6757;17.63;170975.74;119143.54;119125.91;
;ACC03;WEGE3;2;3268;3268;3268;12.25;40033.00;40033.00;40033.00;
;ACC02;PETR4;2;2021;1546;1545;12.98;26232.58;20067.08;20054.10;
;ACC08;LREN3;1;5001;4002;4001;18.24;91218.24;72996.48;72978.24;
;ACC05;VALE3;2;9740;9740;9740;19.79;192754.60;192754.60;192754.60;
;ACC08;LREN3;1;5874;1444;1443;17.11;100504.14;24706.84;24689.73;
;ACC02;PETR4;2;4362;3150;3149;16.44;71711.28;51786.00;51769.56;
;ACC08;ABEV3;2;3365;3365;3365;10.05;33818.25;33818.25;33818.25;
;ACC08;B3SA3;2;9081;9081;9081;15.79;143388.99;143388.99;143388.99;
;ACC09;VALE3;1;8305;7954;7953;17.46;145005.30;138876.84;138859.38;
;ACC01;WEGE3;1;6380;6380;6380;13.74;87661.20;87661.20;87661.20;
;ACC03;BBAS3;1;4382;36;35;18.28;80102.96;658.08;639.80;
;ACC09;BBAS3;2;8070;8070;8070;16.84;135898.80;135898.80;135898.80;
;ACC03;ITUB4;1;1498;1498;1498;18.59;27847.82;27847.82;27847.82;
;ACC05;BBDC4;2;6925;6925;6925;11.01;76244.25;76244.25;76244.25;
;ACC04;ABEV3;2;8696;2311;2310;12.24;106439.04;28286.64;28274.40;
;ACC02;VALE3;2;2607;2268;2267;12.65;32978.55;28690.20;28677.55;
;ACC04;ABEV3;1;5074;5074;5074;15.69;79611.06;79611.06;79611.06;
;ACC08;WEGE3;2;3139;3139;3139;19.82;62214.98;62214.98;62214.98;
;ACC01;LREN3;1;1295;1295;1295;14.56;18855.20;18855.20;18855.20;
;ACC05;WEGE3;1;9627;9627;9627;18.45;177618.15;177618.15;177618.15;
;ACC02;VALE3;1;3330;1781;1780;13.39;44588.70;23847.59;23834.20;
;ACC02;MGLU3;2;2039;2039;2039;15.62;31849.18;31849.18;31849.18;
;ACC07;ITUB4;2;1508;375;374;17.37;26193.96;6513.75;6496.38;
;ACC08;LREN3;2;1026;1026;1026;10.91;11193.66;11193.66;11193.66;
;ACC03;MGLU3;2;4826;4826;4826;12.56;60614.56;60614.56;60614.56;
;ACC02;BBDC4;2;9301;295;294;10.12;94126.12;2985.40;2975.28;
;ACC05;MGLU3;1;9799;3737;3736;15.58;152668.42;58222.46;58206.88;
;ACC08;LREN3;2;8284;8284;8284;15.74;130390.16;130390.16;130390.16;
;ACC02;WEGE3;2;7009;7009;7009;18.79;131699.11;131699.11;131699.11;
;ACC05;LREN3;2;6897;4533;4532;18.49;127525.53;83815.17;83796.68;
;ACC06;ABEV3;2;4290;4290;4290;18.74;80394.60;80394.60;80394.60;
;ACC05;ITUB4;1;7706;5385;5384;13.11;101025.66;70597.35;70584.24;
;ACC06;B3SA3;2;8806;8806;8806;10.62;93519.72;93519.72;93519.72;
;ACC03;MGLU3;2;3061;3061;3061;15.41;47170.01;47170.01;47170.01;
;ACC09;B3SA3;1;2555;2555;2555;19.07;48723.85;48723.85;48723.85;
;ACC01;VALE3;1;6035;1942;1941;15.52;93663.20;30139.84;30124.32;
;ACC06;ABEV3;2;5880;3096;3095;19.39;114013.20;60031.44;60012.05;
;ACC08;ABEV3;2;1705;1705;1705;15.35;26171.75;26171.75;26171.75;
;ACC01;BBDC4;1;1775;1775;1775;16.68;29607.00;29607.00;29607.00;
;ACC04;B3SA3;2;4069;4069;4069;12.53;50984.57;50984.57;50984.57;
;ACC02;B3SA3;1;6633;6633;6633;13.97;92663.01;92663.01;92663.01;
;ACC08;ABEV3;2;1736;1391;1390;11.52;19998.72;16024.32;16012.80;
;ACC03;MGLU3;1;3711;1330;1329;10.70;39707.70;14231.00;14220.30;
;ACC09;WEGE3;2;4736;4736;4736;18.19;86147.84;86147.84;86147.84;
;ACC05;BBAS3;2;5817;5817;5817;14.27;83008.59;83008.59;83008.59;
;ACC07;BBAS3;2;8502;8502;8502;14.89;126594.78;126594.78;126594.78;
;ACC10;ITUB4;1;3234;3234;3234;19.16;61963.44;61963.44;61963.44;
;ACC10;PETR4;2;7293;6949;6948;14.20;103560.60;98675.80;98661.60;
;ACC05;VALE3;1;5988;5988;5988;14.78;88502.64;88502.64;88502.64;
;ACC08;PETR4;1;1799;1799;1799;14.77;26571.23;26571.23;26571.23;
;ACC04;MGLU3;2;2244;2244;2244;19.69;44184.36;44184.36;44184.36;
;ACC06;VALE3;2;3410;794;793;15.50;52855.00;12307.00;12291.50;
;ACC04;MGLU3;2;2178;1514;1513;15.22;33149.16;23043.08;23027.86;
;ACC04;ITUB4;1;5788;5788;5788;11.44;66214.72;66214.72;66214.72;
;ACC03;VALE3;2;5143;5143;5143;13.97;71847.71;71847.71;71847.71;
;ACC08;ABEV3;2;4992;4992;4992;11.10;55411.20;55411.20;55411.20;
;ACC06;B3SA3;1;1676;1676;1676;16.42;27519.92;27519.92;27519.92;
;ACC07;BBAS3;2;1696;1399;1398;12.34;20928.64;17263.66;17251.32;
;ACC10;PETR4;2;2504;2504;2504;10.22;25590.88;25590.88;25590.88;
;ACC04;VALE3;2;3731;199;198;16.90;63053.90;3363.10;3346.20;
;ACC08;ABEV3;2;5219;5219;5219;19.52;101874.88;101874.88;101874.88;
;ACC07;LREN3;2;9229;800;799;19.67;181534.43;15736.00;15716.33;
;ACC03;BBDC4;1;8883;8883;8883;13.65;121252.95;121252.95;121252.95;
;ACC08;PETR4;1;9295;9295;9295;14.43;134126.85;134126.85;134126.85;
;ACC02;ITUB4;1;5959;2877;2876;15.03;89563.77;43241.31;43226.28;
;ACC03;LREN3;1;8221;3116;3115;12.82;105393.22;39947.12;39934.30;
;ACC09;PETR4;2;5460;1138;1137;12.01;65574.60;13667.38;13655.37;
;ACC09;PETR4;1;4823;4823;4823;16.17;77987.91;77987.91;77987.91;
;ACC09;VALE3;2;5967;5967;5967;13.19;78704.73;78704.73;78704.73;
;ACC10;WEGE3;2;2703;1687;1686;17.59;47545.77;29674.33;29656.74;
;ACC04;VALE3;2;5064;1304;1303;15.80;80011.20;20603.20;20587.40;
;ACC06;PETR4;2;9082;9082;9082;14.84;134776.88;134776.88;134776.88;
;ACC03;VALE3;1;3478;702;701;16.04;55787.12;11260.08;11244.04;
;ACC04;LREN3;2;5229;5229;5229;16.09;84134.61;84134.61;84134.61;
;ACC01;PETR4;2;8606;7347;7346;11.51;99055.06;84563.97;84552.46;
;ACC02;PETR4;2;3600;3600;3600;15.99;57564.00;57564.00;57564.00;
;ACC08;PETR4;1;7576;7390;7389;10.82;81972.32;79959.80;79948.98;
;ACC07;B3SA3;1;7653;7653;7653;17.81;136299.93;136299.93;136299.93;
;ACC04;ITUB4;2;2784;950;949;16.36;45546.24;15542.00;15525.64;
;ACC08;B3SA3;1;8911;8349;8348;14.43;128585.73;120476.07;120461.64;
;ACC02;VALE3;1;8995;8995;8995;10.28;92468.60;92468.60;92468.60;
;ACC02;VALE3;1;5696;804;803;17.14;97629.44;13780.56;13763.42;
;ACC08;PETR4;2;5616;3499;3498;12.49;70143.84;43702.51;43690.02;
;ACC01;MGLU3;2;4965;4965;4965;13.26;65835.90;65835.90;65835.90;
;ACC05;LREN3;1;7490;2034;2033;19.55;146429.50;39764.70;39745.15;
;ACC10;MGLU3;1;3913;235;234;12.81;50125.53;3010.35;2997.54;
;ACC09;VALE3;1;2919;2919;2919;19.27;56249.13;56249.13;56249.13;
;ACC10;MGLU3;1;5950;775;774;16.17;96211.50;12531.75;12515.58;
;ACC01;MGLU3;1;7265;7265;7265;12.19;88560.35;88560.35;88560.35;
;ACC05;VALE3;1;2260;305;304;13.05;29493.00;3980.25;3967.20;
;ACC09;B3SA3;2;5604;5604;5604;11.86;66463.44;66463.44;66463.44;
;ACC01;B3SA3;2;6098;6098;6098;15.20;92689.60;92689.60;92689.60;
;ACC06;ABEV3;2;6640;6640;6640;10.95;72708.00;72708.00;72708.00;
;ACC02;PETR4;2;5696;5696;5696;11.15;63510.40;63510.40;63510.40;
;ACC02;ITUB4;1;3756;2294;2293;10.20;38311.20;23398.80;23388.60;
;ACC04;BBDC4;1;4282;575;574;16.18;69282.76;9303.50;9287.32;
;ACC05;PETR4;1;1916;1916;1916;16.34;31307.44;31307.44;31307.44;
;ACC01;BBDC4;2;4608;4608;4608;12.60;58060.80;58060.80;58060.80;
;ACC01;MGLU3;2;8868;8868;8868;10.16;90098.88;90098.88;90098.88;
;ACC01;WEGE3;1;6546;6546;6546;11.11;72726.06;72726.06;72726.06;
;ACC01;VALE3;1;9954;9954;9954;13.66;135971.64;135971.64;135971.64;
;ACC08;B3SA3;1;7761;1002;1001;17.73;137602.53;17765.46;17747.73;
;ACC06;BBAS3;2;7975;1839;1838;15.91;126882.25;29258.49;29242.58;
;ACC08;BBDC4;1;6338;6338;6338;12.10;76689.80;76689.80;76689.80;
;ACC02;PETR4;1;4133;4133;4133;10.80;44636.40;44636.40;44636.40;
;ACC08;BBDC4;2;1415;1415;1415;10.77;15239.55;15239.55;15239.55;
;ACC03;B3SA3;2;8066;8066;8066;10.82;87274.12;87274.12;87274.12;
;ACC03;B3SA3;1;9190;3254;3253;19.52;179388.80;63518.08;63498.56;
;ACC06;WEGE3;1;5413;5413;5413;19.96;108043.48;108043.48;108043.48;
;ACC04;BBAS3;2;8738;710;709;15.68;137011.84;11132.80;11117.12;
;ACC05;MGLU3;1;1165;1165;1165;17.86;20806.90;20806.90;20806.90;
;ACC01;WEGE3;2;8035;8035;8035;14.24;114418.40;114418.40;114418.40;
;ACC07;ABEV3;1;9491;9140;9139;10.64;100984.24;97249.60;97238.96;
;ACC07;MGLU3;2;2558;2558;2558;18.02;46095.16;46095.16;46095.16;
;ACC10;ITUB4;2;7291;7291;7291;16.87;122999.17;122999.17;122999.17;
;ACC08;PETR4;2;3443;3443;3443;17.83;61388.69;61388.69;61388.69;
;ACC07;BBAS3;2;4373;516;515;17.86;78101.78;9215.76;9197.90;
;ACC02;ITUB4;1;2915;2915;2915;18.64;54335.60;54335.60;54335.60;
;ACC10;BBAS3;1;5234;2413;2412;17.22;90129.48;41551.86;41534.64;
;ACC09;PETR4;1;2664;2664;2664;13.21;35191.44;35191.44;35191.44;
;ACC03;LREN3;1;6749;6749;6749;16.58;111898.42;111898.42;111898.42;
;ACC10;BBAS3;1;3832;2246;2245;19.33;74072.56;43415.18;43395.85;
;ACC08;BBDC4;2;1965;1965;1965;14.77;29023.05;29023.05;29023.05;
;ACC06;BBDC4;1;4128;4128;4128;16.26;67121.28;67121.28;67121.28;
;ACC01;PETR4;2;2343;1165;1164;19.42;45501.06;22624.30;22604.88;
;ACC06;B3SA3;2;8993;8993;8993;15.57;140021.01;140021.01;140021.01;
;ACC02;BBAS3;1;6328;6328;6328;12.22;77328.16;77328.16;77328.16;
;ACC10;B3SA3;2;8377;8377;8377;14.29;119707.33;119707.33;119707.33;
;ACC03;PETR4;1;6862;6862;6862;19.40;133122.80;133122.80;133122.80;
;ACC10;B3SA3;1;3957;2647;2646;11.34;44872.38;30016.98;30005.64;
;ACC02;BBAS3;2;8889;1188;1187;15.67;139290.63;18615.96;18600.29;
;ACC04;MGLU3;1;5895;5895;5895;18.21;107347.95;107347.95;107347.95;
;ACC02;ITUB4;1;3494;3494;3494;12.01;41962.94;41962.94;41962.94;
;ACC03;PETR4;2;3530;3530;3530;18.79;66328.70;66328.70;66328.70;
;ACC01;LREN3;2;1410;1410;1410;16.27;22940.70;22940.70;22940.70;
;ACC01;MGLU3;2;4815;4815;4815;17.73;85369.95;85369.95;85369.95;
;ACC03;VALE3;1;5208;4592;4591;11.20;58329.60;51430.40;51419.20;
;ACC02;ABEV3;1;5362;5362;5362;11.98;64236.76;64236.76;64236.76;
;ACC04;ABEV3;1;7170;7170;7170;17.57;125976.90;125976.90;125976.90;
;ACC10;B3SA3;2;1553;1553;1553;12.62;19598.86;19598.86;19598.86;
;ACC07;VALE3;2;6690;4066;4065;17.92;119884.80;72862.72;72844.80;
;ACC06;B3SA3;1;1096;875;874;10.83;11869.68;9476.25;9465.42;
;ACC02;ABEV3;1;1808;1468;1467;10.90;19707.20;16001.20;15990.30;
;ACC05;BBDC4;2;7101;7101;7101;17.70;125687.70;125687.70;125687.70;
;ACC03;BBAS3;1;6357;2137;2136;12.67;80543.19;27075.79;27063.12;
;ACC04;VALE3;1;5082;5082;5082;16.00;81312.00;81312.00;81312.00;
;ACC02;BBAS3;1;8699;8699;8699;14.86;129267.14;129267.14;129267.14;
;ACC03;MGLU3;1;6076;2856;2855;10.42;63311.92;29759.52;29749.10;
;ACC07;B3SA3;1;8197;3494;3493;12.90;105741.30;45072.60;45059.70;
;ACC02;BBDC4;1;6533;1616;1615;11.09;72450.97;17921.44;17910.35;
;ACC03;BBDC4;2;5727;5727;5727;18.92;108354.84;108354.84;108354.84;
;ACC08;VALE3;1;7412;6575;6574;13.12;97245.44;86264.00;86250.88;
;ACC10;PETR4;1;7138;7138;7138;13.20;94221.60;94221.60;94221.60;
;ACC08;LREN3;2;4569;2476;2475;19.55;89323.95;48405.80;48386.25;
;ACC10;BBAS3;1;2096;2096;2096;10.09;21148.64;21148.64;21148.64;
;ACC10;B3SA3;1;4078;1330;1329;18.67;76136.26;24831.10;24812.43;
;ACC06;PETR4;1;2887;2887;2887;17.79;51359.73;51359.73;51359.73;
;ACC02;LREN3;1;8666;401;400;15.38;133283.08;6167.38;6152.00;
;ACC04;MGLU3;1;9297;9297;9297;10.91;101430.27;101430.27;101430.27;
;ACC04;LREN3;2;3631;844;843;18.58;67463.98;15681.52;15662.94;
;ACC10;WEGE3;1;7346;7346;7346;19.32;141924.72;141924.72;141924.72;
;ACC08;BBDC4;2;1941;432;431;18.64;36180.24;8052.48;8033.84;
;ACC06;ITUB4;2;2325;820;819;12.04;27993.00;9872.80;9860.76;
;ACC01;WEGE3;2;5029;4748;4747;15.24;76641.96;72359.52;72344.28;
;ACC10;BBAS3;1;8267;8267;8267;19.33;159801.11;159801.11;159801.11;
;ACC04;PETR4;2;3979;1145;1144;17.79;70786.41;20369.55;20351.76;
;ACC03;MGLU3;1;3546;3546;3546;16.69;59182.74;59182.74;59182.74;
;ACC01;PETR4;1;9126;1533;1532;15.78;144008.28;24190.74;24174.96;
;ACC10;B3SA3;2;4140;4140;4140;12.84;53157.60;53157.60;53157.60;
;ACC04;ITUB4;1;6704;5408;5407;13.51;90571.04;73062.08;73048.57;
;ACC09;LREN3;2;7780;7780;7780;19.72;153421.60;153421.60;153421.60;
;ACC02;ABEV3;2;5170;1064;1063;13.88;71759.60;14768.32;14754.44;
;ACC06;ITUB4;2;2840;2840;2840;19.40;55096.00;55096.00;55096.00;
;ACC03;BBAS3;1;5617;2779;2778;10.12;56844.04;28123.48;28113.36;
;ACC02;BBAS3;1;5600;5600;5600;18.48;103488.00;103488.00;103488.00;
;ACC05;VALE3;1;8336;5676;5675;11.65;97114.40;66125.40;66113.75;
;ACC09;WEGE3;1;5815;3680;3679;15.79;91818.85;58107.20;58091.41;
;ACC04;BBAS3;1;7780;4392;4391;11.95;92971.00;52484.40;52472.45;
;ACC10;BBAS3;2;3256;3256;3256;10.27;33439.12;33439.12;33439.12;
;ACC08;MGLU3;1;3763;2481;2480;18.10;68110.30;44906.10;44888.00;
;ACC06;BBAS3;1;4442;4442;4442;10.83;48106.86;48106.86;48106.86;
;ACC01;BBAS3;2;1546;410;409;16.52;25539.92;6773.20;6756.68;
;ACC05;WEGE3;1;6183;6183;6183;15.12;93486.96;93486.96;93486.96;
;ACC05;B3SA3;1;7227;650;649;15.06;108838.62;9789.00;9773.94;
;ACC06;LREN3;1;6267;6267;6267;17.67;110737.89;110737.89;110737.89;
;ACC09;BBAS3;1;5703;1359;1358;12.22;69690.66;16606.98;16594.76;
;ACC07;LREN3;1;8942;8942;8942;10.08;90135.36;90135.36;90135.36;
;ACC04;WEGE3;1;4717;4215;4214;19.66;92736.22;82866.90;82847.24;
;ACC06;BBDC4;1;3973;3973;3973;11.92;47358.16;47358.16;47358.16;
;ACC09;B3SA3;2;6195;5783;5782;11.42;70746.90;66041.86;66030.44;
;ACC04;LREN3;2;1065;554;553;15.65;16667.25;8670.10;8654.45;
;ACC03;LREN3;1;1910;1565;1564;14.00;26740.00;21910.00;21896.00;
;ACC01;B3SA3;2;4920;4920;4920;19.61;96481.20;96481.20;96481.20;
;ACC03;VALE3;2;8358;8091;8090;11.41;95364.78;92318.31;92306.90;
;ACC09;LREN3;2;4105;4105;4105;14.08;57798.40;57798.40;57798.40;
;ACC06;WEGE3;1;8828;5111;5110;10.15;89604.20;51876.65;51866.50;
;ACC10;ABEV3;1;8704;8704;8704;18.92;164679.68;164679.68;164679.68;
;ACC01;VALE3;1;3722;1634;1633;12.25;45594.50;20016.50;20004.25;
;ACC01;MGLU3;1;2696;709;708;13.52;36449.92;9585.68;9572.16;
;ACC08;BBDC4;1;1538;678;677;16.86;25930.68;11431.08;11414.22;
;ACC07;BBDC4;2;7828;7828;7828;13.92;108965.76;108965.76;108965.76;
;ACC03;BBAS3;2;9300;4006;4005;18.57;172701.00;74391.42;74372.85;
;ACC08;ABEV3;2;2482;2482;2482;15.31;37999.42;37999.42;37999.42;
;ACC05;VALE3;1;2581;2126;2125;17.80;45941.80;37842.80;37825.00;
;ACC06;BBAS3;1;5970;5104;5103;14.99;89490.30;76508.96;76493.97;
;ACC08;ABEV3;1;1886;1886;1886;18.90;35645.40;35645.40;35645.40;
;ACC03;WEGE3;1;6118;5978;5977;13.30;81369.40;79507.40;79494.10;
;ACC08;WEGE3;2;2966;2596;2595;10.98;32566.68;28504.08;28493.10;
;ACC04;ABEV3;1;6483;6483;6483;10.47;67877.01;67877.01;67877.01;
;ACC06;PETR4;1;1421;1238;1237;19.18;27254.78;23744.84;23725.66;
;ACC03;WEGE3;1;7291;7291;7291;12.74;92887.34;92887.34;92887.34;
;ACC02;BBAS3;1;9742;330;329;15.62;152170.04;5154.60;5138.98;
;ACC09;VALE3;1;4697;4697;4697;13.80;64818.60;64818.60;64818.60;
;ACC04;ABEV3;2;5829;5719;5718;18.45;107545.05;105515.55;105497.10;
;ACC02;LREN3;1;5103;436;435;11.07;56490.21;4826.52;4815.45;
;ACC05;B3SA3;2;1529;614;613;19.47;29769.63;11954.58;11935.11;
;ACC05;ABEV3;2;9359;9359;9359;12.42;116238.78;116238.78;116238.78;
;ACC03;VALE3;1;1233;260;259;18.63;22970.79;4843.80;4825.17;
;ACC04;ABEV3;2;6691;6691;6691;10.74;71861.34;71861.34;71861.34;
;ACC07;BBDC4;1;5355;685;684;13.29;71167.95;9103.65;9090.36;
;ACC01;VALE3;2;8176;8176;8176;16.36;133759.36;133759.36;133759.36;
;ACC08;LREN3;1;4796;46;45;10.79;51748.84;496.34;485.55;
;ACC05;PETR4;2;9731;9731;9731;17.84;173601.04;173601.04;173601.04;
;ACC06;ITUB4;2;6514;5799;5798;19.27;125524.78;111746.73;111727.46;
;ACC06;PETR4;1;9655;9655;9655;16.43;158631.65;158631.65;158631.65;
;ACC06;MGLU3;1;9786;5499;5498;19.48;190631.28;107120.52;107101.04;
;ACC08;WEGE3;2;5404;780;779;16.03;86626.12;12503.40;12487.37;
;ACC06;ABEV3;2;4228;2985;2984;11.45;48410.60;34178.25;34166.80;
;ACC08;ABEV3;2;4915;4915;4915;11.68;57407.20;57407.20;57407.20;
;ACC04;B3SA3;2;1135;818;817;10.13;11497.55;8286.34;8276.21;
;ACC02;MGLU3;1;8376;8376;8376;18.25;152862.00;152862.00;152862.00;
;ACC07;MGLU3;1;8345;5933;5932;16.36;136524.20;97063.88;97047.52;
;ACC09;B3SA3;2;7841;7841;7841;12.39;97149.99;97149.99;97149.99;
;ACC03;LREN3;2;4881;2425;2424;10.20;49786.20;24735.00;24724.80;
;ACC01;WEGE3;2;2087;972;971;19.41;40508.67;18866.52;18847.11;
;ACC03;BBAS3;2;7154;7154;7154;18.53;132563.62;132563.62;132563.62;
;ACC07;ABEV3;2;7275;419;418;12.99;94502.25;5442.81;5429.82;
;ACC06;LREN3;1;2085;790;789;19.16;39948.60;15136.40;15117.24;
;ACC02;WEGE3;1;6777;3390;3389;17.09;115818.93;57935.10;57918.01;
;ACC03;B3SA3;2;1711;1711;1711;16.14;27615.54;27615.54;27615.54;
;ACC04;ABEV3;1;9790;8608;8607;19.02;186205.80;163724.16;163705.14;
;ACC02;BBDC4;2;8398;265;264;18.18;152675.64;4817.70;4799.52;
;ACC02;BBAS3;1;6912;6912;6912;19.64;135751.68;135751.68;135751.68;
;ACC06;MGLU3;2;8426;3708;3707;16.65;140292.90;61738.20;61721.55;
;ACC03;WEGE3;1;6537;858;857;15.22;99493.14;13058.76;13043.54;
;ACC09;LREN3;1;3574;3574;3574;19.27;68870.98;68870.98;68870.98;
;ACC10;PETR4;2;2045;946;945;11.25;23006.25;10642.50;10631.25;
;ACC06;LREN3;2;6104;2607;2606;12.98;79229.92;33838.86;33825.88;
;ACC07;BBDC4;2;1495;1495;1495;19.27;28808.65;28808.65;28808.65;
;ACC06;VALE3;2;7333;658;657;19.28;141380.24;12686.24;12666.96;
;ACC05;BBDC4;1;8949;7801;7800;16.19;144884.31;126298.19;126282.00;
;ACC02;VALE3;1;7008;7008;7008;14.69;102947.52;102947.52;102947.52;
;ACC07;LREN3;2;7678;5420;5419;18.38;141121.64;99619.60;99601.22;
;ACC09;BBAS3;1;1523;68;67;16.89;25723.47;1148.52;1131.63;
;ACC05;LREN3;1;9288;2646;2645;11.56;107369.28;30587.76;30576.20;
;ACC03;B3SA3;1;4311;4311;4311;10.10;43541.10;43541.10;43541.10;
;ACC07;BBDC4;2;1890;871;870;15.06;28463.40;13117.26;13102.20;
;ACC09;LREN3;2;7995;1799;1798;15.95;127520.25;28694.05;28678.10;
;ACC10;BBAS3;1;7470;7470;7470;16.44;122806.80;122806.80;122806.80;
;ACC07;PETR4;2;3103;248;247;18.09;56133.27;4486.32;4468.23;
;ACC10;BBAS3;2;9898;3336;3335;16.33;161634.34;54476.88;54460.55;
;ACC05;LREN3;2;1195;1195;1195;11.40;13623.00;13623.00;13623.00;
;ACC09;MGLU3;2;1147;607;606;11.09;12720.23;6731.63;6720.54;
;ACC03;PETR4;2;8874;110;109;17.43;154673.82;1917.30;1899.87;
;ACC02;BBAS3;2;7831;5701;5700;16.02;125452.62;91330.02;91314.00;
;ACC08;BBAS3;1;2339;2339;2339;19.28;45095.92;45095.92;45095.92;
;ACC08;LREN3;1;9334;5614;5613;17.57;163998.38;98637.98;98620.41;
;ACC03;WEGE3;2;6291;2091;2090;10.01;62972.91;20930.91;20920.90;
;ACC04;ABEV3;1;1263;1263;1263;14.16;17884.08;17884.08;17884.08;
;ACC05;PETR4;2;8355;2977;2976;11.45;95664.75;34086.65;34075.20;
;ACC10;BBAS3;1;1911;260;259;15.45;29524.95;4017.00;4001.55;
;ACC10;PETR4;1;2885;2885;2885;10.34;29830.90;29830.90;29830.90;
;ACC05;LREN3;2;4134;346;345;12.60;52088.40;4359.60;4347.00;
;ACC09;LREN3;1;1043;440;439;15.90;16583.70;6996.00;6980.10;
;ACC09;MGLU3;2;5809;399;398;15.52;90155.68;6192.48;6176.96;
;ACC09;VALE3;1;3376;3376;3376;18.11;61139.36;61139.36;61139.36;
;ACC02;MGLU3;2;8382;4807;4806;18.77;157330.14;90227.39;90208.62;
;ACC10;MGLU3;1;5359;2726;2725;14.52;77812.68;39581.52;39567.00;
;ACC05;VALE3;2;3191;3191;3191;12.64;40334.24;40334.24;40334.24;
;ACC07;WEGE3;2;1940;152;151;12.19;23648.60;1852.88;1840.69;
;ACC01;B3SA3;1;3497;1584;1583;18.63;65149.11;29509.92;29491.29;
;ACC05;ABEV3;1;1724;1724;1724;13.08;22549.92;22549.92;22549.92;
;ACC05;ABEV3;1;4250;646;645;11.90;50575.00;7687.40;7675.50;
;ACC08;ITUB4;1;3442;2066;2065;14.32;49289.44;29585.12;29570.80;
;ACC04;VALE3;1;4754;2346;2345;12.36;58759.44;28996.56;28984.20;
;ACC07;ITUB4;2;2633;2633;2633;13.84;36440.72;36440.72;36440.72;
;ACC02;PETR4;2;3909;2074;2073;10.28;40184.52;21320.72;21310.44;
;ACC07;ITUB4;1;4208;2912;2911;19.19;80751.52;55881.28;55862.09;
;ACC09;MGLU3;2;7805;7805;7805;14.22;110987.10;110987.10;110987.10;
;ACC02;WEGE3;2;4427;138;137;15.48;68529.96;2136.24;2120.76;
;ACC01;VALE3;1;6071;1170;1169;17.89;108610.19;20931.30;20913.41;
;ACC01;BBAS3;1;2704;200;199;11.86;32069.44;2372.00;2360.14;
;ACC08;PETR4;1;3545;3545;3545;11.18;39633.10;39633.10;39633.10;
;ACC02;B3SA3;2;4405;820;819;19.90;87659.50;16318.00;16298.10;
;ACC06;MGLU3;2;5858;5714;5713;19.30;113059.40;110280.20;110260.90;
;ACC10;B3SA3;1;7309;7309;7309;18.01;131635.09;131635.09;131635.09;
;ACC07;BBAS3;1;1690;683;682;19.90;33631.00;13591.70;13571.80;
;ACC08;BBAS3;2;5174;1899;1898;18.27;94528.98;34694.73;34676.46;
;ACC02;ITUB4;2;5014;293;292;10.08;50541.12;2953.44;2943.36;
;ACC04;MGLU3;2;3230;3230;3230;11.23;36272.90;36272.90;36272.90;
;ACC07;MGLU3;1;9899;4150;4149;11.86;117402.14;49219.00;49207.14;
;ACC03;BBDC4;1;6017;5590;5589;18.17;109328.89;101570.30;101552.13;
;ACC10;LREN3;2;9216;9216;9216;14.20;130867.20;130867.20;130867.20;
;ACC02;ABEV3;2;1286;998;997;14.32;18415.52;14291.36;14277.04;
;ACC01;VALE3;2;9886;6579;6578;19.94;197126.84;131185.26;131165.32;
;ACC08;BBAS3;2;9221;9221;9221;13.15;121256.15;121256.15;121256.15;
;ACC04;WEGE3;2;2329;1929;1928;10.28;23942.12;19830.12;19819.84;
;ACC09;LREN3;1;3885;1198;1197;12.67;49222.95;15178.66;15165.99;
;ACC09;ABEV3;1;7543;7543;7543;16.19;122121.17;122121.17;122121.17;
;ACC06;WEGE3;2;2400;1922;1921;11.95;28680.00;22967.90;22955.95;
;ACC10;WEGE3;1;3045;3045;3045;11.90;36235.50;36235.50;36235.50;
;ACC09;BBAS3;2;7144;5401;5400;12.44;88871.36;67188.44;67176.00;
;ACC02;PETR4;2;9895;9895;9895;10.07;99642.65;99642.65;99642.65;
;ACC05;VALE3;1;1910;1293;1292;12.20;23302.00;15774.60;15762.40;
;ACC07;ABEV3;1;2467;2467;2467;12.61;31108.87;31108.87;31108.87;
;ACC05;WEGE3;2;2555;1002;1001;14.57;37226.35;14599.14;14584.57;
;ACC04;ITUB4;1;2890;683;682;16.08;46471.20;10982.64;10966.56;
;ACC06;MGLU3;2;5168;770;769;13.22;68320.96;10179.40;10166.18;
;ACC06;WEGE3;1;5627;4153;4152;19.86;111752.22;82478.58;82458.72;
;ACC06;VALE3;1;9731;5958;5957;15.97;155404.07;95149.26;95133.29;
;ACC01;B3SA3;2;5892;4986;4985;11.16;65754.72;55643.76;55632.60;
;ACC10;BBAS3;2;6009;1372;1371;14.11;84786.99;19358.92;19344.81;
;ACC04;ABEV3;1;4330;1137;1136;12.05;52176.50;13700.85;13688.80;
;ACC01;MGLU3;2;4990;4727;4726;12.86;64171.40;60789.22;60776.36;
;ACC01;VALE3;1;8785;8387;8386;15.97;140296.45;133940.39;133924.42;
;ACC09;ITUB4;1;1079;232;231;17.33;18699.07;4020.56;4003.23;
;ACC08;WEGE3;1;2024;2024;2024;16.98;34367.52;34367.52;34367.52;
;ACC03;VALE3;2;4289;4289;4289;10.63;45592.07;45592.07;45592.07;
;ACC04;LREN3;2;9030;496;495;17.92;161817.60;8888.32;8870.40;
;ACC01;LREN3;2;9584;9381;9380;17.84;170978.56;167357.04;167339.20;
;ACC08;WEGE3;1;5028;5028;5028;12.34;62045.52;62045.52;62045.52;
;ACC01;VALE3;2;9496;9143;9142;14.95;141965.20;136687.85;136672.90;
;ACC08;VALE3;2;8957;4479;4478;12.38;110887.66;55450.02;55437.64;
;ACC10;WEGE3;1;8203;8203;8203;12.04;98764.12;98764.12;98764.12;
;ACC06;VALE3;2;1938;1723;1722;18.53;35911.14;31927.19;31908.66;
;ACC07;WEGE3;1;6136;6136;6136;12.43;76270.48;76270.48;76270.48;
;ACC04;PETR4;1;2646;2177;2176;19.85;52523.10;43213.45;43193.60;
;ACC05;PETR4;2;2135;1146;1145;18.87;40287.45;21625.02;21606.15;
;ACC10;MGLU3;2;4654;4654;4654;10.92;50821.68;50821.68;50821.68;
;ACC08;BBDC4;1;4413;1149;1148;17.37;76653.81;19958.13;19940.76;
;ACC10;BBAS3;1;7919;6549;6548;10.68;84574.92;69943.32;69932.64;
;ACC10;ITUB4;2;3542;3542;3542;19.75;69954.50;69954.50;69954.50;
;ACC08;B3SA3;1;9668;6273;6272;15.61;150917.48;97921.53;97905.92;
;ACC05;ABEV3;2;1150;991;990;15.90;18285.00;15756.90;15741.00;
;ACC02;B3SA3;1;7350;7350;7350;14.45;106207.50;106207.50;106207.50;
;ACC09;VALE3;2;8764;2472;2471;17.75;155561.00;43878.00;43860.25;
;ACC02;PETR4;2;5195;1376;1375;19.01;98756.95;26157.76;26138.75;
;ACC01;LREN3;2;3755;3755;3755;17.96;67439.80;67439.80;67439.80;
;ACC01;WEGE3;1;2806;163;162;12.47;34990.82;2032.61;2020.14;
;ACC09;BBAS3;1;1827;1488;1487;11.66;21302.82;17350.08;17338.42;
;ACC09;LREN3;1;1391;1226;1225;18.09;25163.19;22178.34;22160.25;
;ACC04;WEGE3;1;4367;4367;4367;10.50;45853.50;45853.50;45853.50;
;ACC08;BBAS3;2;4000;717;716;11.32;45280.00;8116.44;8105.12;
;ACC08;VALE3;2;1380;1369;1368;17.92;24729.60;24532.48;24514.56;
;ACC07;LREN3;1;3154;1355;1354;18.85;59452.90;25541.75;25522.90;
;ACC02;BBAS3;2;3149;3149;3149;10.39;32718.11;32718.11;32718.11;
;ACC08;BBDC4;1;2487;1434;1433;13.57;33748.59;19459.38;19445.81;
;ACC05;PETR4;2;7868;760;759;10.99;86469.32;8352.40;8341.41;
;ACC04;B3SA3;1;9728;309;308;16.87;164111.36;5212.83;5195.96;
;ACC06;BBDC4;1;1640;56;55;18.49;30323.60;1035.44;1016.95;
;ACC04;BBAS3;1;3683;3683;3683;17.72;65262.76;65262.76;65262.76;
;ACC01;LREN3;1;5356;1308;1307;19.23;102995.88;25152.84;25133.61;
;ACC08;WEGE3;2;8906;2149;2148;11.88;105803.28;25530.12;25518.24;
;ACC03;ITUB4;1;6046;900;899;10.06;60822.76;9054.00;9043.94;
;ACC05;B3SA3;1;6250;6250;6250;16.72;104500.00;104500.00;104500.00;
;ACC02;VALE3;1;1159;770;769;18.85;21847.15;14514.50;14495.65;
;ACC06;PETR4;2;3735;3504;3503;11.82;44147.70;41417.28;41405.46;
;ACC09;VALE3;1;3741;75;74;12.88;48184.08;966.00;953.12;
;ACC01;MGLU3;2;7989;1292;1291;12.66;101140.74;16356.72;16344.06;
;ACC01;MGLU3;2;7645;7199;7198;14.98;114522.10;107841.02;107826.04;
;ACC03;B3SA3;1;5566;1616;1615;17.76;98852.16;28700.16;28682.40;
;ACC09;WEGE3;1;9974;8205;8204;10.82;107918.68;88778.10;88767.28;
;ACC09;B3SA3;1;6931;6931;6931;11.32;78458.92;78458.92;78458.92;
;ACC04;MGLU3;2;5522;3739;3738;16.12;89014.64;60272.68;60256.56;
;ACC02;PETR4;1;1015;953;952;13.82;14027.30;13170.46;13156.64;
;ACC07;VALE3;2;4843;2005;2004;14.60;70707.80;29273.00;29258.40;
;ACC01;BBDC4;2;5699;1349;1348;12.52;71351.48;16889.48;16876.96;
;ACC03;PETR4;1;5415;718;717;11.91;64492.65;8551.38;8539.47;
;ACC05;ITUB4;1;5490;234;233;13.97;76695.30;3268.98;3255.01;
;ACC08;VALE3;2;4718;4718;4718;13.73;64778.14;64778.14;64778.14;
;ACC08;BBAS3;1;4621;2725;2724;11.32;52309.72;30847.00;30835.68;
;ACC07;WEGE3;2;4925;3007;3006;17.95;88403.75;53975.65;53957.70;
;ACC06;WEGE3;1;9826;8155;8154;19.98;196323.48;162936.90;162916.92;
;ACC07;VALE3;2;4342;2283;2282;17.58;76332.36;40135.14;40117.56;
;ACC03;PETR4;1;3379;3379;3379;14.80;50009.20;50009.20;50009.20;
;ACC05;ABEV3;2;7828;5515;5514;19.09;149436.52;105281.35;105262.26;
;ACC04;ABEV3;2;1588;983;982;16.49;26186.12;16209.67;16193.18;
;ACC03;WEGE3;1;9915;4714;4713;19.07;189079.05;89895.98;89876.91;
;ACC07;ITUB4;1;4139;1308;1307;11.84;49005.76;15486.72;15474.88;
;ACC02;ABEV3;2;6045;164;163;16.85;101858.25;2763.40;2746.55;
;ACC04;ITUB4;2;6601;3830;3829;16.88;111424.88;64650.40;64633.52;
;ACC05;VALE3;2;3353;2636;2635;11.47;38458.91;30234.92;30223.45;
;ACC10;VALE3;1;7553;6260;6259;12.75;96300.75;79815.00;79802.25;
;ACC03;ITUB4;2;8382;6193;6192;11.23;94129.86;69547.39;69536.16;
;ACC05;VALE3;2;8473;7159;7158;16.21;137347.33;116047.39;116031.18;
;ACC03;ABEV3;1;1064;501;500;17.30;18407.20;8667.30;8650.00;
;ACC09;ABEV3;1;4939;3164;3163;16.98;83864.22;53724.72;53707.74;
;ACC05;ITUB4;1;4073;3013;3012;13.57;55270.61;40886.41;40872.84;
;ACC06;WEGE3;1;5707;1975;1974;15.13;86346.91;29881.75;29866.62;
;ACC10;MGLU3;2;3075;2476;2475;12.97;39882.75;32113.72;32100.75;
;ACC05;ITUB4;1;2548;1287;1286;14.74;37557.52;18970.38;18955.64;
;ACC03;B3SA3;1;4344;2722;2721;17.83;77453.52;48533.26;48515.43;
;ACC09;B3SA3;1;3879;1421;1420;16.97;65826.63;24114.37;24097.40;
;ACC02;WEGE3;2;5861;5650;5649;10.68;62595.48;60342.00;60331.32;
;ACC01;VALE3;1;6311;5536;5535;15.98;100849.78;88465.28;88449.30;
;ACC07;WEGE3;1;9612;9525;9524;13.63;131011.56;129825.75;129812.12;
;ACC09;B3SA3;2;3009;1529;1528;14.17;42637.53;21665.93;21651.76;
;ACC07;BBAS3;2;9199;2165;2164;18.68;171837.32;40442.20;40423.52;
;ACC01;BBAS3;1;9508;7581;7580;17.07;162301.56;129407.67;129390.60;
;ACC03;LREN3;1;5500;3434;3433;19.71;108405.00;67684.14;67664.43;
;ACC03;ITUB4;2;4901;2234;2233;11.73;57488.73;26204.82;26193.09;
;ACC10;BBAS3;1;3764;209;208;15.27;57476.28;3191.43;3176.16;
;ACC09;B3SA3;1;5865;2755;2754;14.71;86274.15;40526.05;40511.34;
;ACC07;PETR4;1;6860;3746;3745;13.98;95902.80;52369.08;52355.10;
;ACC03;B3SA3;1;7943;2455;2454;18.50;146945.50;45417.50;45399.00;
;ACC10;ITUB4;1;1506;22;21;14.06;21174.36;309.32;295.26;
;ACC02;PETR4;2;1004;991;990;15.45;15511.80;15310.95;15295.50;
;ACC02;BBAS3;1;1456;1219;1218;10.48;15258.88;12775.12;12764.64;
;ACC06;BBAS3;1;3997;1563;1562;15.15;60554.55;23679.45;23664.30;
;ACC06;ITUB4;2;2522;1331;1330;10.21;25749.62;13589.51;13579.30;
;ACC05;BBDC4;2;3339;1245;1244;18.92;63173.88;23555.40;23536.48;
;ACC06;ABEV3;1;2868;751;750;10.24;29368.32;7690.24;7680.00;
;ACC06;VALE3;1;8437;1675;1674;13.90;117274.30;23282.50;23268.60;
;ACC05;PETR4;2;2489;1865;1864;18.62;46345.18;34726.30;34707.68;
;ACC01;ABEV3;2;4563;4146;4145;11.55;52702.65;47886.30;47874.75;
;ACC01;VALE3;2;9230;4784;4783;14.19;130973.70;67884.96;67870.77;
;ACC02;VALE3;1;1477;1148;1147;13.52;19969.04;15520.96;15507.44;
;ACC08;ITUB4;1;9650;8678;8677;16.16;155944.00;140236.48;140220.32;
;ACC08;WEGE3;1;2898;327;326;14.19;41122.62;4640.13;4625.94;
;ACC04;MGLU3;1;8153;4464;4463;12.63;102972.39;56380.32;56367.69;
;ACC08;MGLU3;1;2745;2157;2156;14.60;40077.00;31492.20;31477.60;
;ACC06;WEGE3;1;5388;428;427;15.30;82436.40;6548.40;6533.10;
;ACC05;BBDC4;2;6606;3725;3724;18.53;122409.18;69024.25;69005.72;
;ACC04;MGLU3;1;1874;796;795;13.17;24680.58;10483.32;10470.15;
;ACC05;BBAS3;2;3737;2725;2724;12.73;47572.01;34689.25;34676.52;
;ACC02;MGLU3;1;4512;239;238;15.31;69078.72;3659.09;3643.78;
;ACC03;PETR4;2;5601;466;465;17.35;97177.35;8085.10;8067.75;
;ACC06;BBAS3;2;7072;2681;2680;11.58;81893.76;31045.98;31034.40;
;ACC01;WEGE3;1;9176;4264;4263;19.21;176270.96;81911.44;81892.23;
;ACC08;LREN3;1;5290;3101;3100;19.28;101991.20;59787.28;59768.00;
;ACC07;VALE3;2;3500;374;373;18.78;65730.00;7023.72;7004.94;
;ACC08;LREN3;2;3792;1961;1960;13.38;50736.96;26238.18;26224.80;
;ACC01;BBDC4;1;8848;2879;2878;11.08;98035.84;31899.32;31888.24;
;ACC04;VALE3;2;4473;3855;3854;15.87;70986.51;61178.85;61162.98;
;ACC06;BBAS3;1;8075;7715;7714;14.70;118702.50;113410.50;113395.80;
;ACC02;LREN3;1;6164;1993;1992;19.76;121800.64;39381.68;39361.92;
;ACC05;ITUB4;2;4503;104;103;11.80;53135.40;1227.20;1215.40;
;ACC01;BBAS3;2;9448;1215;1214;19.31;182440.88;23461.65;23442.34;
;ACC09;B3SA3;2;1315;480;479;13.61;17897.15;6532.80;6519.19;
;ACC06;B3SA3;1;6454;4948;4947;18.44;119011.76;91241.12;91222.68;
;ACC09;PETR4;1;8771;1376;1375;17.71;155334.41;24368.96;24351.25;
;ACC06;PETR4;1;3270;1240;1239;13.03;42608.10;16157.20;16144.17;
;ACC08;BBAS3;1;6604;1318;1317;19.49;128711.96;25687.82;25668.33;
;ACC06;MGLU3;2;9524;5061;5060;11.94;113716.56;60428.34;60416.40;
;ACC06;BBAS3;2;8622;2917;2916;15.47;133382.34;45125.99;45110.52;
;ACC10;B3SA3;1;6815;3753;3752;17.45;118921.75;65489.85;65472.40;
;ACC07;ITUB4;2;7671;6358;6357;15.58;119514.18;99057.64;99042.06;
;ACC04;BBDC4;1;7848;1956;1955;14.55;114188.40;28459.80;28445.25;
;ACC03;ABEV3;2;8177;2613;2612;15.16;123963.32;39613.08;39597.92;
;ACC04;VALE3;2;1249;541;540;15.19;18972.31;8217.79;8202.60;
;ACC04;B3SA3;1;5666;2102;2101;14.05;79607.30;29533.10;29519.05;
;ACC08;PETR4;1;6511;6404;6403;16.63;108277.93;106498.52;106481.89;
;ACC05;BBAS3;2;7972;4967;4966;11.87;94627.64;58958.29;58946.42;
;ACC07;MGLU3;1;9122;1318;1317;12.24;111653.28;16132.32;16120.08;
;ACC04;ITUB4;1;5582;307;306;17.25;96289.50;5295.75;5278.50;
;ACC01;B3SA3;2;9993;713;712;12.56;125512.08;8955.28;8942.72;
;ACC01;WEGE3;2;4244;1501;1500;12.05;51140.20;18087.05;18075.00;
;ACC07;WEGE3;1;1518;551;550;18.38;27900.84;10127.38;10109.00;
;ACC09;BBDC4;2;1217;527;526;11.48;13971.16;6049.96;6038.48;
;ACC09;BBAS3;2;9536;1857;1856;16.90;161158.40;31383.30;31366.40;
;ACC07;MGLU3;1;7899;4513;4512;15.19;119985.81;68552.47;68537.28;
;ACC04;VALE3;2;7069;6961;6960;14.75;104267.75;102674.75;102660.00;
;ACC05;ITUB4;1;5891;2364;2363;19.08;112400.28;45105.12;45086.04;
;ACC08;LREN3;1;8023;1894;1893;17.26;138476.98;32690.44;32673.18;
;ACC06;WEGE3;1;4089;453;452;17.55;71761.95;7950.15;7932.60;
;ACC06;B3SA3;2;2043;535;534;14.82;30277.26;7928.70;7913.88;
;ACC05;MGLU3;1;9919;6638;6637;17.85;177054.15;118488.30;118470.45;
;ACC01;VALE3;2;7500;3550;3549;11.56;86700.00;41038.00;41026.44;
;ACC05;MGLU3;1;4037;2676;2675;14.41;58173.17;38561.16;38546.75;
;ACC07;PETR4;1;7008;623;622;18.43;129157.44;11481.89;11463.46;
;ACC02;BBDC4;2;2236;619;618;15.09;33741.24;9340.71;9325.62;
;ACC07;VALE3;1;6229;2617;2616;18.97;118164.13;49644.49;49625.52;
;ACC01;ITUB4;1;8330;1015;1014;12.60;104958.00;12789.00;12776.40;
;ACC10;ITUB4;2;8839;6479;6478;17.50;154682.50;113382.50;113365.00;
;ACC08;VALE3;1;6131;1154;1153;17.72;108641.32;20448.88;20431.16;
;ACC04;WEGE3;1;6050;2850;2849;10.30;62315.00;29355.00;29344.70;
;ACC01;ABEV3;2;1205;31;30;17.38;20942.90;538.78;521.40;
;ACC08;VALE3;1;5586;5218;5217;16.87;94235.82;88027.66;88010.79;
;ACC08;B3SA3;1;1670;465;464;11.06;18470.20;5142.90;5131.84;
;ACC09;MGLU3;1;2140;223;222;16.64;35609.60;3710.72;3694.08;
;ACC07;B3SA3;1;7842;2609;2608;10.91;85556.22;28464.19;28453.28;
;ACC03;B3SA3;2;9182;3954;3953;15.14;139015.48;59863.56;59848.42;
;ACC01;ITUB4;2;4412;1870;1869;10.06;44384.72;18812.20;18802.14;
;ACC04;LREN3;2;3821;1061;1060;16.51;63084.71;17517.11;17500.60;
;ACC08;ITUB4;1;3090;1903;1902;10.80;33372.00;20552.40;20541.60;
;ACC08;WEGE3;1;4500;4231;4230;19.56;88020.00;82758.36;82738.80;
;ACC08;PETR4;2;2056;1608;1607;19.64;40379.84;31581.12;31561.48;
;ACC09;WEGE3;1;4639;359;358;13.90;64482.10;4990.10;4976.20;
;ACC03;PETR4;1;3741;876;875;13.61;50915.01;11922.36;11908.75;
;ACC06;VALE3;1;1840;1248;1247;19.19;35309.60;23949.12;23929.93;
;ACC03;B3SA3;1;8678;1760;1759;17.18;149088.04;30236.80;30219.62;
;ACC10;B3SA3;1;8441;6429;6428;15.74;132861.34;101192.46;101176.72;
;ACC08;WEGE3;1;5243;3713;3712;17.02;89235.86;63195.26;63178.24;
;ACC03;BBDC4;1;8926;6189;6188;17.28;154241.28;106945.92;106928.64;
;ACC05;ABEV3;2;7010;4972;4971;17.71;124147.10;88054.12;88036.41;
;ACC04;PETR4;2;2630;581;580;19.23;50574.90;11172.63;11153.40;
;ACC08;BBAS3;2;1370;696;695;17.85;24454.50;12423.60;12405.75;
;ACC01;ABEV3;1;2202;469;468;18.08;39812.16;8479.52;8461.44;
;ACC03;LREN3;1;4660;2789;2788;10.13;47205.80;28252.57;28242.44;
;ACC02;BBAS3;1;4787;1127;1126;14.30;68454.10;16116.10;16101.80;
;ACC10;ABEV3;2;9657;1339;1338;15.11;145917.27;20232.29;20217.18;
;ACC04;WEGE3;2;6839;2438;2437;10.68;73040.52;26037.84;26027.16;
;ACC01;B3SA3;1;6503;2882;2881;13.77;89546.31;39685.14;39671.37;
;ACC08;MGLU3;1;7989;2006;2005;17.08;136452.12;34262.48;34245.40;
;ACC03;ABEV3;1;4247;1951;1950;16.56;70330.32;32308.56;32292.00;
;ACC09;ITUB4;2;2890;2402;2401;13.86;40055.40;33291.72;33277.86;
;ACC09;WEGE3;2;3451;408;407;14.30;49349.30;5834.40;5820.10;
;ACC04;MGLU3;1;8777;3090;3089;13.46;118138.42;41591.40;41577.94;
;ACC07;PETR4;1;6598;2156;2155;19.03;125559.94;41028.68;41009.65;
;ACC03;ABEV3;1;4705;192;191;10.80;50814.00;2073.60;2062.80;
;ACC07;PETR4;2;7925;617;616;10.44;82737.00;6441.48;6431.04;
;ACC08;BBDC4;1;4125;1285;1284;11.60;47850.00;14906.00;14894.40;
;ACC07;ABEV3;2;7939;6986;6985;13.58;107811.62;94869.88;94856.30;
;ACC01;BBDC4;1;3586;1618;1617;12.66;45398.76;20483.88;20471.22;
;ACC03;PETR4;1;5396;1812;1811;14.55;78511.80;26364.60;26350.05;
;ACC10;LREN3;1;8734;7465;7464;10.14;88562.76;75695.10;75684.96;
;ACC05;MGLU3;2;1962;57;56;17.77;34864.74;1012.89;995.12;
;ACC02;ITUB4;2;2432;354;353;12.12;29475.84;4290.48;4278.36;
;ACC04;PETR4;1;7625;1558;1557;13.67;104233.75;21297.86;21284.19;
;ACC08;MGLU3;2;4869;2340;2339;10.56;51416.64;24710.40;24699.84;
;ACC06;BBDC4;1;3506;3415;3414;11.15;39091.90;38077.25;38066.10;
;ACC07;WEGE3;1;5149;805;804;17.50;90107.50;14087.50;14070.00;
;ACC01;WEGE3;2;4544;242;241;11.90;54073.60;2879.80;2867.90;
;ACC03;PETR4;1;6434;141;140;13.00;83642.00;1833.00;1820.00;
;ACC02;LREN3;1;8706;6945;6944;18.71;162889.26;129940.95;129922.24;
;ACC02;WEGE3;2;6828;3051;3050;19.46;132872.88;59372.46;59353.00;
;ACC06;WEGE3;2;8085;6416;6415;12.76;103164.60;81868.16;81855.40;
;ACC08;VALE3;1;8005;7447;7446;19.61;156978.05;146035.67;146016.06;
;ACC05;VALE3;2;2485;905;904;17.05;42369.25;15430.25;15413.20;
;ACC08;MGLU3;1;5985;2328;2327;18.62;111440.70;43347.36;43328.74;
;ACC07;VALE3;2;2586;414;413;17.85;46160.10;7389.90;7372.05;
;ACC02;LREN3;1;3067;1552;1551;15.80;48458.60;24521.60;24505.80;
;ACC01;LREN3;1;3812;488;487;19.32;73647.84;9428.16;9408.84;
;ACC04;PETR4;1;4333;1572;1571;17.72;76780.76;27855.84;27838.12;
;ACC10;MGLU3;1;5877;3383;3382;16.26;95560.02;55007.58;54991.32;
;ACC09;ABEV3;1;7689;831;830;10.18;78274.02;8459.58;8449.40;
;ACC02;B3SA3;2;3530;53;52;14.88;52526.40;788.64;773.76;
;ACC09;BBDC4;2;3058;641;640;11.47;35075.26;7352.27;7340.80;
;ACC01;ABEV3;1;4240;2531;2530;16.59;70341.60;41989.29;41972.70;
;ACC06;BBAS3;2;1633;174;173;18.12;29589.96;3152.88;3134.76;
;ACC10;ITUB4;2;6099;3558;3557;11.61;70809.39;41308.38;41296.77;
;ACC01;ABEV3;1;4179;2841;2840;19.43;81197.97;55200.63;55181.20;
;ACC04;WEGE3;1;8248;598;597;14.53;119843.44;8688.94;8674.41;
;ACC09;MGLU3;1;3457;3242;3241;17.33;59909.81;56183.86;56166.53;
;ACC01;WEGE3;2;6290;5380;5379;10.69;67240.10;57512.20;57501.51;
;ACC04;ABEV3;1;9903;2559;2558;11.72;116063.16;29991.48;29979.76;
;ACC03;MGLU3;2;9220;5885;5884;19.80;182556.00;116523.00;116503.20;
;ACC06;ITUB4;2;2509;2486;2485;13.76;34523.84;34207.36;34193.60;
;ACC07;LREN3;2;9326;5770;5769;12.00;111912.00;69240.00;69228.00;
;ACC04;WEGE3;1;6943;3064;3063;18.67;129625.81;57204.88;57186.21;
;ACC07;B3SA3;1;2887;2224;2223;18.27;52745.49;40632.48;40614.21;
;ACC08;BBDC4;2;6416;1080;1079;19.00;121904.00;20520.00;20501.00;
;ACC08;PETR4;2;4457;238;237;10.33;46040.81;2458.54;2448.21;
;ACC02;ITUB4;1;2095;1750;1749;12.70;26606.50;22225.00;22212.30;
;ACC01;ITUB4;1;1842;271;270;17.58;32382.36;4764.18;4746.60;
;ACC02;ITUB4;1;4558;4439;4438;18.92;86237.36;83985.88;83966.96;
;ACC08;B3SA3;1;1481;1053;1052;15.46;22896.26;16279.38;16263.92;
;ACC07;ABEV3;2;7855;1332;1331;10.90;85619.50;14518.80;14507.90;
;ACC02;MGLU3;1;9387;349;348;17.10;160517.70;5967.90;5950.80;
;ACC06;ABEV3;1;3611;238;237;12.64;45643.04;3008.32;2995.68;
;ACC10;WEGE3;2;1592;43;42;17.69;28162.48;760.67;742.98;
;ACC02;LREN3;2;3258;1108;1107;11.12;36228.96;12320.96;12309.84;
;ACC05;WEGE3;1;3879;298;297;10.52;40807.08;3134.96;3124.44;
;ACC06;VALE3;2;7038;1363;1362;15.49;109018.62;21112.87;21097.38;
;ACC06;BBAS3;2;2077;1775;1774;13.37;27769.49;23731.75;23718.38;
;ACC04;ABEV3;1;2824;2044;2043;14.11;39846.64;28840.84;28826.73;
;ACC06;BBDC4;2;3991;2033;2032;18.65;74432.15;37915.45;37896.80;
;ACC09;PETR4;2;4855;285;284;12.20;59231.00;3477.00;3464.80;
;ACC07;VALE3;2;3178;2723;2722;16.56;52627.68;45092.88;45076.32;
;ACC04;VALE3;2;4543;4069;4068;11.54;52426.22;46956.26;46944.72;
;ACC01;BBAS3;1;5632;4736;4735;17.40;97996.80;82406.40;82389.00;
;ACC10;BBDC4;1;8431;1532;1531;15.69;132282.39;24037.08;24021.39;
;ACC10;B3SA3;2;2617;751;750;18.96;49618.32;14238.96;14220.00;
;ACC04;LREN3;2;6002;5663;5662;18.51;111097.02;104822.13;104803.62;
;ACC09;ABEV3;1;7236;5977;5976;19.68;142404.48;117627.36;117607.68;
;ACC09;ITUB4;1;1077;13;12;12.04;12967.08;156.52;144.48;
;ACC01;BBDC4;1;1948;1532;1531;11.26;21934.48;17250.32;17239.06;
;ACC01;BBAS3;2;9456;1135;1134;16.77;158577.12;19033.95;19017.18;
;ACC09;PETR4;1;3584;3301;3300;14.28;51179.52;47138.28;47124.00;
;ACC02;PETR4;2;7285;5913;5912;17.32;126176.20;102413.16;102395.84;
;ACC09;ITUB4;1;4861;4213;4212;12.88;62609.68;54263.44;54250.56;
;ACC01;BBDC4;2;4650;2623;2622;17.09;79468.50;44827.07;44809.98;
;ACC08;LREN3;2;4324;2752;2751;12.11;52363.64;33326.72;33314.61;
;ACC01;VALE3;1;8959;2751;2750;18.54;166099.86;51003.54;50985.00;
;ACC08;VALE3;2;1654;1447;1446;16.64;27522.56;24078.08;24061.44;
;ACC05;BBAS3;1;5397;4291;4290;13.76;74262.72;59044.16;59030.40;
;ACC06;BBDC4;1;1366;578;577;18.81;25694.46;10872.18;10853.37;
;ACC09;ITUB4;2;3530;2701;2700;17.96;63398.80;48509.96;48492.00;
;ACC06;BBDC4;2;4343;4065;4064;11.58;50291.94;47072.70;47061.12;
;ACC02;BBDC4;1;4614;4529;4528;12.50;57675.00;56612.50;56600.00;
;ACC09;BBAS3;2;5616;1222;1221;10.34;58069.44;12635.48;12625.14;
;ACC02;BBAS3;2;3037;2878;2877;19.14;58128.18;55084.92;55065.78;
;ACC04;VALE3;1;5974;4127;4126;16.12;96300.88;66527.24;66511.12;
;ACC01;BBAS3;1;4676;2964;2963;12.24;57234.24;36279.36;36267.12;
;ACC02;WEGE3;1;7179;1453;1452;11.13;79902.27;16171.89;16160.76;
;ACC05;LREN3;2;5482;3485;3484;12.16;66661.12;42377.60;42365.44;
;ACC05;ABEV3;1;9584;246;245;18.14;173853.76;4462.44;4444.30;
;ACC03;B3SA3;1;1331;769;768;12.24;16291.44;9412.56;9400.32;
;ACC04;WEGE3;2;6225;3567;3566;13.04;81174.00;46513.68;46500.64;
;ACC04;MGLU3;2;3483;2664;2663;10.10;35178.30;26906.40;26896.30;
;ACC07;VALE3;2;6691;3072;3071;19.10;127798.10;58675.20;58656.10;
;ACC06;MGLU3;2;3608;2659;2658;12.29;44342.32;32679.11;32666.82;
;ACC06;PETR4;2;6973;3690;3689;12.58;87720.34;46420.20;46407.62;
;ACC02;VALE3;1;2407;1796;1795;11.48;27632.36;20618.08;20606.60;
;ACC05;ITUB4;1;5276;4561;4560;16.28;85893.28;74253.08;74236.80;
;ACC09;VALE3;2;7012;2360;2359;15.05;105530.60;35518.00;35502.95;
;ACC03;BBAS3;1;1912;337;336;17.41;33287.92;5867.17;5849.76;
;ACC02;BBDC4;2;3122;1157;1156;17.08;53323.76;19761.56;19744.48;
;ACC10;BBAS3;2;3843;1956;1955;18.76;72094.68;36694.56;36675.80;
;ACC04;BBDC4;2;3761;655;654;18.46;69428.06;12091.30;12072.84;
;ACC05;WEGE3;1;3801;461;460;16.65;63286.65;7675.65;7659.00;
;ACC08;VALE3;2;2675;916;915;18.77;50209.75;17193.32;17174.55;
;ACC07;ITUB4;2;4862;1221;1220;14.00;68068.00;17094.00;17080.00;
;ACC08;B3SA3;1;9371;4503;4502;17.50;163992.50;78802.50;78785.00;
;ACC06;BBAS3;1;5231;2006;2005;17.98;94053.38;36067.88;36049.90;
;ACC04;B3SA3;2;7981;304;303;19.26;153714.06;5855.04;5835.78;
;ACC08;ITUB4;1;6757;4443;4442;13.72;92706.04;60957.96;60944.24;
;ACC03;ABEV3;1;1163;723;722;13.36;15537.68;9659.28;9645.92;
;ACC07;BBDC4;1;8882;5897;5896;13.39;118929.98;78960.83;78947.44;
;ACC02;MGLU3;2;2580;663;662;10.09;26032.20;6689.67;6679.58;
;ACC09;PETR4;1;4954;3362;3361;11.26;55782.04;37856.12;37844.86;
;ACC01;BBDC4;1;4084;2456;2455;17.15;70040.60;42120.40;42103.25;
;ACC01;BBDC4;2;1429;1063;1062;12.86;18376.94;13670.18;13657.32;
;ACC04;PETR4;2;2616;1496;1495;10.13;26500.08;15154.48;15144.35;
;ACC05;WEGE3;2;8613;4132;4131;12.98;111796.74;53633.36;53620.38;
;ACC02;BBAS3;2;4799;3787;3786;10.16;48757.84;38475.92;38465.76;
;ACC03;MGLU3;1;5989;3724;3723;12.63;75641.07;47034.12;47021.49;
;ACC02;B3SA3;1;2391;1504;1503;15.85;37897.35;23838.40;23822.55;
;ACC06;B3SA3;2;4827;4588;4587;19.37;93498.99;88869.56;88850.19;
;ACC10;BBDC4;1;7218;6453;6452;17.04;122994.72;109959.12;109942.08;
;ACC03;BBDC4;1;6130;1811;1810;17.81;109175.30;32253.91;32236.10;
;ACC03;BBDC4;2;5541;4228;4227;16.81;93144.21;71072.68;71055.87;
;ACC01;ITUB4;2;2026;460;459;17.89;36245.14;8229.40;8211.51;
;ACC10;ITUB4;1;4581;4220;4219;18.74;85847.94;79082.80;79064.06;
;ACC10;BBAS3;1;5434;3927;3926;12.70;69011.80;49872.90;49860.20;
;ACC09;LREN3;2;4619;3391;3390;14.23;65728.37;48253.93;48239.70;
;ACC03;MGLU3;1;1252;737;736;12.91;16163.32;9514.67;9501.76;
;ACC03;MGLU3;2;7792;2754;2753;14.88;115944.96;40979.52;40964.64;
;ACC05;VALE3;2;7051;1657;1656;13.22;93214.22;21905.54;21892.32;
;ACC01;LREN3;2;8069;4524;4523;16.10;129910.90;72836.40;72820.30;
;ACC07;B3SA3;1;4128;2369;2368;14.50;59856.00;34350.50;34336.00;
;ACC05;BBAS3;1;7049;2240;2239;18.11;127657.39;40566.40;40548.29;
;ACC06;BBAS3;1;1777;851;850;14.92;26512.84;12696.92;12682.00;
;ACC01;ITUB4;2;8024;972;971;16.27;130550.48;15814.44;15798.17;
;ACC08;ABEV3;1;4397;4005;4004;10.66;46872.02;42693.30;42682.64;
;ACC09;BBAS3;1;5102;1030;1029;16.17;82499.34;16655.10;16638.93;
;ACC06;PETR4;2;4836;3335;3334;19.15;92609.40;63865.25;63846.10;
;ACC05;ITUB4;1;3977;1410;1409;18.38;73097.26;25915.80;25897.42;
;ACC10;VALE3;2;9676;5684;5683;18.37;177748.12;104415.08;104396.71;
;ACC02;ABEV3;1;3568;2639;2638;11.10;39604.80;29292.90;29281.80;
;ACC03;LREN3;1;4906;3736;3735;19.08;93606.48;71282.88;71263.80;
;ACC03;PETR4;2;7147;4324;4323;18.95;135435.65;81939.80;81920.85;
;ACC05;BBDC4;2;3219;3120;3119;13.62;43842.78;42494.40;42480.78;
;ACC06;ITUB4;2;1437;1189;1188;11.31;16252.47;13447.59;13436.28;
;ACC07;PETR4;1;7523;4684;4683;15.28;114951.44;71571.52;71556.24;
;ACC02;LREN3;2;7928;5898;5897;17.71;140404.88;104453.58;104435.87;
;ACC01;B3SA3;2;8193;8124;8123;11.36;93072.48;92288.64;92277.28;
;ACC08;B3SA3;1;8417;6711;6710;18.14;152684.38;121737.54;121719.40;
;ACC08;ABEV3;2;4371;2345;2344;19.13;83617.23;44859.85;44840.72;
;ACC01;BBDC4;1;9157;1733;1732;16.31;149350.67;28265.23;28248.92;
;ACC08;PETR4;2;4184;3312;3311;15.79;66065.36;52296.48;52280.69;
;ACC03;BBAS3;2;6078;2155;2154;16.72;101624.16;36031.60;36014.88;
;ACC09;BBDC4;2;2705;2663;2662;10.03;27131.15;26709.89;26699.86;
;ACC06;WEGE3;2;6097;5664;5663;14.95;91150.15;84676.80;84661.85;
;ACC09;BBAS3;2;8683;8364;8363;16.67;144745.61;139427.88;139411.21;
;ACC06;MGLU3;1;6375;1586;1585;15.98;101872.50;25344.28;25328.30;
;ACC02;B3SA3;1;4574;1483;1482;12.00;54888.00;17796.00;17784.00;
;ACC08;VALE3;1;2407;232;231;14.42;34708.94;3345.44;3331.02;
;ACC01;ABEV3;2;3802;2861;2860;10.40;39540.80;29754.40;29744.00;
;ACC07;LREN3;2;3240;2874;2873;14.61;47336.40;41989.14;41974.53;
;ACC05;VALE3;2;5737;5169;5168;17.38;99709.06;89837.22;89819.84;
;ACC01;B3SA3;1;2854;1828;1827;14.21;40555.34;25975.88;25961.67;
;ACC10;BBDC4;1;9159;5780;5779;12.54;114853.86;72481.20;72468.66;
;ACC07;ITUB4;1;4610;1626;1625;15.50;71455.00;25203.00;25187.50;
;ACC02;ABEV3;2;2150;190;189;17.01;36571.50;3231.90;3214.89;
;ACC09;ITUB4;2;8661;3401;3400;17.65;152866.65;60027.65;60010.00;
;ACC06;B3SA3;2;1454;295;294;11.24;16342.96;3315.80;3304.56;
;ACC05;LREN3;1;9861;5547;5546;17.34;170989.74;96184.98;96167.64;
;ACC06;WEGE3;1;5817;2259;2258;13.69;79634.73;30925.71;30912.02;
;ACC10;ITUB4;2;2509;799;798;16.72;41950.48;13359.28;13342.56;
;ACC02;WEGE3;1;8822;7423;7422;17.94;158266.68;133168.62;133150.68;
;ACC02;BBDC4;2;9248;1126;1125;17.74;164059.52;19975.24;19957.50;
;ACC08;ITUB4;1;1199;717;716;16.48;19759.52;11816.16;11799.68;
;ACC10;ABEV3;2;5106;3769;3768;16.05;81951.30;60492.45;60476.40;
;ACC09;VALE3;2;5929;4903;4902;19.69;116742.01;96540.07;96520.38;
;ACC05;BBDC4;2;9523;7959;7958;15.37;146368.51;122329.83;122314.46;
;ACC10;MGLU3;2;9986;8367;8366;12.26;122428.36;102579.42;102567.16;
;ACC03;WEGE3;1;2039;383;382;17.28;35233.92;6618.24;6600.96;
;ACC03;PETR4;2;7601;6884;6883;12.45;94632.45;85705.80;85693.35;
;ACC01;ABEV3;2;8244;3628;3627;10.39;85655.16;37694.92;37684.53;
;ACC09;WEGE3;2;4905;1732;1731;16.17;79313.85;28006.44;27990.27;
;ACC09;VALE3;2;2663;2324;2323;11.03;29372.89;25633.72;25622.69;
;ACC02;LREN3;2;2813;2453;2452;13.72;38594.36;33655.16;33641.44;
;ACC01;BBDC4;1;2054;299;298;14.46;29700.84;4323.54;4309.08;
;ACC01;BBDC4;1;7601;3420;3419;11.80;89691.80;40356.00;40344.20;
;ACC02;ITUB4;2;3824;223;222;14.79;56556.96;3298.17;3283.38;
;ACC06;B3SA3;1;6420;1414;1413;13.84;88852.80;19569.76;19555.92;
;ACC02;BBDC4;1;6247;4775;4774;13.13;82023.11;62695.75;62682.62;
;ACC09;WEGE3;1;7470;1811;1810;14.91;111377.70;27002.01;26987.10;
;ACC07;ABEV3;2;8285;2771;2770;11.93;98840.05;33058.03;33046.10;
;ACC07;BBDC4;1;2308;1693;1692;18.83;43459.64;31879.19;31860.36;
;ACC02;PETR4;1;8097;4322;4321;11.77;95301.69;50869.94;50858.17;
;ACC02;PETR4;2;8311;670;669;17.02;141453.22;11403.40;11386.38;
;ACC01;ITUB4;1;8711;2333;2332;12.23;106535.53;28532.59;28520.36;
;ACC06;PETR4;1;5300;3790;3789;15.47;81991.00;58631.30;58615.83;
;ACC02;B3SA3;2;6721;6005;6004;14.30;96110.30;85871.50;85857.20;
;ACC07;BBDC4;1;9972;242;241;11.35;113182.20;2746.70;2735.35;
;ACC02;MGLU3;2;1992;1121;1120;10.60;21115.20;11882.60;11872.00;
;ACC06;ABEV3;2;2825;1815;1814;15.95;45058.75;28949.25;28933.30;
;ACC10;WEGE3;2;8069;5990;5989;19.50;157345.50;116805.00;116785.50;
;ACC06;WEGE3;1;9842;7950;7949;12.56;123615.52;99852.00;99839.44;
;ACC07;LREN3;1;7681;5309;5308;14.60;112142.60;77511.40;77496.80;
;ACC09;B3SA3;2;8671;2164;2163;10.13;87837.23;21921.32;21911.19;
;ACC04;WEGE3;1;7513;2067;2066;12.54;94213.02;25920.18;25907.64;
;ACC07;VALE3;2;3858;375;374;16.12;62190.96;6045.00;6028.88;
;ACC04;ITUB4;1;7894;4829;4828;18.81;148486.14;90833.49;90814.68;
;ACC07;ITUB4;2;6923;5193;5192;18.17;125790.91;94356.81;94338.64;
;ACC08;MGLU3;1;7839;5676;5675;17.56;137652.84;99670.56;99653.00;
;ACC07;VALE3;2;2840;853;852;13.41;38084.40;11438.73;11425.32;
;ACC10;BBAS3;2;8430;1686;1685;10.80;91044.00;18208.80;18198.00;
;ACC04;B3SA3;1;3238;1238;1237;17.16;55564.08;21244.08;21226.92;
;ACC04;BBDC4;1;3654;3268;3267;14.59;53311.86;47680.12;47665.53;
;ACC04;MGLU3;1;3956;3194;3193;19.71;77972.76;62953.74;62934.03;
;ACC08;ITUB4;1;3085;2901;2900;17.38;53617.30;50419.38;50402.00;
;ACC09;MGLU3;1;8538;2623;2622;17.56;149927.28;46059.88;46042.32;
;ACC05;ABEV3;2;6696;5408;5407;13.17;88186.32;71223.36;71210.19;
;ACC07;WEGE3;2;1287;329;328;14.32;18429.84;4711.28;4696.96;
;ACC06;BBDC4;1;3799;8;7;15.32;58200.68;122.56;107.24;
;ACC10;BBDC4;1;7587;4256;4255;17.56;133227.72;74735.36;74717.80;
;ACC01;WEGE3;2;9181;2794;2793;18.65;171225.65;52108.10;52089.45;
;ACC03;LREN3;1;1541;1219;1218;12.05;18569.05;14688.95;14676.90;
;ACC04;MGLU3;2;3735;3244;3243;11.66;43550.10;37825.04;37813.38;
;ACC06;WEGE3;2;4904;1289;1288;16.61;81455.44;21410.29;21393.68;
;ACC05;MGLU3;1;2382;2333;2332;17.34;41303.88;40454.22;40436.88;
;ACC05;BBDC4;1;2114;708;707;15.31;32365.34;10839.48;10824.17;
;ACC09;LREN3;2;5891;1831;1830;15.57;91722.87;28508.67;28493.10;
;ACC07;BBAS3;1;2457;1452;1451;12.36;30368.52;17946.72;17934.36;
;ACC07;PETR4;1;5558;774;773;13.43;74643.94;10394.82;10381.39;
;ACC03;LREN3;1;8066;6618;6617;19.15;154463.90;126734.70;126715.55;
;ACC04;ITUB4;2;7458;3609;3608;19.33;144163.14;69761.97;69742.64;
;ACC05;ABEV3;2;3863;1039;1038;14.13;54584.19;14681.07;14666.94;
;ACC07;LREN3;1;6520;658;657;12.76;83195.20;8396.08;8383.32;
;ACC08;BBDC4;1;2545;903;902;18.51;47107.95;16714.53;16696.02;
;ACC10;ITUB4;2;8306;6635;6634;10.88;90369.28;72188.80;72177.92;
;ACC06;BBDC4;2;4999;3210;3209;12.36;61787.64;39675.60;39663.24;
;ACC03;BBAS3;1;9200;8174;8173;15.29;140668.00;124980.46;124965.17;
;ACC03;MGLU3;2;3879;3425;3424;18.89;73274.31;64698.25;64679.36;
;ACC01;LREN3;2;4755;4294;4293;16.65;79170.75;71495.10;71478.45;
;ACC09;PETR4;2;8020;3055;3054;13.54;108590.80;41364.70;41351.16;
;ACC09;B3SA3;1;8883;2307;2306;13.30;118143.90;30683.10;30669.80;
;ACC03;ABEV3;2;6635;4501;4500;12.96;85989.60;58332.96;58320.00;
;ACC05;VALE3;2;3938;3729;3728;19.22;75688.36;71671.38;71652.16;
;ACC04;BBDC4;1;1901;1348;1347;16.84;32012.84;22700.32;22683.48;
;ACC06;VALE3;2;7504;1158;1157;11.31;84870.24;13096.98;13085.67;
;ACC05;BBAS3;1;3265;1505;1504;11.71;38233.15;17623.55;17611.84;
;ACC04;BBDC4;1;2953;2847;2846;10.23;30209.19;29124.81;29114.58;
;ACC07;LREN3;1;7011;3478;3477;17.84;125076.24;62047.52;62029.68;
;ACC07;WEGE3;1;2297;92;91;12.22;28069.34;1124.24;1112.02;
;ACC08;BBAS3;1;1149;184;183;15.69;18027.81;2886.96;2871.27;
;ACC01;PETR4;1;1347;343;342;10.90;14682.30;3738.70;3727.80;
;ACC04;WEGE3;1;7067;5838;5837;19.08;134838.36;111389.04;111369.96;
;ACC04;ABEV3;2;6134;3236;3235;15.75;96610.50;50967.00;50951.25;
;ACC05;MGLU3;1;3470;2272;2271;10.21;35428.70;23197.12;23186.91;
;ACC03;LREN3;2;1596;523;522;18.23;29095.08;9534.29;9516.06;
;ACC10;ABEV3;1;3472;3142;3141;16.99;58989.28;53382.58;53365.59;
;ACC03;WEGE3;2;1203;197;196;18.71;22508.13;3685.87;3667.16;
;ACC07;MGLU3;1;2758;805;804;11.89;32792.62;9571.45;9559.56;
;ACC10;BBDC4;1;2288;2020;2019;18.73;42854.24;37834.60;37815.87;
;ACC03;ABEV3;1;8676;1275;1274;19.17;166318.92;24441.75;24422.58;
;ACC10;ABEV3;2;1823;732;731;19.16;34928.68;14025.12;14005.96;
;ACC08;ABEV3;2;4832;1322;1321;12.70;61366.40;16789.40;16776.70;
;ACC03;WEGE3;2;7440;1494;1493;10.76;80054.40;16075.44;16064.68;
;ACC02;MGLU3;2;2320;1300;1299;10.04;23292.80;13052.00;13041.96;
;ACC03;MGLU3;2;5507;3754;3753;17.43;95987.01;65432.22;65414.79;
;ACC01;VALE3;2;3514;2244;2243;19.79;69542.06;44408.76;44388.97;
;ACC07;ITUB4;1;8927;5710;5709;19.31;172380.37;110260.10;110240.79;
;ACC08;ITUB4;1;4538;525;524;17.63;80004.94;9255.75;9238.12;
;ACC09;B3SA3;2;1969;368;367;14.80;29141.20;5446.40;5431.60;
;ACC03;B3SA3;2;2826;1745;1744;11.71;33092.46;20433.95;20422.24;
;ACC03;B3SA3;2;5785;3495;3494;19.45;112518.25;67977.75;67958.30;
;ACC01;WEGE3;1;5608;2089;2088;15.09;84624.72;31523.01;31507.92;
;ACC08;MGLU3;2;6209;2567;2566;16.13;100151.17;41405.71;41389.58;
;ACC08;MGLU3;2;1796;596;595;14.44;25934.24;8606.24;8591.80;
;ACC06;MGLU3;2;9656;8090;8089;17.82;172069.92;144163.80;144145.98;
;ACC02;MGLU3;2;9695;3953;3952;12.45;120702.75;49214.85;49202.40;
;ACC07;LREN3;2;8460;5495;5494;18.89;159809.40;103800.55;103781.66;
;ACC08;WEGE3;2;8189;7576;7575;12.79;104737.31;96897.04;96884.25;
;ACC10;B3SA3;2;9335;456;455;14.74;137597.90;6721.44;6706.70;
;ACC06;MGLU3;1;9437;8551;8550;13.54;127776.98;115780.54;115767.00;
;ACC05;MGLU3;1;1801;1155;1154;17.68;31841.68;20420.40;20402.72;
;ACC03;BBDC4;2;2646;1424;1423;13.72;36303.12;19537.28;19523.56;
;ACC09;WEGE3;2;2711;2272;2271;18.12;49123.32;41168.64;41150.52;
;ACC06;B3SA3;1;7460;239;238;17.28;128908.80;4129.92;4112.64;
;ACC05;VALE3;1;7768;6173;6172;11.31;87856.08;69816.63;69805.32;
;ACC04;B3SA3;1;6483;3852;3851;10.73;69562.59;41331.96;41321.23;
;ACC01;BBAS3;1;2340;1189;1188;16.01;37463.40;19035.89;19019.88;
;ACC09;ITUB4;2;2521;558;557;11.64;29344.44;6495.12;6483.48;
;ACC04;B3SA3;2;4649;3111;3110;10.52;48907.48;32727.72;32717.20;
;ACC10;LREN3;2;2200;1813;1812;19.31;42482.00;35009.03;34989.72;
;ACC07;MGLU3;2;4307;2373;2372;11.33;48798.31;26886.09;26874.76;
;ACC05;PETR4;1;3396;1733;1732;10.37;35216.52;17971.21;17960.84;
;ACC05;BBAS3;2;3673;3562;3561;10.15;37280.95;36154.30;36144.15;
;ACC06;BBAS3;1;8968;1421;1420;13.02;116763.36;18501.42;18488.40;
;ACC05;BBDC4;2;8380;7074;7073;10.02;83967.60;70881.48;70871.46;
;ACC06;ABEV3;2;1214;931;930;19.38;23527.32;18042.78;18023.40;
;ACC02;ABEV3;2;7766;346;345;11.81;91716.46;4086.26;4074.45;
;ACC04;WEGE3;1;2699;2268;2267;14.05;37920.95;31865.40;31851.35;
;ACC02;VALE3;2;6700;954;953;15.05;100835.00;14357.70;14342.65;
;ACC10;VALE3;1;6686;2408;2407;14.81;99019.66;35662.48;35647.67;
;ACC01;BBAS3;1;6641;1673;1672;16.40;108912.40;27437.20;27420.80;
;ACC09;PETR4;2;2009;1202;1201;16.16;32465.44;19424.32;19408.16;
;ACC06;LREN3;2;2307;173;172;13.26;30590.82;2293.98;2280.72;
;ACC05;MGLU3;1;8686;3864;3863;15.94;138454.84;61592.16;61576.22;
;ACC08;ITUB4;2;8400;5369;5368;10.82;90888.00;58092.58;58081.76;
;ACC07;BBDC4;2;6661;6134;6133;14.47;96384.67;88758.98;88744.51;
;ACC07;PETR4;2;4949;3242;3241;18.27;90418.23;59231.34;59213.07;
;ACC05;ABEV3;1;7693;7373;7372;12.42;95547.06;91572.66;91560.24;
;ACC02;ABEV3;2;3085;2859;2858;12.91;39827.35;36909.69;36896.78;
;ACC01;MGLU3;1;8098;4774;4773;18.18;147221.64;86791.32;86773.14;
;ACC09;VALE3;2;4099;79;78;18.74;76815.26;1480.46;1461.72;
;ACC06;BBDC4;1;7107;4184;4183;12.87;91467.09;53848.08;53835.21;
;ACC10;BBAS3;2;8300;8100;8099;17.50;145250.00;141750.00;141732.50;
;ACC09;ITUB4;1;4458;2546;2545;16.28;72576.24;41448.88;41432.60;
;ACC07;ABEV3;2;4647;3306;3305;16.61;77186.67;54912.66;54896.05;
;ACC01;B3SA3;2;7971;2648;2647;18.26;145550.46;48352.48;48334.22;
;ACC10;WEGE3;1;4313;3732;3731;13.36;57621.68;49859.52;49846.16;
;ACC09;ABEV3;2;8256;7645;7644;10.87;89742.72;83101.15;83090.28;
;ACC09;BBDC4;2;8462;3169;3168;17.83;150877.46;56503.27;56485.44;
;ACC08;BBAS3;1;5794;404;403;12.90;74742.60;5211.60;5198.70;
;ACC06;B3SA3;1;9147;3617;3616;12.65;115709.55;45755.05;45742.40;
;ACC06;B3SA3;2;6961;2711;2710;13.05;90841.05;35378.55;35365.50;
;ACC03;PETR4;1;5813;328;327;19.32;112307.16;6336.96;6317.64;
;ACC07;ABEV3;2;8291;6893;6892;18.32;151891.12;126279.76;126261.44;
;ACC05;BBAS3;1;8149;2470;2469;15.27;124435.23;37716.90;37701.63;
;ACC10;BBAS3;1;1988;1024;1023;10.55;20973.40;10803.20;10792.65;
;ACC10;VALE3;2;3334;1860;1859;12.79;42641.86;23789.40;23776.61;
;ACC06;ITUB4;1;4431;4287;4286;16.46;72934.26;70564.02;70547.56;
;ACC09;B3SA3;2;1766;65;64;16.04;28326.64;1042.60;1026.56;
;ACC07;MGLU3;1;6086;2244;2243;16.43;99992.98;36868.92;36852.49;
;ACC06;BBAS3;1;5476;2116;2115;13.97;76499.72;29560.52;29546.55;
;ACC10;BBDC4;2;1606;1171;1170;13.59;21825.54;15913.89;15900.30;
;ACC07;WEGE3;1;1053;913;912;13.43;14141.79;12261.59;12248.16;
;ACC07;LREN3;2;1287;1017;1016;10.21;13140.27;10383.57;10373.36;
;ACC01;BBDC4;2;1137;675;674;19.38;22035.06;13081.50;13062.12;
;ACC07;WEGE3;2;3511;185;184;17.04;59827.44;3152.40;3135.36;
;ACC05;ITUB4;2;2750;456;455;15.77;43367.50;7191.12;7175.35;
;ACC04;WEGE3;2;7155;371;370;13.59;97236.45;5041.89;5028.30;
;ACC09;WEGE3;2;5684;1497;1496;15.72;89352.48;23532.84;23517.12;
;ACC05;ITUB4;2;9394;632;631;19.71;185155.74;12456.72;12437.01;
;ACC04;LREN3;1;3688;332;331;13.11;48349.68;4352.52;4339.41;
;ACC09;ITUB4;2;7486;4135;4134;15.75;117904.50;65126.25;65110.50;
;ACC10;ABEV3;2;2950;823;822;14.33;42273.50;11793.59;11779.26;
;ACC01;ITUB4;1;3946;339;338;18.66;73632.36;6325.74;6307.08;
;ACC03;PETR4;1;5692;437;436;19.75;112417.00;8630.75;8611.00;
;ACC01;B3SA3;1;4130;1895;1894;14.39;59430.70;27269.05;27254.66;
;ACC10;VALE3;1;3425;2524;2523;12.96;44388.00;32711.04;32698.08;
;ACC07;LREN3;2;7861;2272;2271;10.70;84112.70;24310.40;24299.70;
;ACC02;ABEV3;2;1197;1004;1003;11.56;13837.32;11606.24;11594.68;
;ACC07;BBAS3;1;5723;1267;1266;18.54;106104.42;23490.18;23471.64;
;ACC05;PETR4;2;5989;5507;5506;15.12;90553.68;83265.84;83250.72;
;ACC08;WEGE3;2;3190;12;11;18.37;58600.30;220.44;202.07;
;ACC01;B3SA3;2;8982;4976;4975;17.02;152873.64;84691.52;84674.50;
;ACC08;PETR4;1;5327;1624;1623;17.32;92263.64;28127.68;28110.36;
;ACC02;BBAS3;1;5540;3012;3011;11.54;63931.60;34758.48;34746.94;
;ACC10;BBAS3;2;6680;4869;4868;14.10;94188.00;68652.90;68638.80;
;ACC02;WEGE3;1;6095;1771;1770;18.06;110075.70;31984.26;31966.20;
;ACC06;ABEV3;1;3627;1603;1602;14.34;52011.18;22987.02;22972.68;
;ACC06;BBAS3;1;6341;4627;4626;14.19;89978.79;65657.13;65642.94;
;ACC08;WEGE3;2;9639;2051;2050;13.11;126367.29;26888.61;26875.50;
;ACC10;WEGE3;2;3565;1298;1297;18.33;65346.45;23792.34;23774.01;
;ACC02;ABEV3;1;5902;4827;4826;17.11;100983.22;82589.97;82572.86;
;ACC10;BBAS3;1;6558;1779;1778;15.62;102435.96;27787.98;27772.36;
;ACC07;BBDC4;1;1095;941;940;16.28;17826.60;15319.48;15303.20;
;ACC07;ABEV3;1;4100;447;446;13.87;56867.00;6199.89;6186.02;
;ACC07;MGLU3;1;8527;5076;5075;16.63;141804.01;84413.88;84397.25;
;ACC01;PETR4;2;5348;540;539;14.54;77759.92;7851.60;7837.06;
;ACC01;BBDC4;2;8963;4681;4680;19.43;174151.09;90951.83;90932.40;
;ACC03;VALE3;1;5859;2746;2745;11.75;68843.25;32265.50;32253.75;
;ACC02;BBAS3;1;3326;1126;1125;19.57;65089.82;22035.82;22016.25;
;ACC10;MGLU3;1;9964;5916;5915;16.12;160619.68;95365.92;95349.80;
;ACC04;ITUB4;1;8250;474;473;13.20;108900.00;6256.80;6243.60;
;ACC10;MGLU3;1;6000;3684;3683;18.44;110640.00;67932.96;67914.52;
;ACC09;PETR4;1;9814;2329;2328;17.96;176259.44;41828.84;41810.88;
;ACC08;BBDC4;2;1947;520;519;18.01;35065.47;9365.20;9347.19;
;ACC06;LREN3;2;2280;364;363;13.47;30711.60;4903.08;4889.61;
;ACC04;BBAS3;2;4358;2743;2742;15.11;65849.38;41446.73;41431.62;
;ACC05;BBAS3;1;8436;2235;2234;13.12;110680.32;29323.20;29310.08;
;ACC10;ITUB4;1;3084;2231;2230;14.66;45211.44;32706.46;32691.80;
;ACC03;ABEV3;2;4353;1492;1491;19.29;83969.37;28780.68;28761.39;
;ACC10;BBAS3;1;7981;2347;2346;17.84;142381.04;41870.48;41852.64;
;ACC02;BBDC4;1;4218;3699;3698;11.07;46693.26;40947.93;40936.86;
;ACC09;ITUB4;2;1231;10;9;18.80;23142.80;188.00;169.20;
;ACC05;ABEV3;1;6322;2569;2568;16.33;103238.26;41951.77;41935.44;
;ACC07;BBDC4;2;5852;4557;4556;10.64;62265.28;48486.48;48475.84;
;ACC01;ITUB4;2;7931;7051;7050;19.99;158540.69;140949.49;140929.50;
;ACC02;B3SA3;1;2750;2085;2084;12.27;33742.50;25582.95;25570.68;
;ACC10;BBAS3;2;8760;1418;1417;19.78;173272.80;28048.04;28028.26;
;ACC01;VALE3;2;3293;2030;2029;12.12;39911.16;24603.60;24591.48;
;ACC09;MGLU3;1;7885;813;812;18.25;143901.25;14837.25;14819.00;
;ACC09;MGLU3;2;2944;671;670;11.19;32943.36;7508.49;7497.30;
;ACC08;PETR4;2;4593;817;816;12.64;58055.52;10326.88;10314.24;
;ACC07;LREN3;1;4331;1717;1716;18.80;81422.80;32279.60;32260.80;
;ACC09;B3SA3;1;2974;2370;2369;18.03;53621.22;42731.10;42713.07;
;ACC01;BBDC4;1;6218;3215;3214;15.56;96752.08;50025.40;50009.84;
;ACC08;BBAS3;1;6937;806;805;10.50;72838.50;8463.00;8452.50;
;ACC09;B3SA3;1;7225;2401;2400;15.45;111626.25;37095.45;37080.00;
;ACC09;LREN3;2;2040;1151;1150;19.71;40208.40;22686.21;22666.50;
;ACC02;BBDC4;1;2542;2203;2202;12.99;33020.58;28616.97;28603.98;
;ACC04;B3SA3;1;1294;983;982;17.55;22709.70;17251.65;17234.10;
;ACC09;BBAS3;2;9884;5630;5629;13.34;131852.56;75104.20;75090.86;
;ACC07;BBDC4;1;5223;5216;5215;12.46;65078.58;64991.36;64978.90;
;ACC01;BBDC4;1;6632;4483;4482;16.28;107968.96;72983.24;72966.96;
;ACC03;PETR4;2;4145;1697;1696;11.29;46797.05;19159.13;19147.84;
;ACC10;MGLU3;2;7079;5393;5392;17.04;120626.16;91896.72;91879.68;
;ACC02;PETR4;1;9544;2455;2454;13.07;124740.08;32086.85;32073.78;
;ACC06;B3SA3;2;5541;5179;5178;19.72;109268.52;102129.88;102110.16;
;ACC10;WEGE3;1;9781;1458;1457;11.63;113753.03;16956.54;16944.91;
;ACC10;BBAS3;1;4809;265;264;13.49;64873.41;3574.85;3561.36;
;ACC03;ABEV3;2;2160;784;783;11.63;25120.80;9117.92;9106.29;
;ACC01;BBDC4;2;8463;1884;1883;11.53;97578.39;21722.52;21710.99;
;ACC05;ITUB4;2;2839;562;561;16.52;46900.28;9284.24;9267.72;
;ACC10;WEGE3;1;1425;1169;1168;18.30;26077.50;21392.70;21374.40;
;ACC02;B3SA3;1;3391;2494;2493;14.06;47677.46;35065.64;35051.58;
;ACC04;ABEV3;1;2016;383;382;13.80;27820.80;5285.40;5271.60;
;ACC04;ABEV3;1;7564;7386;7385;14.36;108619.04;106062.96;106048.60;
;ACC04;ITUB4;2;4839;2514;2513;14.73;71278.47;37031.22;37016.49;
;ACC09;ITUB4;1;8015;5759;5758;13.05;104595.75;75154.95;75141.90;
;ACC09;WEGE3;1;9719;3275;3274;14.73;143160.87;48240.75;48226.02;
;ACC01;ABEV3;2;8265;321;320;11.94;98684.10;3832.74;3820.80;
;ACC01;MGLU3;2;2348;1443;1442;10.31;24207.88;14877.33;14867.02;
;ACC03;B3SA3;1;6604;2697;2696;16.92;111739.68;45633.24;45616.32;
;ACC09;B3SA3;2;4787;3189;3188;19.37;92724.19;61770.93;61751.56;
;ACC07;B3SA3;1;1876;1078;1077;14.51;27220.76;15641.78;15627.27;
;ACC05;VALE3;2;4667;3771;3770;16.22;75698.74;61165.62;61149.40;
;ACC05;B3SA3;2;9987;4538;4537;12.90;128832.30;58540.20;58527.30;
;ACC04;VALE3;2;6545;2763;2762;16.16;105767.20;44650.08;44633.92;
;ACC06;BBDC4;2;6924;5845;5844;11.58;80179.92;67685.10;67673.52;
;ACC04;PETR4;2;4246;1211;1210;19.40;82372.40;23493.40;23474.00;
;ACC05;PETR4;1;5613;1156;1155;19.24;107994.12;22241.44;22222.20;
;ACC01;VALE3;2;4250;3727;3726;12.21;51892.50;45506.67;45494.46;
;ACC06;B3SA3;2;9829;251;250;19.45;191174.05;4881.95;4862.50;
;ACC02;BBDC4;1;2757;1477;1476;13.71;37798.47;20249.67;20235.96;
;ACC07;BBAS3;2;4197;880;879;14.25;59807.25;12540.00;12525.75;
;ACC06;BBAS3;2;6187;1596;1595;19.51;120708.37;31137.96;31118.45;
;ACC03;VALE3;1;7371;944;943;10.39;76584.69;9808.16;9797.77;
;ACC06;BBDC4;2;6799;2043;2042;15.45;105044.55;31564.35;31548.90;
;ACC08;WEGE3;2;1570;801;800;13.06;20504.20;10461.06;10448.00;
;ACC08;BBDC4;1;1783;1743;1742;14.42;25710.86;25134.06;25119.64;
;ACC05;B3SA3;1;8286;354;353;15.67;129841.62;5547.18;5531.51;
;ACC03;PETR4;2;5441;5069;5068;15.90;86511.90;80597.10;80581.20;
;ACC09;BBAS3;2;7880;4748;4747;17.16;135220.80;81475.68;81458.52;
;ACC01;LREN3;2;9755;830;829;18.62;181638.10;15454.60;15435.98;
;ACC04;MGLU3;1;3101;2204;2203;12.41;38483.41;27351.64;27339.23;
;ACC08;BBDC4;1;7181;2560;2559;10.16;72958.96;26009.60;25999.44;
;ACC06;MGLU3;1;5371;3227;3226;17.85;95872.35;57601.95;57584.10;
;ACC04;ITUB4;2;7702;5786;5785;12.17;93733.34;70415.62;70403.45;
;ACC04;MGLU3;1;4747;415;414;11.66;55350.02;4838.90;4827.24;
;ACC07;MGLU3;1;9395;6217;6216;16.23;152480.85;100901.91;100885.68;
;ACC06;BBAS3;1;3797;2339;2338;10.60;40248.20;24793.40;24782.80;
;ACC07;BBAS3;2;6334;3119;3118;16.03;101534.02;49997.57;49981.54;
;ACC01;ABEV3;2;4414;3782;3781;10.34;45640.76;39105.88;39095.54;
;ACC04;BBAS3;2;9204;1673;1672;11.12;102348.48;18603.76;18592.64;
;ACC09;VALE3;2;1588;1556;1555;17.49;27774.12;27214.44;27196.95;
;ACC01;VALE3;1;5492;2918;2917;10.19;55963.48;29734.42;29724.23;
;ACC07;ITUB4;2;4682;4214;4213;17.93;83948.26;75557.02;75539.09;
;ACC07;PETR4;2;4809;1983;1982;11.80;56746.20;23399.40;23387.60;
;ACC10;B3SA3;2;7756;5985;5984;19.57;151784.92;117126.45;117106.88;
;ACC07;BBAS3;2;2682;745;744;18.91;50716.62;14087.95;14069.04;
;ACC04;ITUB4;1;4729;4256;4255;14.28;67530.12;60775.68;60761.40;
;ACC09;VALE3;2;8024;3661;3660;15.29;122686.96;55976.69;55961.40;
;ACC03;WEGE3;2;1553;988;987;13.03;20235.59;12873.64;12860.61;
;ACC05;BBAS3;1;9454;2036;2035;19.68;186054.72;40068.48;40048.80;
;ACC09;BBAS3;2;9531;6825;6824;11.63;110845.53;79374.75;79363.12;
;ACC01;BBAS3;1;6825;1030;1029;18.42;125716.50;18972.60;18954.18;
;ACC02;VALE3;2;3760;343;342;12.53;47112.80;4297.79;4285.26;
;ACC10;BBAS3;2;4416;3189;3188;17.02;75160.32;54276.78;54259.76;
;ACC08;ABEV3;1;5281;421;420;11.84;62527.04;4984.64;4972.80;
;ACC04;BBDC4;1;2908;1636;1635;14.95;43474.60;24458.20;24443.25;
;ACC05;WEGE3;2;2347;562;561;14.10;33092.70;7924.20;7910.10;
;ACC06;BBAS3;2;2784;372;371;12.09;33658.56;4497.48;4485.39;
;ACC05;VALE3;2;5714;5698;5697;19.26;110051.64;109743.48;109724.22;
;ACC02;BBAS3;1;9784;3473;3472;19.38;189613.92;67306.74;67287.36;
;ACC01;B3SA3;2;6359;1644;1643;18.70;118913.30;30742.80;30724.10;
;ACC06;BBDC4;1;6877;353;352;12.80;88025.60;4518.40;4505.60;
;ACC03;ITUB4;2;6879;4115;4114;17.11;117699.69;70407.65;70390.54;
;ACC05;ABEV3;1;7687;6266;6265;15.11;116150.57;94679.26;94664.15;
;ACC06;B3SA3;1;6360;1431;1430;19.47;123829.20;27861.57;27842.10;
;ACC02;BBDC4;2;1725;1386;1385;14.02;24184.50;19431.72;19417.70;
;ACC08;LREN3;1;9596;5795;5794;15.61;149793.56;90459.95;90444.34;
;ACC04;VALE3;2;2453;1901;1900;16.36;40131.08;31100.36;31084.00;
;ACC08;BBDC4;1;5315;5008;5007;16.73;88919.95;83783.84;83767.11;
;ACC08;ITUB4;2;9655;1794;1793;12.79;123487.45;22945.26;22932.47;
;ACC08;WEGE3;2;6422;1719;1718;12.50;80275.00;21487.50;21475.00;
;ACC05;ITUB4;2;5648;4836;4835;12.26;69244.48;59289.36;59277.10;
;ACC10;ITUB4;1;6508;4877;4876;17.45;113564.60;85103.65;85086.20;
;ACC08;WEGE3;1;2018;203;202;13.48;27202.64;2736.44;2722.96;
;ACC09;MGLU3;1;9167;6170;6169;14.83;135946.61;91501.10;91486.27;
;ACC07;B3SA3;1;6042;330;329;16.02;96792.84;5286.60;5270.58;
;ACC06;WEGE3;1;3290;2599;2598;13.60;44744.00;35346.40;35332.80;
;ACC07;ITUB4;1;8715;7005;7004;18.39;160268.85;128821.95;128803.56;
;ACC06;WEGE3;1;5736;3851;3850;17.96;103018.56;69163.96;69146.00;
;ACC05;MGLU3;1;1451;138;137;17.52;25421.52;2417.76;2400.24;
;ACC09;MGLU3;2;5216;3829;3828;19.16;99938.56;73363.64;73344.48;
;ACC05;PETR4;1;1569;507;506;17.08;26798.52;8659.56;8642.48;
;ACC02;PETR4;2;2111;1293;1292;11.27;23790.97;14572.11;14560.84;
;ACC03;BBAS3;1;9531;1318;1317;11.47;109320.57;15117.46;15105.99;
;ACC04;BBAS3;1;2614;200;199;13.17;34426.38;2634.00;2620.83;
;ACC04;ABEV3;2;3440;2141;2140;13.23;45511.20;28325.43;28312.20;
;ACC01;LREN3;1;8874;4548;4547;15.43;136925.82;70175.64;70160.21;
;ACC06;PETR4;1;9795;7406;7405;18.64;182578.80;138047.84;138029.20;
;ACC01;WEGE3;2;1366;571;570;17.68;24150.88;10095.28;10077.60;
;ACC06;WEGE3;1;6454;6204;6203;15.81;102037.74;98085.24;98069.43;
;ACC05;BBDC4;2;4112;2983;2982;10.80;44409.60;32216.40;32205.60;
;ACC07;LREN3;1;2476;1102;1101;10.25;25379.00;11295.50;11285.25;
;ACC10;LREN3;2;9236;1459;1458;16.03;148053.08;23387.77;23371.74;
;ACC01;BBAS3;1;5217;4469;4468;11.58;60412.86;51751.02;51739.44;
;ACC06;MGLU3;1;3906;1009;1008;12.42;48512.52;12531.78;12519.36;
;ACC01;BBDC4;2;7412;1421;1420;12.89;95540.68;18316.69;18303.80;
;ACC09;LREN3;1;4420;1690;1689;19.00;83980.00;32110.00;32091.00;
;ACC09;ABEV3;1;5079;4942;4941;17.36;88171.44;85793.12;85775.76;
;ACC07;B3SA3;1;4553;3853;3852;14.05;63969.65;54134.65;54120.60;
;ACC03;WEGE3;2;8363;5312;5311;10.71;89567.73;56891.52;56880.81;
;ACC10;WEGE3;1;7526;3943;3942;10.95;82409.70;43175.85;43164.90;
;ACC09;WEGE3;1;8462;1871;1870;11.10;93928.20;20768.10;20757.00;
;ACC06;WEGE3;1;8073;5671;5670;11.98;96714.54;67938.58;67926.60;
;ACC01;ABEV3;2;7836;1347;1346;17.74;139010.64;23895.78;23878.04;
;ACC09;BBAS3;1;5642;3010;3009;19.31;108947.02;58123.10;58103.79;
;ACC04;BBDC4;1;7652;7602;7601;14.19;108581.88;107872.38;107858.19;
;ACC10;LREN3;1;8127;7288;7287;17.69;143766.63;128924.72;128907.03;
;ACC04;ITUB4;2;8108;6199;6198;16.59;134511.72;102841.41;102824.82;
;ACC04;VALE3;1;6698;4698;4697;12.99;87007.02;61027.02;61014.03;
;ACC04;MGLU3;1;8064;4190;4189;16.96;136765.44;71062.40;71045.44;
;ACC03;PETR4;1;7104;3859;3858;17.19;122117.76;66336.21;66319.02;
;ACC01;VALE3;1;6821;4838;4837;18.55;126529.55;89744.90;89726.35;
;ACC04;VALE3;1;4865;1857;1856;14.39;70007.35;26722.23;26707.84;
;ACC04;LREN3;1;1577;1344;1343;18.49;29158.73;24850.56;24832.07;
;ACC09;BBDC4;2;3109;2836;2835;17.48;54345.32;49573.28;49555.80;
;ACC02;ITUB4;1;1216;1095;1094;14.11;17157.76;15450.45;15436.34;
;ACC05;B3SA3;1;4720;1643;1642;13.76;64947.20;22607.68;22593.92;
;ACC09;LREN3;2;4201;2710;2709;10.27;43144.27;27831.70;27821.43;
;ACC03;B3SA3;2;1218;554;553;19.10;23263.80;10581.40;10562.30;
;ACC01;ITUB4;1;2907;2118;2117;17.80;51744.60;37700.40;37682.60;
;ACC04;PETR4;2;8942;3664;3663;12.58;112490.36;46093.12;46080.54;
;ACC03;PETR4;1;9576;9565;9564;10.32;98824.32;98710.80;98700.48;
;ACC04;LREN3;1;1302;531;530;12.43;16183.86;6600.33;6587.90;
;ACC02;BBAS3;1;1213;1045;1044;18.24;22125.12;19060.80;19042.56;
;ACC07;VALE3;1;4772;4433;4432;10.47;49962.84;46413.51;46403.04;
;ACC06;BBDC4;2;9045;8613;8612;14.35;129795.75;123596.55;123582.20;
;ACC05;VALE3;1;7025;655;654;16.82;118160.50;11017.10;11000.28;
;ACC08;WEGE3;1;3940;3147;3146;12.46;49092.40;39211.62;39199.16;
;ACC08;ABEV3;2;1927;1326;1325;18.02;34724.54;23894.52;23876.50;
;ACC05;BBDC4;1;7886;5543;5542;18.79;148177.94;104152.97;104134.18;
;ACC05;LREN3;2;3294;1649;1648;17.26;56854.44;28461.74;28444.48;
;ACC07;WEGE3;1;6332;4035;4034;12.31;77946.92;49670.85;49658.54;
;ACC04;WEGE3;1;8139;5452;5451;16.93;137793.27;92302.36;92285.43;
;ACC01;PETR4;1;7882;1320;1319;17.69;139432.58;23350.80;23333.11;
;ACC04;ABEV3;2;9027;8372;8371;19.98;180359.46;167272.56;167252.58;
;ACC08;BBAS3;1;3376;2127;2126;13.46;45440.96;28629.42;28615.96;
;ACC06;VALE3;2;8933;7973;7972;17.06;152396.98;136019.38;136002.32;
;ACC09;VALE3;1;9840;8668;8667;18.63;183319.20;161484.84;161466.21;
;ACC05;LREN3;1;5640;3727;3726;14.09;79467.60;52513.43;52499.34;
;ACC10;ITUB4;2;4176;2165;2164;17.75;74124.00;38428.75;38411.00;
;ACC08;PETR4;1;7027;174;173;18.78;131967.06;3267.72;3248.94;
;ACC10;MGLU3;2;9413;4001;4000;10.93;102884.09;43730.93;43720.00;
;ACC05;B3SA3;1;7305;4626;4625;16.69;121920.45;77207.94;77191.25;
;ACC07;BBAS3;2;3898;1120;1119;11.33;44164.34;12689.60;12678.27;
;ACC03;ITUB4;1;7215;3802;3801;14.35;103535.25;54558.70;54544.35;
;ACC02;BBDC4;2;4079;3392;3391;15.66;63877.14;53118.72;53103.06;
;ACC01;ABEV3;2;8731;6930;6929;11.00;96041.00;76230.00;76219.00;
;ACC08;PETR4;2;4554;2506;2505;13.07;59520.78;32753.42;32740.35;
;ACC10;WEGE3;2;5334;2692;2691;13.26;70728.84;35695.92;35682.66;
;ACC02;VALE3;1;3457;2307;2306;16.82;58146.74;38803.74;38786.92;
;ACC06;WEGE3;1;3355;793;792;15.72;52740.60;12465.96;12450.24;
;ACC04;BBAS3;1;8046;7340;7339;16.42;132115.32;120522.80;120506.38;
;ACC10;VALE3;2;6053;957;956;14.29;86497.37;13675.53;13661.24;
;ACC10;B3SA3;1;3313;1035;1034;16.57;54896.41;17149.95;17133.38;
;ACC01;MGLU3;1;5204;1235;1234;18.57;96638.28;22933.95;22915.38;
;ACC07;LREN3;1;3561;532;531;13.36;47574.96;7107.52;7094.16;
;ACC06;LREN3;1;6032;3605;3604;14.21;85714.72;51227.05;51212.84;
;ACC04;VALE3;2;7580;182;181;15.89;120446.20;2891.98;2876.09;
;ACC03;WEGE3;2;3275;2678;2677;17.30;56657.50;46329.40;46312.10;
;ACC02;ITUB4;1;8628;1635;1634;17.03;146934.84;27844.05;27827.02;
;ACC08;WEGE3;1;6448;4427;4426;17.59;113420.32;77870.93;77853.34;
;ACC08;B3SA3;2;4142;386;385;12.89;53390.38;4975.54;4962.65;
;ACC03;MGLU3;2;3267;2269;2268;11.73;38321.91;26615.37;26603.64;
;ACC07;B3SA3;2;9228;1336;1335;19.35;178561.80;25851.60;25832.25;
;ACC02;PETR4;2;7992;1556;1555;10.08;80559.36;15684.48;15674.40;
;ACC01;MGLU3;1;6064;5968;5967;11.22;68038.08;66960.96;66949.74;
;ACC08;B3SA3;1;5230;286;285;15.33;80175.90;4384.38;4369.05;
;ACC06;ABEV3;2;9183;7816;7815;10.06;92380.98;78628.96;78618.90;
;ACC05;PETR4;1;6013;1052;1051;12.71;76425.23;13370.92;13358.21;
;ACC07;B3SA3;1;6662;925;924;13.50;89937.00;12487.50;12474.00;
;ACC01;WEGE3;1;8857;384;383;18.19;161108.83;6984.96;6966.77;
;ACC01;BBAS3;1;9583;7965;7964;15.15;145182.45;120669.75;120654.60;
;ACC01;BBAS3;2;2700;1491;1490;18.07;48789.00;26942.37;26924.30;
;ACC08;LREN3;2;8764;8714;8713;16.57;145219.48;144390.98;144374.41;
;ACC09;MGLU3;1;9407;2671;2670;15.49;145714.43;41373.79;41358.30;
;ACC02;BBAS3;2;3154;3018;3017;10.54;33243.16;31809.72;31799.18;
;ACC07;MGLU3;1;4081;358;357;16.20;66112.20;5799.60;5783.40;
;ACC10;ITUB4;2;2688;1612;1611;17.93;48195.84;28903.16;28885.23;
;ACC05;LREN3;1;1142;109;108;18.72;21378.24;2040.48;2021.76;
;ACC05;ITUB4;1;6017;3393;3392;11.34;68232.78;38476.62;38465.28;
;ACC02;ABEV3;1;4461;2208;2207;18.84;84045.24;41598.72;41579.88;
;ACC02;B3SA3;2;3441;1217;1216;11.92;41016.72;14506.64;14494.72;
;ACC08;BBDC4;2;7972;1253;1252;12.33;98294.76;15449.49;15437.16;
;ACC05;LREN3;2;1631;797;796;14.40;23486.40;11476.80;11462.40;
;ACC08;BBDC4;2;5379;3799;3798;18.10;97359.90;68761.90;68743.80;
;ACC06;BBDC4;1;5678;4793;4792;19.93;113162.54;95524.49;95504.56;
;ACC01;BBDC4;1;7447;6368;6367;17.81;132631.07;113414.08;113396.27;
;ACC08;MGLU3;2;7794;4935;4934;19.31;150502.14;95294.85;95275.54;
;ACC09;LREN3;1;4593;792;791;13.17;60489.81;10430.64;10417.47;
;ACC08;ABEV3;2;6201;4534;4533;17.95;111307.95;81385.30;81367.35;
;ACC06;PETR4;1;4299;1344;1343;13.22;56832.78;17767.68;17754.46;
;ACC01;ABEV3;1;2076;309;308;13.87;28794.12;4285.83;4271.96;
;ACC01;BBDC4;1;7035;4427;4426;12.96;91173.60;57373.92;57360.96;
;ACC10;LREN3;1;7094;4998;4997;14.54;103146.76;72670.92;72656.38;
;ACC07;B3SA3;2;4271;3282;3281;11.59;49500.89;38038.38;38026.79;
;ACC02;LREN3;2;8699;2637;2636;18.36;159713.64;48415.32;48396.96;
;ACC02;BBAS3;1;2815;1109;1108;19.10;53766.50;21181.90;21162.80;
;ACC07;PETR4;2;3474;3192;3191;12.22;42452.28;39006.24;38994.02;
;ACC09;ABEV3;1;2750;1486;1485;16.22;44605.00;24102.92;24086.70;
;ACC08;BBDC4;2;5699;238;237;17.46;99504.54;4155.48;4138.02;
;ACC08;BBDC4;2;2617;2433;2432;14.37;37606.29;34962.21;34947.84;
;ACC08;VALE3;1;6346;2501;2500;12.75;80911.50;31887.75;31875.00;
;ACC06;B3SA3;2;8117;1938;1937;18.95;153817.15;36725.10;36706.15;
;ACC10;VALE3;1;3017;1659;1658;13.74;41453.58;22794.66;22780.92;
;ACC05;ITUB4;2;3556;2641;2640;11.32;40253.92;29896.12;29884.80;
;ACC06;LREN3;2;4897;3400;3399;16.47;80653.59;55998.00;55981.53;
;ACC06;LREN3;1;5905;590;589;12.56;74166.80;7410.40;7397.84;
;ACC06;VALE3;2;2385;288;287;13.28;31672.80;3824.64;3811.36;
;ACC03;LREN3;1;2223;2211;2210;14.47;32166.81;31993.17;31978.70;
;ACC08;ITUB4;1;6253;5848;5847;17.61;110115.33;102983.28;102965.67;
;ACC09;PETR4;1;7333;4750;4749;11.64;85356.12;55290.00;55278.36;
;ACC08;LREN3;2;7648;726;725;16.78;128333.44;12182.28;12165.50;
;ACC09;ABEV3;1;8268;5008;5007;11.61;95991.48;58142.88;58131.27;
;ACC08;WEGE3;2;6145;3917;3916;19.92;122408.40;78026.64;78006.72;
;ACC08;VALE3;2;2614;2355;2354;18.86;49300.04;44415.30;44396.44;
;ACC03;MGLU3;2;1290;367;366;11.51;14847.90;4224.17;4212.66;
;ACC08;WEGE3;1;4289;3551;3550;12.42;53269.38;44103.42;44091.00;
;ACC10;MGLU3;1;6843;5753;5752;19.67;134601.81;113161.51;113141.84;
;ACC08;BBAS3;2;7610;3584;3583;16.10;122521.00;57702.40;57686.30;
;ACC09;VALE3;2;2315;786;785;12.58;29122.70;9887.88;9875.30;
;ACC05;MGLU3;2;9202;6407;6406;15.07;138674.14;96553.49;96538.42;
;ACC09;MGLU3;1;7239;4877;4876;15.26;110467.14;74423.02;74407.76;
;ACC02;BBAS3;1;4612;1675;1674;12.32;56819.84;20636.00;20623.68;
;ACC06;PETR4;2;4800;4676;4675;14.02;67296.00;65557.52;65543.50;
;ACC01;BBDC4;1;3404;1393;1392;13.94;47451.76;19418.42;19404.48;
;ACC03;WEGE3;1;4681;2;1;15.55;72789.55;31.10;15.55;
;ACC09;PETR4;2;3961;2114;2113;12.56;49750.16;26551.84;26539.28;
;ACC03;VALE3;1;5439;498;497;12.88;70054.32;6414.24;6401.36;
;ACC09;ABEV3;1;2667;1761;1760;14.19;37844.73;24988.59;24974.40;
;ACC07;BBDC4;1;2814;719;718;11.18;31460.52;8038.42;8027.24;
;ACC09;LREN3;1;9293;2220;2219;15.05;139859.65;33411.00;33395.95;
;ACC06;ABEV3;1;3554;3466;3465;11.96;42505.84;41453.36;41441.40;
;ACC01;ITUB4;2;9387;2101;2100;11.19;105040.53;23510.19;23499.00;
;ACC07;ABEV3;2;4115;442;441;15.76;64852.40;6965.92;6950.16;
;ACC01;PETR4;1;7749;250;249;15.77;122201.73;3942.50;3926.73;
;ACC08;BBAS3;1;6695;4031;4030;19.46;130284.70;78443.26;78423.80;
;ACC03;ABEV3;2;3738;950;949;15.76;58910.88;14972.00;14956.24;
;ACC04;PETR4;2;9987;6751;6750;16.60;165784.20;112066.60;112050.00;
;ACC05;BBDC4;2;4061;842;841;12.48;50681.28;10508.16;10495.68;
;ACC09;WEGE3;2;6274;2623;2622;16.05;100697.70;42099.15;42083.10;
;ACC03;WEGE3;2;7219;5794;5793;17.98;129797.62;104176.12;104158.14;
;ACC07;VALE3;1;4452;879;878;16.51;73502.52;14512.29;14495.78;
;ACC03;WEGE3;2;8098;7532;7531;12.41;100496.18;93472.12;93459.71;
;ACC01;PETR4;2;5591;3853;3852;12.70;71005.70;48933.10;48920.40;
;ACC08;WEGE3;1;9508;6358;6357;15.68;149085.44;99693.44;99677.76;
;ACC09;VALE3;1;3058;1261;1260;11.45;35014.10;14438.45;14427.00;
;ACC03;ABEV3;2;7481;4616;4615;10.89;81468.09;50268.24;50257.35;
;ACC07;ABEV3;1;9668;4379;4378;14.80;143086.40;64809.20;64794.40;
;ACC09;PETR4;1;5528;1527;1526;15.36;84910.08;23454.72;23439.36;
;ACC03;ABEV3;1;8057;407;406;10.68;86048.76;4346.76;4336.08;
;ACC09;BBDC4;2;3726;969;968;19.94;74296.44;19321.86;19301.92;
;ACC01;BBAS3;1;1493;1390;1389;10.71;15990.03;14886.90;14876.19;
;ACC06;BBAS3;1;9324;3637;3636;16.55;154312.20;60192.35;60175.80;
;ACC08;LREN3;2;5990;1634;1633;19.01;113869.90;31062.34;31043.33;
;ACC04;ITUB4;2;6949;695;694;19.03;132239.47;13225.85;13206.82;
;ACC03;PETR4;1;2613;1784;1783;15.62;40815.06;27866.08;27850.46;
;ACC09;VALE3;2;2629;1757;1756;12.53;32941.37;22015.21;22002.68;
;ACC07;PETR4;1;3317;2212;2211;12.89;42756.13;28512.68;28499.79;
;ACC03;ABEV3;1;9890;9606;9605;12.24;121053.60;117577.44;117565.20;
;ACC10;BBDC4;1;9714;7422;7421;13.59;132013.26;100864.98;100851.39;
;ACC07;B3SA3;2;8679;3999;3998;13.18;114389.22;52706.82;52693.64;
;ACC01;BBAS3;1;1195;1182;1181;14.94;17853.30;17659.08;17644.14;
;ACC07;ITUB4;2;7804;2517;2516;18.84;147027.36;47420.28;47401.44;
;ACC07;ABEV3;1;6225;666;665;13.70;85282.50;9124.20;9110.50;
;ACC02;PETR4;1;1422;923;922;18.13;25780.86;16733.99;16715.86;
;ACC08;VALE3;1;1885;470;469;13.65;25730.25;6415.50;6401.85;
;ACC02;ITUB4;1;3437;1517;1516;16.68;57329.16;25303.56;25286.88;
;ACC06;B3SA3;2;6845;2458;2457;18.22;124715.90;44784.76;44766.54;
;ACC05;MGLU3;1;9032;6647;6646;10.88;98268.16;72319.36;72308.48;
;ACC04;ITUB4;2;5630;2463;2462;17.84;100439.20;43939.92;43922.08;
;ACC08;PETR4;2;2794;201;200;10.27;28694.38;2064.27;2054.00;
;ACC01;BBAS3;1;6331;4747;4746;13.77;87177.87;65366.19;65352.42;
;ACC03;BBDC4;2;4840;582;581;16.90;81796.00;9835.80;9818.90;
;ACC09;BBDC4;1;6308;4012;4011;17.62;111146.96;70691.44;70673.82;
;ACC06;ABEV3;2;1769;1012;1011;17.95;31753.55;18165.40;18147.45;
;ACC06;ITUB4;2;6951;2587;2586;18.28;127064.28;47290.36;47272.08;
;ACC01;WEGE3;1;1843;1463;1462;16.44;30298.92;24051.72;24035.28;
;ACC06;VALE3;2;6535;3405;3404;19.76;129131.60;67282.80;67263.04;
;ACC02;BBAS3;2;6580;3594;3593;11.68;76854.40;41977.92;41966.24;
;ACC01;B3SA3;1;9036;7085;7084;15.20;137347.20;107692.00;107676.80;
;ACC08;BBAS3;2;4559;2789;2788;16.59;75633.81;46269.51;46252.92;
;ACC10;BBDC4;2;7378;1189;1188;13.32;98274.96;15837.48;15824.16;
;ACC06;B3SA3;1;8366;2343;2342;13.37;111853.42;31325.91;31312.54;
;ACC06;BBDC4;1;9974;854;853;15.50;154597.00;13237.00;13221.50;
;ACC05;WEGE3;1;8502;6828;6827;10.39;88335.78;70942.92;70932.53;
;ACC06;ITUB4;2;6917;546;545;14.69;101610.73;8020.74;8006.05;
;ACC03;PETR4;1;9635;7700;7699;16.34;157435.90;125818.00;125801.66;
;ACC03;B3SA3;1;7187;4046;4045;10.13;72804.31;40985.98;40975.85;
;ACC10;ITUB4;2;4962;3201;3200;19.51;96808.62;62451.51;62432.00;
;ACC02;LREN3;1;8917;1146;1145;12.05;107449.85;13809.30;13797.25;
;ACC09;WEGE3;1;1230;746;745;13.34;16408.20;9951.64;9938.30;
;ACC09;B3SA3;2;5256;4002;4001;16.36;85988.16;65472.72;65456.36;
;ACC06;PETR4;1;5214;2077;2076;11.32;59022.48;23511.64;23500.32;
;ACC09;PETR4;1;5831;2870;2869;13.73;80059.63;39405.10;39391.37;
;ACC02;LREN3;2;5476;2781;2780;17.09;93584.84;47527.29;47510.20;
;ACC08;B3SA3;1;9600;3237;3236;10.14;97344.00;32823.18;32813.04;
;ACC08;BBAS3;2;3695;395;394;17.67;65290.65;6979.65;6961.98;
;ACC03;VALE3;2;7015;6096;6095;18.08;126831.20;110215.68;110197.60;
;ACC10;PETR4;1;3921;2728;2727;10.68;41876.28;29135.04;29124.36;
;ACC01;BBAS3;1;5008;4072;4071;10.50;52584.00;42756.00;42745.50;
;ACC06;BBAS3;1;3432;3238;3237;18.64;63972.48;60356.32;60337.68;
;ACC01;BBDC4;1;9256;8212;8211;11.87;109868.72;97476.44;97464.57;
;ACC07;ABEV3;1;4744;1079;1078;15.91;75477.04;17166.89;17150.98;
;ACC10;MGLU3;2;2211;1744;1743;13.13;29030.43;22898.72;22885.59;
;ACC04;VALE3;2;9334;5767;5766;16.67;155597.78;96135.89;96119.22;
;ACC02;LREN3;2;8614;148;147;10.24;88207.36;1515.52;1505.28;
;ACC04;MGLU3;2;5733;2470;2469;14.38;82440.54;35518.60;35504.22;
;ACC03;LREN3;1;1614;218;217;17.94;28955.16;3910.92;3892.98;
;ACC01;ABEV3;2;6268;5078;5077;15.97;100099.96;81095.66;81079.69;
;ACC02;PETR4;1;8030;7427;7426;13.28;106638.40;98630.56;98617.28;
;ACC01;WEGE3;2;6390;1930;1929;16.50;105435.00;31845.00;31828.50;
;ACC07;PETR4;2;7068;5068;5067;15.88;112239.84;80479.84;80463.96;
;ACC01;WEGE3;2;9815;1851;1850;12.30;120724.50;22767.30;22755.00;
;ACC03;B3SA3;2;8540;7409;7408;14.17;121011.80;104985.53;104971.36;
;ACC10;LREN3;1;7724;4409;4408;13.38;103347.12;58992.42;58979.04;
;ACC08;MGLU3;2;4450;1880;1879;19.73;87798.50;37092.40;37072.67;
;ACC08;ABEV3;2;3866;2120;2119;18.18;70283.88;38541.60;38523.42;
;ACC09;VALE3;1;5795;1810;1809;13.95;80840.25;25249.50;25235.55;
;ACC08;VALE3;1;4005;3815;3814;16.46;65922.30;62794.90;62778.44;
;ACC01;ABEV3;1;7227;7044;7043;14.06;101611.62;99038.64;99024.58;
;ACC10;WEGE3;2;9674;1049;1048;18.31;177130.94;19207.19;19188.88;
;ACC07;BBAS3;2;6712;46;45;17.90;120144.80;823.40;805.50;
;ACC05;ABEV3;1;2437;109;108;10.10;24613.70;1100.90;1090.80;
;ACC09;MGLU3;1;4884;239;238;19.28;94163.52;4607.92;4588.64;
;ACC07;MGLU3;1;6267;472;471;10.47;65615.49;4941.84;4931.37;
;ACC02;ABEV3;1;6958;339;338;18.51;128792.58;6274.89;6256.38;
;ACC03;BBDC4;1;4599;3702;3701;11.99;55142.01;44386.98;44374.99;
;ACC01;BBAS3;1;9041;647;646;14.77;133535.57;9556.19;9541.42;
;ACC03;VALE3;2;2960;1375;1374;16.73;49520.80;23003.75;22987.02;
;ACC10;VALE3;1;7626;909;908;10.02;76412.52;9108.18;9098.16;
;ACC02;B3SA3;1;7896;4163;4162;16.36;129178.56;68106.68;68090.32;
;ACC04;ABEV3;1;6669;4928;4927;16.11;107437.59;79390.08;79373.97;
;ACC10;LREN3;1;8773;6524;6523;19.95;175021.35;130153.80;130133.85;
;ACC01;BBDC4;1;3335;1899;1898;19.65;65532.75;37315.35;37295.70;
;ACC04;LREN3;1;7395;1783;1782;15.13;111886.35;26976.79;26961.66;
;ACC09;PETR4;2;6764;4594;4593;11.48;77650.72;52739.12;52727.64;
;ACC10;BBAS3;2;6759;5060;5059;10.75;72659.25;54395.00;54384.25;
;ACC07;MGLU3;2;2634;23;22;10.30;27130.20;236.90;226.60;
;ACC05;ABEV3;2;1805;403;402;11.81;21317.05;4759.43;4747.62;
;ACC08;WEGE3;1;8411;6720;6719;12.07;101520.77;81110.40;81098.33;
;ACC05;BBDC4;1;4178;2844;2843;19.70;82306.60;56026.80;56007.10;
;ACC03;ITUB4;1;1830;795;794;19.99;36581.70;15892.05;15872.06;
;ACC02;ITUB4;2;8841;2673;2672;13.39;118380.99;35791.47;35778.08;
;ACC03;VALE3;2;3542;1972;1971;11.63;41193.46;22934.36;22922.73;
;ACC01;BBDC4;1;3937;3449;3448;19.98;78661.26;68911.02;68891.04;
;ACC02;BBAS3;1;5952;5107;5106;12.82;76304.64;65471.74;65458.92;
;ACC03;BBDC4;1;2660;1157;1156;14.91;39660.60;17250.87;17235.96;
;ACC04;B3SA3;2;9608;2987;2986;10.15;97521.20;30318.05;30307.90;
;ACC10;VALE3;2;7416;4594;4593;15.32;113613.12;70380.08;70364.76;
;ACC10;BBAS3;1;6307;304;303;16.51;104128.57;5019.04;5002.53;
;ACC08;BBAS3;1;2586;978;977;12.01;31057.86;11745.78;11733.77;
;ACC01;LREN3;2;5134;28;27;16.57;85070.38;463.96;447.39;
;ACC01;WEGE3;1;8429;2874;2873;18.30;154250.70;52594.20;52575.90;
;ACC09;BBAS3;2;1468;190;189;11.62;17058.16;2207.80;2196.18;
;ACC08;VALE3;2;9238;873;872;16.32;150764.16;14247.36;14231.04;
;ACC02;ITUB4;2;9531;5563;5562;15.69;149541.39;87283.47;87267.78;
;ACC06;MGLU3;1;5857;3008;3007;14.05;82290.85;42262.40;42248.35;
;ACC08;WEGE3;1;7151;2610;2609;17.34;123998.34;45257.40;45240.06;
;ACC03;VALE3;1;3548;2488;2487;18.62;66063.76;46326.56;46307.94;
;ACC03;BBDC4;2;8612;4903;4902;14.09;121343.08;69083.27;69069.18;
;ACC05;ITUB4;1;3210;621;620;14.20;45582.00;8818.20;8804.00;
;ACC06;VALE3;2;2575;441;440;18.83;48487.25;8304.03;8285.20;
;ACC05;LREN3;1;1769;951;950;14.93;26411.17;14198.43;14183.50;
;ACC05;LREN3;1;1084;77;76;10.19;11045.96;784.63;774.44;
;ACC01;BBAS3;1;5132;42;41;16.31;83702.92;685.02;668.71;
;ACC03;MGLU3;2;3904;3019;3018;11.24;43880.96;33933.56;33922.32;
;ACC07;ITUB4;1;7129;4385;4384;10.44;74426.76;45779.40;45768.96;
;ACC06;MGLU3;1;6672;1295;1294;13.44;89671.68;17404.80;17391.36;
;ACC09;ITUB4;2;5067;1445;1444;13.55;68657.85;19579.75;19566.20;
;ACC07;ABEV3;2;7447;7394;7393;15.29;113864.63;113054.26;113038.97;
;ACC04;MGLU3;2;5311;3830;3829;16.24;86250.64;62199.20;62182.96;
;ACC08;ITUB4;1;5163;1854;1853;17.54;90559.02;32519.16;32501.62;
;ACC05;BBAS3;1;9065;1704;1703;19.78;179305.70;33705.12;33685.34;
;ACC02;B3SA3;2;7008;5989;5988;19.44;136235.52;116426.16;116406.72;
;ACC06;WEGE3;1;4807;1142;1141;13.99;67249.93;15976.58;15962.59;
;ACC06;VALE3;1;4914;928;927;12.84;63095.76;11915.52;11902.68;
;ACC05;WEGE3;2;4677;2219;2218;14.97;70014.69;33218.43;33203.46;
;ACC07;ABEV3;2;8054;1941;1940;13.70;110339.80;26591.70;26578.00;
;ACC01;ITUB4;2;3038;523;522;13.34;40526.92;6976.82;6963.48;
;ACC02;ITUB4;1;3096;1884;1883;12.78;39566.88;24077.52;24064.74;
;ACC09;B3SA3;1;7809;3384;3383;15.98;124787.82;54076.32;54060.34;
;ACC03;MGLU3;2;8558;7124;7123;10.02;85751.16;71382.48;71372.46;
;ACC06;LREN3;2;5824;5631;5630;17.28;100638.72;97303.68;97286.40;
;ACC02;B3SA3;1;8162;505;504;19.47;158914.14;9832.35;9812.88;
;ACC08;ITUB4;1;9673;4451;4450;17.65;170728.45;78560.15;78542.50;
;ACC04;ITUB4;1;3667;1034;1033;14.26;52291.42;14744.84;14730.58;
;ACC04;MGLU3;1;9144;3488;3487;10.32;94366.08;35996.16;35985.84;
;ACC08;VALE3;2;6476;5032;5031;13.37;86584.12;67277.84;67264.47;
;ACC05;WEGE3;1;8058;3909;3908;19.33;155761.14;75560.97;75541.64;
;ACC06;MGLU3;1;7329;2920;2919;14.82;108615.78;43274.40;43259.58;
;ACC07;LREN3;2;4603;3187;3186;14.51;66789.53;46243.37;46228.86;
;ACC02;MGLU3;2;5977;4957;4956;12.02;71843.54;59583.14;59571.12;
;ACC02;BBDC4;2;9087;4784;4783;11.64;105772.68;55685.76;55674.12;
;ACC04;BBDC4;2;1934;1161;1160;12.79;24735.86;14849.19;14836.40;
;ACC01;VALE3;1;4364;2891;2890;18.30;79861.20;52905.30;52887.00;
;ACC02;MGLU3;1;3365;2929;2928;12.95;43576.75;37930.55;37917.60;
;ACC03;BBDC4;1;7957;2015;2014;18.72;148955.04;37720.80;37702.08;
;ACC01;MGLU3;1;4955;621;620;18.80;93154.00;11674.80;11656.00;
;ACC07;WEGE3;1;8256;1220;1219;13.27;109557.12;16189.40;16176.13;
;ACC01;B3SA3;1;8205;2782;2781;15.63;128244.15;43482.66;43467.03;
;ACC07;BBDC4;2;8992;6353;6352;10.69;96124.48;67913.57;67902.88;
;ACC01;LREN3;2;9623;5800;5799;11.37;109413.51;65946.00;65934.63;
;ACC03;PETR4;1;3586;276;275;13.76;49343.36;3797.76;3784.00;
;ACC01;WEGE3;1;2717;268;267;17.57;47737.69;4708.76;4691.19;
;ACC09;ITUB4;1;4547;4239;4238;11.60;52745.20;49172.40;49160.80;
;ACC06;ITUB4;1;4476;3790;3789;11.95;53488.20;45290.50;45278.55;
;ACC07;ABEV3;1;7183;1960;1959;14.23;102214.09;27890.80;27876.57;
;ACC06;MGLU3;1;8264;169;168;19.48;160982.72;3292.12;3272.64;
;ACC07;ITUB4;2;6475;327;326;17.59;113895.25;5751.93;5734.34;
;ACC08;BBAS3;1;6166;258;257;11.48;70785.68;2961.84;2950.36;
;ACC06;MGLU3;2;7258;476;475;19.60;142256.80;9329.60;9310.00;
;ACC02;ABEV3;2;7050;1214;1213;14.52;102366.00;17627.28;17612.76;
;ACC03;WEGE3;1;1491;814;813;10.54;15715.14;8579.56;8569.02;
;ACC04;ITUB4;1;8634;1270;1269;13.64;117767.76;17322.80;17309.16;
;ACC03;LREN3;2;6808;6783;6782;13.34;90818.72;90485.22;90471.88;
;ACC08;VALE3;2;2809;1059;1058;16.74;47022.66;17727.66;17710.92;
;ACC01;B3SA3;2;8343;4762;4761;11.95;99698.85;56905.90;56893.95;
;ACC03;MGLU3;2;3227;1931;1930;19.62;63313.74;37886.22;37866.60;
;ACC10;LREN3;2;6525;2510;2509;18.50;120712.50;46435.00;46416.50;
;ACC09;LREN3;2;4990;628;627;13.50;67365.00;8478.00;8464.50;
;ACC10;LREN3;2;5941;4201;4200;12.29;73014.89;51630.29;51618.00;
;ACC01;VALE3;1;9958;8426;8425;19.54;194579.32;164644.04;164624.50;
;ACC07;B3SA3;1;1892;1855;1854;16.51;31236.92;30626.05;30609.54;
;ACC01;B3SA3;2;7952;2604;2603;17.11;136058.72;44554.44;44537.33;
;ACC05;ABEV3;2;9334;6647;6646;10.58;98753.72;70325.26;70314.68;
;ACC02;B3SA3;2;8183;6989;6988;15.46;126509.18;108049.94;108034.48;
;ACC10;ABEV3;2;4513;2127;2126;18.92;85385.96;40242.84;40223.92;
;ACC05;PETR4;1;5880;3825;3824;10.46;61504.80;40009.50;39999.04;
;ACC06;VALE3;1;8201;7671;7670;19.39;159017.39;148740.69;148721.30;
;ACC07;LREN3;1;2289;383;382;10.98;25133.22;4205.34;4194.36;
;ACC10;LREN3;2;9849;583;582;16.87;166152.63;9835.21;9818.34;
;ACC07;MGLU3;1;2701;235;234;11.83;31952.83;2780.05;2768.22;
;ACC05;VALE3;2;7639;1703;1702;10.24;78223.36;17438.72;17428.48;
;ACC06;ABEV3;1;2696;1695;1694;12.48;33646.08;21153.60;21141.12;
;ACC10;ABEV3;1;7184;3251;3250;13.54;97271.36;44018.54;44005.00;
;ACC03;BBAS3;2;3736;477;476;13.78;51482.08;6573.06;6559.28;
;ACC03;MGLU3;2;7711;5200;5199;14.21;109573.31;73892.00;73877.79;
;ACC07;MGLU3;1;1569;1414;1413;16.87;26469.03;23854.18;23837.31;
;ACC10;PETR4;2;9593;3683;3682;14.37;137851.41;52924.71;52910.34;
;ACC02;BBAS3;1;2352;946;945;11.16;26248.32;10557.36;10546.20;
;ACC02;B3SA3;2;1643;980;979;13.04;21424.72;12779.20;12766.16;
;ACC07;PETR4;2;6784;6052;6051;11.07;75098.88;66995.64;66984.57;
;ACC06;LREN3;1;9144;8264;8263;10.18;93085.92;84127.52;84117.34;
;ACC02;MGLU3;1;2335;827;826;13.13;30658.55;10858.51;10845.38;
;ACC10;B3SA3;2;7535;2803;2802;15.52;116943.20;43502.56;43487.04;
;ACC07;WEGE3;2;2312;73;72;18.01;41639.12;1314.73;1296.72;
;ACC09;ABEV3;1;1859;375;374;18.07;33592.13;6776.25;6758.18;
;ACC06;ITUB4;1;3513;1809;1808;14.43;50692.59;26103.87;26089.44;
;ACC08;MGLU3;1;4920;1596;1595;14.21;69913.20;22679.16;22664.95;
;ACC07;MGLU3;2;3918;1802;1801;14.23;55753.14;25642.46;25628.23;
;ACC06;B3SA3;2;4083;3888;3887;15.27;62347.41;59369.76;59354.49;
;ACC01;VALE3;1;5099;2506;2505;10.63;54202.37;26638.78;26628.15;
;ACC05;LREN3;1;2225;1821;1820;17.58;39115.50;32013.18;31995.60;
;ACC01;MGLU3;2;3157;304;303;14.08;44450.56;4280.32;4266.24;
;ACC01;PETR4;1;5743;330;329;10.77;61852.11;3554.10;3543.33;
;ACC05;ITUB4;1;8800;3559;3558;12.53;110264.00;44594.27;44581.74;
;ACC09;VALE3;1;6447;1236;1235;12.43;80136.21;15363.48;15351.05;
;ACC02;ABEV3;1;6154;3303;3302;15.61;96063.94;51559.83;51544.22;
;ACC08;B3SA3;1;2352;1600;1599;19.81;46593.12;31696.00;31676.19;
;ACC02;BBAS3;2;8957;450;449;14.67;131399.19;6601.50;6586.83;
;ACC10;B3SA3;1;6726;416;415;11.72;78828.72;4875.52;4863.80;
;ACC08;BBAS3;2;8864;6639;6638;12.93;114611.52;85842.27;85829.34;
;ACC01;B3SA3;1;6797;3021;3020;16.26;110519.22;49121.46;49105.20;
;ACC04;ABEV3;1;2558;240;239;12.91;33023.78;3098.40;3085.49;
;ACC09;B3SA3;2;9425;2786;2785;12.67;119414.75;35298.62;35285.95;
;ACC10;ABEV3;2;8876;8614;8613;10.25;90979.00;88293.50;88283.25;
;ACC07;B3SA3;1;5927;4546;4545;17.79;105441.33;80873.34;80855.55;
;ACC10;B3SA3;1;3758;820;819;16.15;60691.70;13243.00;13226.85;
;ACC07;WEGE3;2;3468;1449;1448;10.36;35928.48;15011.64;15001.28;
;ACC05;VALE3;2;2401;1656;1655;12.52;30060.52;20733.12;20720.60;
;ACC07;VALE3;2;8629;4947;4946;18.96;163605.84;93795.12;93776.16;
;ACC02;BBAS3;2;3618;1626;1625;17.10;61867.80;27804.60;27787.50;
;ACC02;ITUB4;2;3125;2614;2613;11.49;35906.25;30034.86;30023.37;
;ACC09;PETR4;1;9340;4738;4737;17.64;164757.60;83578.32;83560.68;
;ACC01;WEGE3;2;3761;1787;1786;17.12;64388.32;30593.44;30576.32;
;ACC08;VALE3;2;7949;2694;2693;17.24;137040.76;46444.56;46427.32;
;ACC06;WEGE3;2;5157;3676;3675;13.66;70444.62;50214.16;50200.50;
;ACC10;BBDC4;2;8352;5338;5337;15.29;127702.08;81618.02;81602.73;
;ACC05;ITUB4;1;4287;240;239;16.17;69320.79;3880.80;3864.63;
;ACC06;BBAS3;1;2899;1479;1478;10.75;31164.25;15899.25;15888.50;
;ACC02;BBAS3;1;8074;5038;5037;14.89;120221.86;75015.82;75000.93;
;ACC10;BBAS3;2;5890;4883;4882;17.37;102309.30;84817.71;84800.34;
;ACC04;BBAS3;2;4972;1062;1061;13.16;65431.52;13975.92;13962.76;
;ACC08;LREN3;2;7114;5806;5805;12.66;90063.24;73503.96;73491.30;
;ACC04;PETR4;1;5576;5060;5059;18.54;103379.04;93812.40;93793.86;
;ACC04;VALE3;1;9942;7294;7293;15.02;149328.84;109555.88;109540.86;
;ACC01;ABEV3;1;4035;2383;2382;12.75;51446.25;30383.25;30370.50;
;ACC08;WEGE3;2;3995;2844;2843;16.06;64159.70;45674.64;45658.58;
;ACC10;B3SA3;1;5026;3042;3041;18.59;93433.34;56550.78;56532.19;
;ACC08;B3SA3;2;2735;2051;2050;17.28;47260.80;35441.28;35424.00;
;ACC02;BBAS3;2;7729;1414;1413;14.56;112534.24;20587.84;20573.28;
;ACC05;MGLU3;2;8181;7368;7367;13.39;109543.59;98657.52;98644.13;
;ACC03;ITUB4;2;1605;986;985;10.25;16451.25;10106.50;10096.25;
;ACC06;ABEV3;2;1857;351;350;16.28;30231.96;5714.28;5698.00;
;ACC05;BBAS3;2;6746;3680;3679;18.29;123384.34;67307.20;67288.91;
;ACC03;ITUB4;2;7889;2519;2518;16.88;133166.32;42520.72;42503.84;
;ACC03;ITUB4;1;1836;190;189;10.91;20030.76;2072.90;2061.99;
;ACC10;BBAS3;2;2281;2030;2029;14.11;32184.91;28643.30;28629.19;
;ACC08;B3SA3;1;3857;3035;3034;11.78;45435.46;35752.30;35740.52;
;ACC08;BBAS3;2;3894;29;28;13.00;50622.00;377.00;364.00;
;ACC04;ABEV3;1;1204;985;984;16.47;19829.88;16222.95;16206.48;
;ACC04;LREN3;2;6803;3825;3824;16.24;110480.72;62118.00;62101.76;
;ACC10;ABEV3;2;7019;6758;6757;16.86;118340.34;113939.88;113923.02;
;ACC05;PETR4;1;3774;3039;3038;16.16;60987.84;49110.24;49094.08;
;ACC10;ITUB4;2;7441;6456;6455;18.03;134161.23;116401.68;116383.65;
;ACC02;LREN3;1;7794;7004;7003;16.58;129224.52;116126.32;116109.74;
;ACC02;PETR4;1;5947;1722;1721;18.04;107283.88;31064.88;31046.84;
;ACC06;LREN3;2;9029;2540;2539;16.35;147624.15;41529.00;41512.65;
;ACC01;PETR4;1;6253;2998;2997;13.87;86729.11;41582.26;41568.39;
;ACC05;BBDC4;1;6555;5419;5418;19.09;125134.95;103448.71;103429.62;
;ACC06;B3SA3;2;2045;1887;1886;19.14;39141.30;36117.18;36098.04;
;ACC01;PETR4;2;3536;3004;3003;15.99;56540.64;48033.96;48017.97;
;ACC09;WEGE3;2;6615;1493;1492;11.86;78453.90;17706.98;17695.12;
;ACC03;BBAS3;2;8849;3270;3269;11.07;97958.43;36198.90;36187.83;
;ACC06;ABEV3;1;2734;1484;1483;12.70;34721.80;18846.80;18834.10;
;ACC04;PETR4;2;4746;3129;3128;10.86;51541.56;33980.94;33970.08;
;ACC09;ITUB4;1;2009;187;186;17.17;34494.53;3210.79;3193.62;
;ACC10;ABEV3;2;7225;591;590;12.94;93491.50;7647.54;7634.60;
;ACC10;ITUB4;1;6146;2987;2986;17.20;105711.20;51376.40;51359.20;
;ACC09;BBAS3;1;9808;503;502;10.10;99060.80;5080.30;5070.20;
;ACC07;LREN3;1;6479;4053;4052;10.35;67057.65;41948.55;41938.20;
;ACC01;ABEV3;2;2518;1818;1817;19.75;49730.50;35905.50;35885.75;
;ACC03;BBAS3;1;2092;1230;1229;17.28;36149.76;21254.40;21237.12;
;ACC06;LREN3;2;7094;3321;3320;10.32;73210.08;34272.72;34262.40;
;ACC07;PETR4;2;7174;5488;5487;10.74;77048.76;58941.12;58930.38;
;ACC02;VALE3;2;7901;3838;3837;19.17;151462.17;73574.46;73555.29;
;ACC06;PETR4;1;6809;1679;1678;11.62;79120.58;19509.98;19498.36;
;ACC10;ABEV3;2;2279;1861;1860;18.85;42959.15;35079.85;35061.00;
;ACC08;BBDC4;1;3322;2973;2972;10.29;34183.38;30592.17;30581.88;
;ACC09;MGLU3;2;6353;2508;2507;11.19;71090.07;28064.52;28053.33;
;ACC07;MGLU3;1;8637;4157;4156;13.87;119795.19;57657.59;57643.72;
;ACC09;LREN3;1;5015;606;605;11.07;55516.05;6708.42;6697.35;
;ACC04;ITUB4;2;7774;5848;5847;12.64;98263.36;73918.72;73906.08;
;ACC01;WEGE3;1;8735;539;538;14.34;125259.90;7729.26;7714.92;
;ACC05;WEGE3;1;1458;847;846;11.23;16373.34;9511.81;9500.58;
;ACC07;ABEV3;1;6859;154;153;16.79;115162.61;2585.66;2568.87;
;ACC07;ITUB4;2;4742;1198;1197;12.66;60033.72;15166.68;15154.02;
;ACC07;ITUB4;1;2282;1853;1852;13.54;30898.28;25089.62;25076.08;
;ACC04;MGLU3;1;3727;2688;2687;16.08;59930.16;43223.04;43206.96;
;ACC07;VALE3;1;3439;625;624;10.82;37209.98;6762.50;6751.68;
;ACC03;ABEV3;1;2456;1593;1592;11.22;27556.32;17873.46;17862.24;
;ACC09;PETR4;2;2351;2217;2216;14.56;34230.56;32279.52;32264.96;
;ACC10;MGLU3;2;1670;1418;1417;15.29;25534.30;21681.22;21665.93;
;ACC01;WEGE3;2;4174;1927;1926;12.60;52592.40;24280.20;24267.60;
;ACC04;BBDC4;1;7597;556;555;10.44;79312.68;5804.64;5794.20;
;ACC03;LREN3;2;6233;6137;6136;10.10;62953.30;61983.70;61973.60;
;ACC08;LREN3;1;5659;2897;2896;12.51;70794.09;36241.47;36228.96;
;ACC09;ABEV3;1;3109;2033;2032;19.90;61869.10;40456.70;40436.80;
;ACC10;BBDC4;1;7835;3179;3178;14.18;111100.30;45078.22;45064.04;
;ACC06;VALE3;1;2573;2278;2277;12.40;31905.20;28247.20;28234.80;
;ACC04;BBAS3;2;2707;1820;1819;18.21;49294.47;33142.20;33123.99;
;ACC10;ITUB4;1;2959;203;202;11.68;34561.12;2371.04;2359.36;
;ACC02;MGLU3;2;6910;3339;3338;18.94;130875.40;63240.66;63221.72;
;ACC01;B3SA3;1;8855;7741;7740;17.52;155139.60;135622.32;135604.80;
;ACC09;MGLU3;2;3602;3315;3314;12.66;45601.32;41967.90;41955.24;
;ACC09;PETR4;2;8201;7693;7692;15.00;123015.00;115395.00;115380.00;
;ACC02;ITUB4;1;1625;708;707;10.12;16445.00;7164.96;7154.84;
;ACC02;WEGE3;2;8842;2816;2815;16.22;143417.24;45675.52;45659.30;
;ACC05;PETR4;2;2563;2025;2024;16.71;42827.73;33837.75;33821.04;
;ACC10;B3SA3;2;9966;4410;4409;11.08;110423.28;48862.80;48851.72;
;ACC04;PETR4;2;7697;435;434;18.60;143164.20;8091.00;8072.40;
;ACC03;MGLU3;2;9146;3257;3256;16.39;149902.94;53382.23;53365.84;
;ACC10;ABEV3;2;2442;2104;2103;15.42;37655.64;32443.68;32428.26;
;ACC03;B3SA3;1;2979;2842;2841;15.43;45965.97;43852.06;43836.63;
;ACC04;BBDC4;1;6858;4638;4637;12.67;86890.86;58763.46;58750.79;
;ACC01;VALE3;2;6876;4214;4213;12.13;83405.88;51115.82;51103.69;
;ACC06;LREN3;2;5372;4520;4519;19.56;105076.32;88411.20;88391.64;
;ACC05;BBDC4;1;2243;1474;1473;17.07;38288.01;25161.18;25144.11;
;ACC07;B3SA3;1;7406;6952;6951;10.34;76578.04;71883.68;71873.34;
;ACC06;WEGE3;2;3876;2794;2793;14.41;55853.16;40261.54;40247.13;
;ACC05;BBDC4;2;8605;3750;3749;19.96;171755.80;74850.00;74830.04;
;ACC05;VALE3;1;9179;4539;4538;11.90;109230.10;54014.10;54002.20;
;ACC04;BBDC4;1;3780;2478;2477;17.00;64260.00;42126.00;42109.00;
;ACC10;ITUB4;1;4565;962;961;18.32;83630.80;17623.84;17605.52;
;ACC02;VALE3;1;2336;2102;2101;19.73;46089.28;41472.46;41452.73;
;ACC09;MGLU3;1;1863;418;417;15.13;28187.19;6324.34;6309.21;
;ACC03;B3SA3;1;9862;4949;4948;13.38;131953.56;66217.62;66204.24;
;ACC10;LREN3;2;7980;3579;3578;11.97;95520.60;42840.63;42828.66;
;ACC04;B3SA3;2;1834;1273;1272;19.26;35322.84;24517.98;24498.72;
;ACC03;ABEV3;1;1250;708;707;17.79;22237.50;12595.32;12577.53;
;ACC05;VALE3;2;2960;2428;2427;18.93;56032.80;45962.04;45943.11;
;ACC01;B3SA3;2;1396;397;396;11.95;16682.20;4744.15;4732.20;
;ACC10;BBDC4;1;5846;3214;3213;19.14;111892.44;61515.96;61496.82;
;ACC08;ABEV3;2;9024;3197;3196;12.43;112168.32;39738.71;39726.28;
;ACC02;MGLU3;1;8231;7655;7654;15.53;127827.43;118882.15;118866.62;
;ACC05;LREN3;2;6394;352;351;10.36;66241.84;3646.72;3636.36;
;ACC08;MGLU3;1;3073;268;267;15.96;49045.08;4277.28;4261.32;
;ACC10;ITUB4;2;5558;1971;1970;12.85;71420.30;25327.35;25314.50;
;ACC08;MGLU3;1;5359;145;144;16.50;88423.50;2392.50;2376.00;
;ACC06;MGLU3;2;3689;1898;1897;18.56;68467.84;35226.88;35208.32;
;ACC03;LREN3;2;2342;246;245;15.82;37050.44;3891.72;3875.90;
;ACC07;PETR4;2;5312;3566;3565;12.91;68577.92;46037.06;46024.15;
;ACC04;ITUB4;1;2147;1945;1944;16.05;34459.35;31217.25;31201.20;
;ACC09;LREN3;1;3038;1013;1012;12.35;37519.30;12510.55;12498.20;
;ACC05;ABEV3;2;1778;1467;1466;10.88;19344.64;15960.96;15950.08;
;ACC06;VALE3;1;5049;30;29;19.53;98606.97;585.90;566.37;
;ACC10;PETR4;1;5551;3070;3069;14.01;77769.51;43010.70;42996.69;
;ACC06;LREN3;1;5684;2127;2126;13.93;79178.12;29629.11;29615.18;
;ACC02;ABEV3;1;9208;399;398;13.61;125320.88;5430.39;5416.78;
;ACC02;WEGE3;2;3269;1213;1212;14.71;48086.99;17843.23;17828.52;
;ACC09;PETR4;1;3440;2668;2667;10.96;37702.40;29241.28;29230.32;
;ACC03;B3SA3;2;9176;6067;6066;15.32;140576.32;92946.44;92931.12;
;ACC01;BBAS3;2;2621;1721;1720;13.96;36589.16;24025.16;24011.20;
;ACC07;VALE3;1;6681;1512;1511;11.69;78100.89;17675.28;17663.59;
;ACC02;ITUB4;2;8978;3344;3343;18.65;167439.70;62365.60;62346.95;
;ACC07;BBDC4;1;7949;6370;6369;18.48;146897.52;117717.60;117699.12;
;ACC03;BBDC4;1;3804;2265;2264;14.38;54701.52;32570.70;32556.32;
;ACC01;WEGE3;2;7833;900;899;10.23;80131.59;9207.00;9196.77;
;ACC08;ITUB4;1;3496;2502;2501;10.85;37931.60;27146.70;27135.85;
;ACC03;MGLU3;2;9816;142;141;16.95;166381.20;2406.90;2389.95;
;ACC02;VALE3;1;4682;4448;4447;17.66;82684.12;78551.68;78534.02;
;ACC06;BBDC4;1;4320;154;153;15.90;68688.00;2448.60;2432.70;
;ACC08;BBDC4;1;2343;2131;2130;19.50;45688.50;41554.50;41535.00;
;ACC09;VALE3;2;3757;1689;1688;14.15;53161.55;23899.35;23885.20;
;ACC04;BBAS3;1;8947;5909;5908;12.69;113537.43;74985.21;74972.52;
;ACC09;VALE3;2;2379;955;954;18.63;44320.77;17791.65;17773.02;
;ACC09;BBDC4;1;2810;390;389;11.22;31528.20;4375.80;4364.58;
;ACC09;BBAS3;2;9247;5699;5698;13.29;122892.63;75739.71;75726.42;
;ACC04;BBDC4;1;2626;1336;1335;12.96;34032.96;17314.56;17301.60;
;ACC07;BBAS3;1;4885;2490;2489;15.17;74105.45;37773.30;37758.13;
;ACC07;MGLU3;1;4742;2286;2285;19.17;90904.14;43822.62;43803.45;
;ACC06;ITUB4;2;8610;1730;1729;13.79;118731.90;23856.70;23842.91;
;ACC08;MGLU3;2;7651;3247;3246;13.03;99692.53;42308.41;42295.38;
;ACC08;MGLU3;2;4387;3064;3063;10.83;47511.21;33183.12;33172.29;
;ACC10;VALE3;1;8518;4594;4593;15.29;130240.22;70242.26;70226.97;
;ACC04;B3SA3;2;5371;3529;3528;19.44;104412.24;68603.76;68584.32;
;ACC03;ITUB4;1;9307;3800;3799;17.77;165385.39;67526.00;67508.23;
;ACC06;WEGE3;1;9768;4719;4718;15.19;148375.92;71681.61;71666.42;
;ACC02;B3SA3;2;4183;3571;3570;17.83;74582.89;63670.93;63653.10;
;ACC08;LREN3;1;9038;1900;1899;13.02;117674.76;24738.00;24724.98;
;ACC09;BBDC4;1;2142;1144;1143;19.49;41747.58;22296.56;22277.07;
;ACC02;B3SA3;1;5961;5720;5719;17.02;101456.22;97354.40;97337.38;
;ACC03;VALE3;2;9428;7866;7865;19.32;182148.96;151971.12;151951.80;
;ACC04;ITUB4;1;9310;4438;4437;12.66;117864.60;56185.08;56172.42;
;ACC06;PETR4;1;2943;1829;1828;17.90;52679.70;32739.10;32721.20;
;ACC03;PETR4;2;2865;1179;1178;13.17;37732.05;15527.43;15514.26;
;ACC07;WEGE3;1;8186;3748;3747;19.80;162082.80;74210.40;74190.60;
;ACC10;LREN3;2;8000;3078;3077;14.66;117280.00;45123.48;45108.82;
;ACC09;BBAS3;2;8531;848;847;17.96;153216.76;15230.08;15212.12;
;ACC01;PETR4;2;7261;1246;1245;16.70;121258.70;20808.20;20791.50;
;ACC06;WEGE3;1;9021;8864;8863;10.46;94359.66;92717.44;92706.98;
;ACC07;PETR4;2;4911;4005;4004;18.02;88496.22;72170.10;72152.08;
;ACC02;ABEV3;2;7429;3294;3293;10.51;78078.79;34619.94;34609.43;
;ACC08;VALE3;1;9817;6822;6821;19.01;186621.17;129686.22;129667.21;
;ACC05;PETR4;1;5184;4504;4503;12.62;65422.08;56840.48;56827.86;
;ACC04;B3SA3;2;8616;3685;3684;15.56;134064.96;57338.60;57323.04;
;ACC06;VALE3;2;2538;1955;1954;10.83;27486.54;21172.65;21161.82;
;ACC02;BBDC4;2;6256;3428;3427;11.14;69691.84;38187.92;38176.78;
;ACC08;ABEV3;1;2063;1523;1522;17.03;35132.89;25936.69;25919.66;
;ACC07;BBDC4;1;7526;4407;4406;16.54;124480.04;72891.78;72875.24;
;ACC06;LREN3;1;1389;1232;1231;10.03;13931.67;12356.96;12346.93;
;ACC08;ABEV3;2;4510;986;985;19.11;86186.10;18842.46;18823.35;
;ACC03;ABEV3;2;2943;2709;2708;18.60;54739.80;50387.40;50368.80;
;ACC04;WEGE3;2;9286;5489;5488;16.03;148854.58;87988.67;87972.64;
;ACC08;VALE3;1;2051;1229;1228;14.21;29144.71;17464.09;17449.88;
;ACC05;ITUB4;2;3032;1328;1327;18.42;55849.44;24461.76;24443.34;
;ACC09;ABEV3;1;6028;4432;4431;11.38;68598.64;50436.16;50424.78;
;ACC04;ITUB4;1;9755;674;673;15.78;153933.90;10635.72;10619.94;
;ACC02;B3SA3;1;8023;4768;4767;16.63;133422.49;79291.84;79275.21;
;ACC01;ABEV3;1;7498;815;814;12.62;94624.76;10285.30;10272.68;
;ACC04;VALE3;2;8497;1156;1155;18.95;161018.15;21906.20;21887.25;
;ACC09;BBAS3;1;4890;4740;4739;11.72;57310.80;55552.80;55541.08;
;ACC04;B3SA3;2;4374;1534;1533;17.57;76851.18;26952.38;26934.81;
;ACC02;PETR4;2;5967;2943;2942;10.95;65338.65;32225.85;32214.90;
;ACC06;WEGE3;1;5938;1408;1407;15.17;90079.46;21359.36;21344.19;
;ACC07;LREN3;1;8990;2313;2312;13.04;117229.60;30161.52;30148.48;
;ACC01;ITUB4;2;5219;421;420;17.17;89610.23;7228.57;7211.40;
;ACC05;B3SA3;1;2028;278;277;10.18;20645.04;2830.04;2819.86;
;ACC04;MGLU3;2;7276;2941;2940;10.27;74724.52;30204.07;30193.80;
;ACC01;ITUB4;1;2548;1846;1845;17.96;45762.08;33154.16;33136.20;
;ACC09;BBAS3;2;9499;6599;6598;16.01;152078.99;105649.99;105633.98;
;ACC06;WEGE3;2;5860;1754;1753;15.45;90537.00;27099.30;27083.85;
;ACC05;LREN3;1;5907;336;335;17.26;101954.82;5799.36;5782.10;
;ACC08;B3SA3;2;2927;15;14;10.95;32050.65;164.25;153.30;
;ACC04;VALE3;1;5337;3696;3695;18.63;99428.31;68856.48;68837.85;
;ACC05;WEGE3;2;3875;1417;1416;15.23;59016.25;21580.91;21565.68;
;ACC04;ABEV3;2;6034;4353;4352;13.71;82726.14;59679.63;59665.92;
;ACC10;BBDC4;1;8532;6749;6748;16.71;142569.72;112775.79;112759.08;
;ACC10;B3SA3;1;3402;617;616;14.88;50621.76;9180.96;9166.08;
;ACC08;BBAS3;2;6983;6468;6467;15.47;108027.01;100059.96;100044.49;
;ACC02;LREN3;2;7862;7261;7260;13.94;109596.28;101218.34;101204.40;
;ACC03;LREN3;1;1751;279;278;15.62;27350.62;4357.98;4342.36;
;ACC07;ABEV3;2;4498;3705;3704;14.07;63286.86;52129.35;52115.28;
;ACC03;BBAS3;2;9665;471;470;17.71;171167.15;8341.41;8323.70;
;ACC07;ABEV3;2;5098;1450;1449;16.46;83913.08;23867.00;23850.54;
;ACC02;BBAS3;2;5907;784;783;15.89;93862.23;12457.76;12441.87;
;ACC01;WEGE3;1;4620;4038;4037;17.05;78771.00;68847.90;68830.85;
;ACC08;ABEV3;2;5448;554;553;16.42;89456.16;9096.68;9080.26;
;ACC01;PETR4;1;8555;1091;1090;11.84;101291.20;12917.44;12905.60;
;ACC10;LREN3;1;2468;1633;1632;17.26;42597.68;28185.58;28168.32;
;ACC01;MGLU3;1;9428;1859;1858;11.08;104462.24;20597.72;20586.64;
;ACC09;WEGE3;1;5822;2432;2431;10.35;60257.70;25171.20;25160.85;
;ACC06;VALE3;1;6356;4852;4851;15.88;100933.28;77049.76;77033.88;
;ACC08;VALE3;1;2320;399;398;11.30;26216.00;4508.70;4497.40;
;ACC01;ITUB4;1;6776;2571;2570;12.57;85174.32;32317.47;32304.90;
;ACC06;WEGE3;1;4911;1675;1674;13.06;64137.66;21875.50;21862.44;
;ACC08;BBDC4;2;1058;158;157;13.19;13955.02;2084.02;2070.83;
;ACC07;MGLU3;1;1104;719;718;13.34;14727.36;9591.46;9578.12;
;ACC07;VALE3;1;2633;2325;2324;12.71;33465.43;29550.75;29538.04;
;ACC01;ITUB4;1;1600;978;977;17.44;27904.00;17056.32;17038.88;
;ACC08;WEGE3;2;3505;3052;3051;16.06;56290.30;49015.12;48999.06;
;ACC04;MGLU3;1;8706;8532;8531;10.99;95678.94;93766.68;93755.69;
;ACC02;PETR4;2;8741;8678;8677;10.86;94927.26;94243.08;94232.22;
;ACC02;ABEV3;2;6580;2403;2402;19.50;128310.00;46858.50;46839.00;
;ACC04;BBDC4;2;1412;117;116;13.70;19344.40;1602.90;1589.20;
;ACC07;LREN3;1;8322;4948;4947;14.22;118338.84;70360.56;70346.34;
;ACC07;B3SA3;2;3120;925;924;10.92;34070.40;10101.00;10090.08;
;ACC05;MGLU3;1;3088;1359;1358;16.06;49593.28;21825.54;21809.48;
;ACC07;BBDC4;2;5391;5086;5085;16.88;91000.08;85851.68;85834.80;
;ACC10;ITUB4;1;3963;3005;3004;12.13;48071.19;36450.65;36438.52;
;ACC08;ABEV3;2;7469;1442;1441;15.43;115246.67;22250.06;22234.63;
;ACC07;PETR4;2;1096;444;443;11.74;12867.04;5212.56;5200.82;
;ACC09;B3SA3;1;3535;3101;3100;12.82;45318.70;39754.82;39742.00;
;ACC05;BBDC4;1;8146;3154;3153;11.26;91723.96;35514.04;35502.78;
;ACC09;ITUB4;2;7745;7211;7210;12.57;97354.65;90642.27;90629.70;
;ACC02;MGLU3;1;1247;13;12;19.87;24777.89;258.31;238.44;
;ACC10;ITUB4;2;9847;7702;7701;15.57;153317.79;119920.14;119904.57;
;ACC08;MGLU3;2;4178;1951;1950;10.45;43660.10;20387.95;20377.50;
;ACC02;PETR4;2;2199;393;392;11.05;24298.95;4342.65;4331.60;
;ACC08;LREN3;2;9897;6296;6295;12.65;125197.05;79644.40;79631.75;
;ACC01;BBDC4;2;7997;2743;2742;16.59;132670.23;45506.37;45489.78;
;ACC01;ITUB4;1;9056;1121;1120;17.47;158208.32;19583.87;19566.40;
;ACC08;PETR4;1;4300;3171;3170;17.80;76540.00;56443.80;56426.00;
;ACC10;B3SA3;2;4139;1325;1324;15.34;63492.26;20325.50;20310.16;
;ACC04;PETR4;2;5858;1954;1953;10.83;63442.14;21161.82;21150.99;
;ACC02;VALE3;2;6127;5935;5934;12.05;73830.35;71516.75;71504.70;
;ACC08;WEGE3;1;9003;5121;5120;13.49;121450.47;69082.29;69068.80;
;ACC09;PETR4;1;2449;206;205;19.51;47779.99;4019.06;3999.55;
;ACC06;LREN3;1;9212;6942;6941;12.99;119663.88;90176.58;90163.59;
;ACC10;WEGE3;1;3772;492;491;10.66;40209.52;5244.72;5234.06;
;ACC10;BBDC4;2;5497;344;343;11.01;60521.97;3787.44;3776.43;
;ACC07;MGLU3;2;1150;888;887;10.53;12109.50;9350.64;9340.11;
;ACC09;PETR4;1;3511;1725;1724;19.34;67902.74;33361.50;33342.16;
;ACC01;ITUB4;1;1979;670;669;17.83;35285.57;11946.10;11928.27;
;ACC06;B3SA3;1;7818;2413;2412;11.67;91236.06;28159.71;28148.04;
;ACC10;BBDC4;1;6967;6229;6228;13.99;97468.33;87143.71;87129.72;
;ACC05;MGLU3;2;1982;145;144;19.71;39065.22;2857.95;2838.24;
;ACC01;LREN3;2;4990;966;965;19.06;95109.40;18411.96;18392.90;
;ACC01;VALE3;2;4881;1274;1273;14.34;69993.54;18269.16;18254.82;
;ACC08;ABEV3;1;2631;2397;2396;16.36;43043.16;39214.92;39198.56;
;ACC03;VALE3;2;1750;314;313;14.91;26092.50;4681.74;4666.83;
;ACC07;BBAS3;1;6964;3883;3882;10.37;72216.68;40266.71;40256.34;
;ACC09;B3SA3;1;7274;81;80;12.39;90124.86;1003.59;991.20;
;ACC06;ABEV3;1;2226;1247;1246;14.68;32677.68;18305.96;18291.28;
;ACC02;BBDC4;1;9458;2653;2652;14.51;137235.58;38495.03;38480.52;
;ACC06;LREN3;1;4639;2032;2031;19.44;90182.16;39502.08;39482.64;
;ACC08;BBAS3;1;9226;8765;8764;13.54;124920.04;118678.10;118664.56;
;ACC09;BBDC4;1;3054;1738;1737;10.34;31578.36;17970.92;17960.58;
;ACC02;WEGE3;1;1391;929;928;19.95;27750.45;18533.55;18513.60;
;ACC04;LREN3;2;2611;1112;1111;13.32;34778.52;14811.84;14798.52;
;ACC02;BBAS3;2;3389;2577;2576;17.51;59341.39;45123.27;45105.76;
;ACC07;BBDC4;1;9765;7873;7872;12.07;117863.55;95027.11;95015.04;
;ACC01;BBAS3;2;7616;3394;3393;18.03;137316.48;61193.82;61175.79;
;ACC07;BBDC4;1;8029;2085;2084;17.78;142755.62;37071.30;37053.52;
;ACC01;ITUB4;2;7686;2318;2317;16.50;126819.00;38247.00;38230.50;
;ACC08;ITUB4;1;4779;4489;4488;12.86;61457.94;57728.54;57715.68;
;ACC04;LREN3;2;1458;1091;1090;19.66;28664.28;21449.06;21429.40;
;ACC01;VALE3;2;2537;1;0;13.25;33615.25;13.25;0.00;
;ACC01;ABEV3;1;7329;5650;5649;13.64;99967.56;77066.00;77052.36;
;ACC09;B3SA3;2;3157;169;168;16.12;50890.84;2724.28;2708.16;
;ACC09;BBDC4;2;1400;1056;1055;19.10;26740.00;20169.60;20150.50;
;ACC05;ABEV3;2;3698;635;634;12.36;45707.28;7848.60;7836.24;
;ACC10;ITUB4;2;3659;284;283;14.14;51738.26;4015.76;4001.62;
;ACC07;MGLU3;1;7678;7489;7488;15.90;122080.20;119075.10;119059.20;
;ACC03;VALE3;2;2671;1340;1339;18.48;49360.08;24763.20;24744.72;
;ACC10;WEGE3;1;5205;4777;4776;14.08;73286.40;67260.16;67246.08;
;ACC08;MGLU3;2;8336;3176;3175;14.39;119955.04;45702.64;45688.25;
;ACC04;ITUB4;1;4451;343;342;16.20;72106.20;5556.60;5540.40;
;ACC01;ABEV3;2;4258;2320;2319;12.61;53693.38;29255.20;29242.59;
;ACC08;BBDC4;1;8677;4985;4984;19.45;168767.65;96958.25;96938.80;
;ACC07;MGLU3;2;8819;7295;7294;13.88;122407.72;101254.60;101240.72;
;ACC06;B3SA3;1;1135;598;597;14.37;16309.95;8593.26;8578.89;
;ACC04;LREN3;2;5902;2082;2081;19.27;113731.54;40120.14;40100.87;
;ACC03;MGLU3;2;8895;5314;5313;13.95;124085.25;74130.30;74116.35;
;ACC07;B3SA3;2;1497;1219;1218;14.98;22425.06;18260.62;18245.64;
;ACC03;WEGE3;1;7215;4021;4020;13.65;98484.75;54886.65;54873.00;
;ACC03;ITUB4;1;6815;1373;1372;19.76;134664.40;27130.48;27110.72;
;ACC10;MGLU3;2;6566;6006;6005;11.40;74852.40;68468.40;68457.00;
;ACC06;BBAS3;2;7749;71;70;15.58;120729.42;1106.18;1090.60;
;ACC10;VALE3;1;1847;480;479;19.78;36533.66;9494.40;9474.62;
;ACC09;BBDC4;1;4544;4131;4130;14.82;67342.08;61221.42;61206.60;
;ACC10;LREN3;2;8935;5399;5398;14.57;130182.95;78663.43;78648.86;
;ACC05;ITUB4;1;3604;163;162;19.52;70350.08;3181.76;3162.24;
;ACC02;WEGE3;2;4146;4047;4046;16.75;69445.50;67787.25;67770.50;
;ACC07;ABEV3;2;6693;3548;3547;10.93;73154.49;38779.64;38768.71;
;ACC10;WEGE3;2;9221;6915;6914;17.28;159338.88;119491.20;119473.92;
;ACC08;ITUB4;1;6497;1182;1181;19.99;129875.03;23628.18;23608.19;
;ACC09;VALE3;1;7180;5067;5066;16.59;119116.20;84061.53;84044.94;
;ACC08;BBAS3;2;5196;3823;3822;11.93;61988.28;45608.39;45596.46;
;ACC07;VALE3;1;1549;326;325;13.17;20400.33;4293.42;4280.25;
;ACC01;BBDC4;1;9457;1826;1825;10.65;100717.05;19446.90;19436.25;
;ACC09;LREN3;1;6995;6755;6754;18.29;127938.55;123548.95;123530.66;
;ACC09;WEGE3;1;4198;1395;1394;11.00;46178.00;15345.00;15334.00;
;ACC06;BBDC4;1;8058;6377;6376;16.04;129250.32;102287.08;102271.04;
;ACC01;ITUB4;1;4095;2744;2743;19.71;80712.45;54084.24;54064.53;
;ACC09;BBDC4;1;2264;1688;1687;10.88;24632.32;18365.44;18354.56;
;ACC08;WEGE3;1;5745;3432;3431;18.01;103467.45;61810.32;61792.31;
;ACC03;VALE3;1;1209;753;752;16.83;20347.47;12672.99;12656.16;
;ACC03;MGLU3;1;2432;1266;1265;11.77;28624.64;14900.82;14889.05;
;ACC03;VALE3;1;5353;4405;4404;15.50;82971.50;68277.50;68262.00;
;ACC08;B3SA3;1;6721;1737;1736;17.17;115399.57;29824.29;29807.12;
;ACC01;ABEV3;2;1862;1742;1741;12.13;22586.06;21130.46;21118.33;
;ACC03;WEGE3;1;6176;5541;5540;12.61;77879.36;69872.01;69859.40;
;ACC07;PETR4;1;1226;352;351;11.67;14307.42;4107.84;4096.17;
;ACC05;MGLU3;2;4937;1156;1155;10.11;49913.07;11687.16;11677.05;
;ACC06;PETR4;2;7955;3789;3788;19.38;154167.90;73430.82;73411.44;
;ACC01;LREN3;1;6074;1746;1745;11.73;71248.02;20480.58;20468.85;
;ACC01;BBDC4;1;2998;2761;2760;12.62;37834.76;34843.82;34831.20;
;ACC09;WEGE3;1;5894;418;417;19.25;113459.50;8046.50;8027.25;
;ACC06;B3SA3;2;5263;1186;1185;13.61;71629.43;16141.46;16127.85;
;ACC08;MGLU3;1;7074;6669;6668;17.81;125987.94;118774.89;118757.08;
;ACC07;ABEV3;1;6642;4244;4243;14.69;97570.98;62344.36;62329.67;
;ACC03;BBAS3;2;1627;461;460;16.54;26910.58;7624.94;7608.40;
;ACC03;B3SA3;1;3036;1158;1157;10.79;32758.44;12494.82;12484.03;
;ACC04;B3SA3;2;3077;299;298;12.01;36954.77;3590.99;3578.98;
;ACC01;BBDC4;1;9497;6685;6684;15.89;150907.33;106224.65;106208.76;
;ACC08;BBDC4;1;3173;992;991;12.54;39789.42;12439.68;12427.14;
;ACC10;ITUB4;1;2431;532;531;12.83;31189.73;6825.56;6812.73;
;ACC09;B3SA3;2;9271;7290;7289;14.09;130628.39;102716.10;102702.01;
;ACC05;ITUB4;2;7360;6016;6015;18.56;136601.60;111656.96;111638.40;
;ACC10;PETR4;2;1175;420;419;10.89;12795.75;4573.80;4562.91;
;ACC06;VALE3;2;3587;1272;1271;19.08;68439.96;24269.76;24250.68;
;ACC02;BBDC4;1;2763;2693;2692;16.44;45423.72;44272.92;44256.48;
;ACC06;VALE3;1;4546;1412;1411;11.06;50278.76;15616.72;15605.66;
;ACC05;BBAS3;2;8166;5921;5920;13.09;106892.94;77505.89;77492.80;
;ACC01;BBAS3;1;5316;2157;2156;19.55;103927.80;42169.35;42149.80;
;ACC10;LREN3;1;7613;5620;5619;10.88;82829.44;61145.60;61134.72;
;ACC09;VALE3;2;4124;2430;2429;13.65;56292.60;33169.50;33155.85;
;ACC04;MGLU3;2;3581;3481;3480;18.66;66821.46;64955.46;64936.80;
;ACC02;MGLU3;1;8503;909;908;14.64;124483.92;13307.76;13293.12;
;ACC07;LREN3;1;2939;1416;1415;13.39;39353.21;18960.24;18946.85;
;ACC01;B3SA3;2;1586;469;468;13.40;21252.40;6284.60;6271.20;
;ACC01;BBAS3;2;4393;2797;2796;15.59;68486.87;43605.23;43589.64;
;ACC01;ITUB4;2;7872;5890;5889;16.54;130202.88;97420.60;97404.06;
;ACC09;ABEV3;1;6638;4154;4153;11.66;77399.08;48435.64;48423.98;
;ACC05;VALE3;2;9519;7947;7946;13.26;126221.94;105377.22;105363.96;
;ACC10;ITUB4;2;1942;1255;1254;16.27;31596.34;20418.85;20402.58;
;ACC06;WEGE3;2;3354;3291;3290;17.17;57588.18;56506.47;56489.30;
;ACC01;BBAS3;1;7084;7069;7068;10.46;74098.64;73941.74;73931.28;
